Customer_Age,Income_Category_enc,Card_Category_enc,Months_on_book,Months_Inactive_12_mon,Contacts_Count_12_mon,Credit_Limit,Total_Trans_Amt,Total_Trans_Ct,Avg_Utilization_Ratio,CLIENTNUM,actual_churn,churn_probability,risk_label
65,4,0,56,2,2,3226.0,3250,70,0.643,767114958,0,0.00019336892,Loyal
41,4,3,30,1,1,11463.0,14511,105,0.0,708123033,0,4.6967066e-06,Loyal
31,4,0,21,2,2,1677.0,3059,50,0.0,715424283,0,0.97898877,High Risk
51,1,0,36,1,1,1438.3,4425,81,0.325,717865008,0,3.4915678e-07,Loyal
51,4,0,41,2,3,1519.0,4927,73,0.756,710188308,0,4.4368862e-05,Loyal
45,1,3,36,2,2,18000.0,7149,86,0.102,716574033,0,8.245186e-05,Loyal
39,5,0,36,3,2,2751.0,4861,82,0.421,713183508,0,1.350368e-05,Loyal
49,4,0,39,2,0,4389.0,3598,75,0.224,718583133,0,2.1727649e-06,Loyal
58,0,0,52,1,0,32090.0,1368,30,0.0,783554958,0,7.7461984e-05,Loyal
63,4,0,56,2,2,7264.0,3527,69,0.117,714418158,0,5.881586e-05,Loyal
49,1,0,40,1,4,14973.0,4517,59,0.0,710061783,1,0.0063615,Loyal
60,3,0,51,3,4,26566.0,3103,65,0.095,716225433,0,0.00061361986,Loyal
61,5,0,54,1,3,9070.0,8440,102,0.231,788327358,0,0.00070796616,Loyal
48,3,0,36,4,2,2713.0,4220,79,0.811,714847983,0,2.067194e-06,Loyal
55,2,0,36,1,1,4370.0,4326,74,0.0,720031908,0,8.239827e-06,Loyal
55,5,0,42,3,3,2953.0,4644,79,0.642,713700258,0,5.9918602e-06,Loyal
26,4,0,13,3,2,2174.0,2510,44,0.696,721265883,0,0.0005229157,Loyal
39,0,0,36,3,3,34516.0,7866,63,0.073,715321008,1,0.99967575,High Risk
58,4,0,45,3,4,1942.0,1371,38,0.791,717831783,0,6.3824635e-05,Loyal
37,2,0,24,1,4,5335.0,1888,43,0.402,711480108,0,1.0371055e-05,Loyal
49,4,0,43,3,2,4852.0,3561,73,0.415,797638383,0,5.1170475e-05,Loyal
45,3,0,35,2,1,33755.0,3458,71,0.068,709950858,0,4.138326e-06,Loyal
31,4,0,36,2,3,6911.0,8123,71,0.364,717060858,1,0.85520774,High Risk
40,4,0,36,2,3,3569.0,7963,85,0.295,716045508,0,0.004348086,Loyal
60,3,0,48,5,3,28930.0,2251,27,0.0,787482033,1,0.9928203,High Risk
45,2,0,35,1,2,10699.0,5052,61,0.103,719601708,0,5.0274437e-05,Loyal
39,2,0,36,2,3,6929.0,1388,27,0.244,717683583,0,0.010138946,Loyal
57,4,0,52,3,3,2002.0,3735,73,0.593,813905508,0,4.0582336e-06,Loyal
45,3,0,39,3,3,1613.0,3549,65,0.0,769985883,0,0.0031917533,Loyal
45,3,0,32,2,2,24487.0,1512,42,0.103,718927533,0,0.011912418,Loyal
56,5,0,49,2,1,17542.0,13939,138,0.143,784868958,0,6.581573e-05,Loyal
48,2,0,37,2,3,7298.0,7973,88,0.345,787539333,0,0.0019525273,Loyal
49,3,0,39,3,2,2361.0,4316,78,0.568,789871233,0,2.4167753e-06,Loyal
49,4,0,45,3,1,5975.0,13090,102,0.342,826061508,0,0.0002113178,Loyal
59,5,0,49,3,2,9076.0,3048,53,0.0,716354883,1,0.62431735,Medium Risk
61,1,0,47,2,4,8633.0,2066,51,0.292,717678408,0,0.075695015,Loyal
54,3,0,46,2,3,1982.0,1377,49,0.65,715341858,0,1.0216044e-05,Loyal
40,3,0,30,2,2,29338.0,4983,40,0.005,713003358,1,0.99998033,High Risk
52,1,0,43,2,2,1981.0,3913,90,0.546,713374533,0,9.99573e-08,Loyal
33,4,0,24,1,2,6803.0,2603,47,0.337,709985133,0,0.00049430324,Loyal
36,5,0,23,1,0,1954.0,3896,67,0.603,771204108,0,4.0430327e-06,Loyal
48,4,3,36,2,2,14581.0,17628,109,0.173,713758758,0,0.00018766156,Loyal
48,5,0,40,2,2,11164.0,4227,67,0.077,709453833,0,1.6971424e-06,Loyal
42,3,0,33,2,2,32535.0,4374,79,0.0,713227233,0,2.5953765e-05,Loyal
52,0,0,34,2,3,11188.0,2109,47,0.0,714967233,1,0.9096916,High Risk
53,5,0,36,1,3,17054.0,4659,72,0.0,714358008,0,5.0067654e-05,Loyal
41,4,0,24,1,1,7207.0,13730,96,0.228,779514558,0,1.7089156e-06,Loyal
40,0,0,21,4,3,20056.0,1687,46,0.08,794498733,0,0.43564412,Medium Risk
46,5,0,40,3,4,2586.0,4481,77,0.491,793015083,0,3.2327696e-06,Loyal
30,4,0,19,1,2,1644.0,2533,44,0.0,789212883,1,0.99319553,High Risk
39,4,0,27,2,2,2283.0,4571,72,0.461,718677858,0,1.9871293e-06,Loyal
36,5,0,22,3,2,9817.0,4636,85,0.086,713675658,0,1.0861514e-05,Loyal
61,2,0,36,2,3,11236.0,4253,80,0.051,719523108,0,7.113259e-05,Loyal
52,4,0,44,5,3,2421.0,4219,69,0.955,708390633,0,8.9887835e-06,Loyal
52,0,0,43,2,3,34516.0,4313,82,0.022,715098333,0,1.9380755e-05,Loyal
35,2,0,18,2,3,2598.0,2483,59,0.633,712060158,0,0.00016620115,Loyal
47,1,0,34,1,3,1963.0,3492,59,0.776,716831508,0,3.6074734e-06,Loyal
46,4,0,36,3,2,6636.0,7023,86,0.362,778172583,0,0.00030564074,Loyal
41,1,0,32,1,2,14987.0,4470,83,0.095,789430083,0,1.4513498e-06,Loyal
31,4,3,36,3,5,12359.0,7528,70,0.0,709996833,1,0.99986327,High Risk
46,5,0,35,2,2,1438.3,4659,74,0.0,708890133,0,5.164198e-06,Loyal
48,2,0,30,3,2,14670.0,4221,83,0.13,773332908,0,4.9760847e-06,Loyal
35,0,0,30,3,4,34516.0,2350,55,0.029,715870758,0,0.06006966,Loyal
44,0,3,34,1,2,34516.0,7427,83,0.073,789363408,0,4.9137566e-06,Loyal
50,4,0,32,3,1,1438.3,4598,78,0.0,779118708,0,5.361615e-06,Loyal
47,3,0,36,1,3,9437.0,4715,78,0.214,710544033,0,2.8995537e-06,Loyal
42,3,0,36,2,3,10374.0,4240,63,0.058,717500133,0,0.00025598521,Loyal
49,5,0,42,3,3,3802.0,2003,43,0.41,712046808,1,0.9908915,High Risk
57,2,0,42,4,3,8377.0,1797,44,0.145,815484783,0,0.47657964,Medium Risk
41,5,3,34,3,3,34516.0,1487,26,0.059,713843283,0,0.0053253714,Loyal
53,4,0,42,1,5,2322.0,1573,27,0.553,717260058,0,0.0007982635,Loyal
29,4,0,23,3,4,4945.0,2743,69,0.0,773383158,0,2.8433187e-05,Loyal
37,1,0,25,3,4,5865.0,2623,47,0.429,711041508,0,0.4316662,Medium Risk
39,3,0,34,3,3,8823.0,1961,32,0.175,816843933,0,0.5679029,Medium Risk
38,1,0,36,3,4,9515.0,4642,61,0.0,715043508,0,0.887388,High Risk
60,4,0,51,3,3,6089.0,14112,123,0.22,717241233,0,0.00018194767,Loyal
41,3,1,28,2,0,34516.0,6932,87,0.061,717521508,0,4.715408e-06,Loyal
47,5,3,35,1,4,32444.0,3725,60,0.057,708331758,0,7.9899957e-07,Loyal
57,4,0,47,1,2,2504.0,4847,86,0.765,715571583,0,2.3688265e-06,Loyal
39,5,0,29,3,2,3358.0,1759,33,0.524,711146358,0,0.015254115,Loyal
47,3,0,41,1,3,3429.0,14107,99,0.519,789594108,0,1.7939026e-06,Loyal
43,2,0,25,3,3,1783.0,3861,81,0.569,779327733,0,6.255046e-06,Loyal
46,1,0,34,3,3,2168.0,4584,92,0.786,711391308,0,3.4729153e-06,Loyal
48,4,0,35,3,1,1438.3,4777,69,0.567,718994583,0,4.1252062e-07,Loyal
45,1,0,36,2,1,2948.0,3635,79,0.757,718212633,0,3.406841e-06,Loyal
65,4,0,36,2,3,4182.0,4046,57,0.0,711861258,0,0.0007529664,Loyal
32,3,0,36,1,2,25438.0,16485,104,0.075,718123608,0,2.7093347e-06,Loyal
44,3,0,36,3,2,2367.0,4506,59,0.678,718958583,1,0.00019415261,Loyal
34,4,0,23,3,2,8940.0,14459,97,0.17,772207683,0,4.738637e-05,Loyal
55,5,3,37,2,3,34516.0,8472,80,0.052,719629308,1,0.8575127,High Risk
50,4,0,42,3,0,1770.0,4940,94,0.964,708303108,0,8.209366e-08,Loyal
53,1,0,39,3,2,4930.0,4224,77,0.452,788957358,0,6.380833e-05,Loyal
62,2,0,36,1,3,3933.0,3048,54,0.0,708727983,0,0.0016539169,Loyal
49,1,0,41,3,2,2406.0,1173,32,0.648,714217908,0,0.0033883771,Loyal
39,4,0,23,3,3,2533.0,5128,74,0.0,708928908,0,0.00082854443,Loyal
44,2,0,34,2,5,21158.0,4071,67,0.0,712411908,0,0.00028976027,Loyal
55,0,3,42,3,2,34516.0,1268,42,0.044,771075258,0,0.016545424,Loyal
47,4,0,36,3,3,2677.0,2170,63,0.519,717866133,0,0.02241079,Loyal
30,4,0,36,1,1,2367.0,5568,90,0.515,713652783,0,8.551267e-07,Loyal
29,4,0,19,1,2,3261.0,2461,54,0.772,714076683,1,0.0011824488,Loyal
39,3,0,34,3,5,19074.0,3762,74,0.0,803963808,0,4.4887776e-05,Loyal
39,2,0,27,1,3,5341.0,1955,47,0.0,778968408,0,0.003951789,Loyal
51,4,0,36,2,3,1438.3,4323,70,0.0,720064158,0,1.6786147e-05,Loyal
42,2,0,23,3,1,3311.0,4559,80,0.254,778921908,0,4.8573656e-05,Loyal
27,4,0,13,2,2,1438.3,3855,73,0.688,770878458,0,7.400597e-07,Loyal
60,2,0,54,1,0,2759.0,1650,34,0.906,786087633,0,0.0001344854,Loyal
52,4,0,32,3,4,2427.0,3857,69,0.651,788752833,0,9.412941e-06,Loyal
63,2,0,56,2,4,7216.0,1734,38,0.322,766006758,0,0.008973072,Loyal
48,1,0,36,3,4,1593.0,4004,76,0.0,710342508,0,6.5148146e-05,Loyal
42,1,0,36,2,2,10531.0,14955,118,0.221,711422358,0,0.0012945628,Loyal
53,1,0,46,2,3,1438.3,2118,64,0.0,778574283,0,0.36688724,Loyal
46,5,0,36,3,4,2286.0,2798,40,0.0,709987683,1,0.9999949,High Risk
38,2,0,34,3,3,5323.0,1783,33,0.432,821168733,0,0.016771637,Loyal
55,5,0,42,5,3,1438.3,4956,72,0.0,717765183,0,6.905108e-05,Loyal
48,4,0,37,1,3,3413.0,3843,67,0.502,708723858,0,2.1266148e-06,Loyal
43,1,0,36,3,2,9633.0,14829,90,0.0,720618033,0,0.57652175,Medium Risk
55,5,0,36,3,2,17642.0,2148,54,0.105,718899708,0,0.15767455,Loyal
51,3,0,43,3,3,11862.0,4101,88,0.0,716437533,0,2.4404944e-06,Loyal
42,2,0,26,2,3,20803.0,4012,60,0.084,717491058,0,9.669744e-05,Loyal
41,4,0,36,3,2,2470.0,5011,61,0.634,711029358,0,0.00018317506,Loyal
57,0,0,36,2,4,23848.0,1591,43,0.082,716768808,0,0.017446294,Loyal
51,3,0,45,1,3,13287.0,3851,75,0.14,801056358,0,1.7989083e-06,Loyal
36,1,0,25,2,4,3645.0,4142,74,0.691,779210283,0,0.01026152,Loyal
41,2,0,31,1,3,8228.0,4933,68,0.235,718441308,0,1.5789743e-05,Loyal
34,2,0,26,3,3,5175.0,2405,49,0.189,713241033,0,0.00077107426,Loyal
48,4,0,36,3,2,9505.0,3616,68,0.251,711064008,0,3.7249636e-05,Loyal
52,0,0,41,3,1,31668.0,1822,36,0.026,772137183,1,0.38308728,Loyal
38,0,0,16,1,4,2106.0,2136,40,0.113,788739633,1,0.97475773,High Risk
53,3,0,36,2,1,3212.0,757,20,0.0,708953883,1,0.99993503,High Risk
45,1,0,36,1,3,3111.0,1998,41,0.736,716549058,0,0.0017798879,Loyal
36,1,0,32,5,2,2683.0,2373,73,0.571,824789283,0,6.0668976e-06,Loyal
49,2,0,40,4,2,8190.0,3529,84,0.21,788252358,0,3.7333161e-06,Loyal
41,3,0,36,2,2,1636.0,4695,73,0.603,819752133,0,6.490338e-06,Loyal
61,0,0,36,3,4,24172.0,1658,27,0.104,716944983,0,0.09785264,Loyal
42,1,0,36,1,0,9599.0,1154,38,0.162,716545383,0,1.7616178e-05,Loyal
35,3,0,28,2,2,11521.0,2260,68,0.1,720836808,0,5.7246194e-05,Loyal
41,2,3,35,3,2,33889.0,14954,112,0.035,783361533,0,5.84348e-05,Loyal
53,0,0,42,1,4,8329.0,1570,56,0.105,710893533,0,7.3689756e-07,Loyal
43,1,0,36,1,4,3186.0,1531,37,0.775,709793133,0,0.0016567332,Loyal
55,0,0,46,3,2,16828.0,4939,63,0.15,716609433,1,0.050225247,Loyal
52,4,0,36,3,3,2566.0,2340,36,0.42,715222533,1,0.9014634,High Risk
36,4,0,22,3,1,2784.0,2021,57,0.854,713597658,1,0.005685349,Loyal
42,4,0,28,2,3,5471.0,5103,94,0.46,720837708,0,0.00012181595,Loyal
59,1,0,53,2,0,1438.3,4457,79,0.0,786546783,0,2.10247e-05,Loyal
65,5,0,46,3,2,1438.3,4022,61,0.0,778747608,0,1.6545666e-05,Loyal
52,0,0,46,2,4,8596.0,4017,80,0.235,801385458,0,3.967686e-06,Loyal
54,4,0,45,2,2,1990.0,5216,87,0.878,720844008,0,3.127964e-06,Loyal
50,3,3,43,3,3,34516.0,9045,72,0.013,754443033,1,0.99978226,High Risk
39,4,0,29,2,4,1438.3,4222,65,0.66,799486158,0,3.7529278e-06,Loyal
57,0,0,51,3,1,10711.0,1180,29,0.184,798140283,0,0.0051325965,Loyal
62,3,0,51,2,3,5711.0,4320,72,0.0,772036233,0,0.0029985812,Loyal
44,5,0,35,1,2,6273.0,1359,25,0.156,711427458,0,2.3950446e-05,Loyal
55,2,0,36,2,3,4666.0,1281,28,0.273,712727283,0,0.0008707635,Loyal
61,4,0,49,2,3,1438.3,840,20,0.0,710754933,1,0.9997135,High Risk
56,5,0,47,1,2,1822.0,4576,78,0.614,709938708,0,3.649231e-07,Loyal
42,3,0,36,2,2,18085.0,1582,47,0.082,710831133,0,0.0004109306,Loyal
48,0,0,35,2,6,34516.0,1632,44,0.0,715570533,1,0.9956162,High Risk
42,3,0,26,2,3,8480.0,4070,76,0.158,794576058,0,7.3399706e-06,Loyal
44,4,0,38,2,4,3242.0,1424,37,0.246,786557358,0,0.20390564,Loyal
38,4,0,18,3,2,2193.0,1799,47,0.575,708212658,0,0.0010014871,Loyal
52,4,0,47,4,2,2577.0,5021,75,0.341,818993508,0,1.031317e-05,Loyal
34,4,0,25,1,2,2689.0,4237,79,0.602,718466883,0,2.0666559e-05,Loyal
44,1,0,25,2,3,3299.0,4312,84,0.763,717085983,0,1.3561082e-05,Loyal
29,1,0,36,1,3,1438.3,2144,41,0.0,709986633,0,0.00701909,Loyal
52,4,0,37,3,4,1717.0,3004,46,0.0,779348358,1,0.99706036,High Risk
45,4,0,34,1,2,2030.0,5067,88,0.625,752944533,0,5.841823e-08,Loyal
42,5,0,34,2,2,19373.0,1792,48,0.059,712340733,0,0.018584445,Loyal
42,4,0,37,3,4,8017.0,3042,55,0.0,814459833,0,0.002339467,Loyal
41,2,0,28,3,0,5841.0,3817,81,0.422,718373658,0,1.24413245e-05,Loyal
39,0,3,26,2,2,34516.0,1689,42,0.073,771359958,0,0.04924086,Loyal
45,4,0,33,3,2,9977.0,3530,61,0.209,779198133,0,0.00015553027,Loyal
42,4,0,30,3,3,8325.0,8198,90,0.0,788618208,0,0.9832427,High Risk
37,3,0,17,3,2,4631.0,2864,37,0.43,712288158,0,0.040672876,Loyal
37,2,0,28,3,2,6407.0,9322,77,0.075,711838008,1,0.75472796,High Risk
33,2,0,13,3,3,1963.0,1378,37,0.877,710202783,0,0.061342318,Loyal
54,5,0,43,3,2,5839.0,1640,44,0.365,771976683,0,0.018839978,Loyal
46,3,0,33,1,1,2371.0,4460,78,0.737,716176683,0,1.4856539e-07,Loyal
61,4,0,50,1,2,8604.0,4705,65,0.125,711278283,0,0.053349636,Loyal
52,2,0,42,3,1,4565.0,4139,67,0.276,715019883,0,1.5151933e-05,Loyal
60,4,0,51,1,2,2230.0,4929,61,0.805,720292983,0,0.00015059958,Loyal
48,3,0,36,4,1,22067.0,3577,64,0.031,716498883,0,1.0337336e-06,Loyal
38,4,0,36,3,1,1946.0,4643,87,0.735,713798958,0,4.7884455e-06,Loyal
43,5,0,33,3,4,14622.0,4632,67,0.0,716939358,0,0.0184747,Loyal
62,2,0,51,2,4,18734.0,2112,52,0.0,709005633,1,0.7017841,High Risk
41,3,0,35,2,1,8376.0,4142,67,0.139,795573333,0,5.0299564e-06,Loyal
56,2,0,43,2,3,10602.0,14084,91,0.102,771069033,0,2.3690165e-05,Loyal
44,5,0,38,1,2,5366.0,4558,56,0.18,801709308,0,0.013232643,Loyal
55,2,0,36,1,4,4712.0,4277,66,0.407,716345283,0,7.721863e-06,Loyal
43,3,0,36,3,2,34516.0,4192,73,0.03,714835833,0,2.7133243e-05,Loyal
45,1,0,34,1,3,13129.0,2564,56,0.069,779783508,0,1.4057769e-05,Loyal
49,2,1,45,3,1,34516.0,7711,80,0.026,825767658,0,0.01566828,Loyal
50,1,0,41,3,3,1694.0,2349,42,0.283,717575958,1,0.99996233,High Risk
48,1,0,36,3,2,9617.0,4247,76,0.212,720753183,0,0.00012428484,Loyal
42,4,0,30,2,1,1531.0,4373,67,0.645,711766758,0,4.803479e-06,Loyal
52,4,0,41,2,2,5616.0,3410,62,0.429,711397533,0,0.00013684675,Loyal
53,4,0,46,4,3,3424.0,4485,61,0.389,767058183,0,6.782352e-05,Loyal
52,4,0,37,2,2,1554.0,4997,79,0.596,788864508,0,1.2384836e-06,Loyal
49,0,0,29,2,2,18284.0,4846,92,0.063,778377183,0,5.547072e-06,Loyal
38,2,0,36,3,2,2584.0,1843,28,0.0,710844408,0,0.23854987,Loyal
32,4,0,36,3,3,8135.0,8620,67,0.0,714919308,1,0.99996066,High Risk
45,4,0,36,3,2,3387.0,510,24,0.0,708874533,1,0.9991604,High Risk
51,1,0,31,2,2,2768.0,4275,78,0.48,778356408,0,1.22073e-06,Loyal
54,4,0,48,3,2,4597.0,3507,68,0.286,769035933,0,9.352071e-05,Loyal
30,4,0,17,1,3,4704.0,3294,87,0.0,771228183,0,1.389137e-05,Loyal
65,4,0,55,3,0,2022.0,4623,65,0.0,772539558,0,8.8154506e-05,Loyal
37,1,0,29,2,6,2547.0,2160,46,0.771,714045783,1,0.6281252,Medium Risk
42,3,0,37,3,4,19366.0,3627,66,0.082,809797158,0,2.5005404e-05,Loyal
46,1,0,38,2,3,2505.0,4384,80,0.0,719531133,0,0.00021525314,Loyal
51,0,0,36,1,1,3168.0,4674,71,0.678,719192808,0,4.8503034e-07,Loyal
39,0,0,25,3,2,5764.0,1972,38,0.265,720662508,0,0.0042247837,Loyal
52,5,0,48,5,2,1438.3,5053,74,0.536,820848408,0,6.4064984e-08,Loyal
41,1,3,33,1,2,18266.0,14615,124,0.045,712412958,0,3.1000664e-06,Loyal
43,5,0,31,3,1,2692.0,4622,73,0.757,778984383,0,4.61545e-06,Loyal
57,1,0,49,2,2,3301.0,3939,69,0.762,712865583,0,0.00023032812,Loyal
53,3,0,48,1,0,9517.0,1453,26,0.196,819997983,0,2.9314642e-05,Loyal
41,2,0,30,3,2,9428.0,1457,43,0.187,718301508,0,0.006502797,Loyal
54,2,0,43,3,4,2240.0,1518,36,0.705,789197508,0,0.00017690969,Loyal
43,4,0,38,1,2,3220.0,13339,90,0.0,809459733,0,0.0014642174,Loyal
60,2,3,55,5,3,34516.0,14954,95,0.048,813901458,0,0.0015696455,Loyal
57,0,0,46,3,4,31762.0,1515,36,0.079,772360683,0,0.034260713,Loyal
42,2,0,26,3,2,11761.0,4946,73,0.151,779725833,0,0.00018694451,Loyal
40,5,0,33,2,2,2392.0,4309,86,0.472,712996833,0,2.0469143e-07,Loyal
48,1,0,31,3,4,14899.0,1519,26,0.0,779681433,1,0.986316,High Risk
42,2,0,34,1,1,2289.0,4955,83,0.522,787591008,0,4.1119137e-08,Loyal
38,3,0,26,1,3,32866.0,3788,76,0.064,712642533,0,1.8359606e-07,Loyal
45,2,0,33,1,3,7552.0,1393,32,0.0,721051908,0,0.0010371454,Loyal
57,4,0,36,2,3,3542.0,4127,71,0.682,715503558,0,0.0007384602,Loyal
45,4,0,33,3,3,3855.0,3885,83,0.308,709841433,0,1.119909e-05,Loyal
63,4,0,36,2,4,2743.0,1210,25,0.662,710424408,0,0.00018554888,Loyal
38,4,0,28,3,4,3311.0,14470,103,0.47,709592808,0,4.835496e-05,Loyal
33,4,0,25,2,2,2307.0,2440,48,0.6,788038383,0,0.0829776,Loyal
54,4,0,36,5,3,1594.0,1459,35,0.885,714363858,0,0.041233458,Loyal
43,4,0,38,2,2,2655.0,4025,62,0.621,815015283,0,8.0501246e-05,Loyal
51,4,0,38,3,2,1759.0,4351,81,0.765,771336783,0,2.1548533e-06,Loyal
45,5,0,38,2,3,3120.0,2468,43,0.807,738899658,1,0.99982905,High Risk
57,3,0,51,2,4,30622.0,3600,66,0.0,796170933,0,9.001614e-05,Loyal
47,4,0,37,3,3,3189.0,4805,76,0.584,720992883,0,4.3495336e-05,Loyal
45,4,0,36,2,3,7231.0,15571,115,0.145,712238958,0,3.721484e-05,Loyal
52,4,0,36,1,2,1986.0,7249,86,0.71,718530258,0,1.8503634e-06,Loyal
61,3,0,50,4,3,21398.0,3119,53,0.0,711794358,1,0.16925827,Loyal
45,5,0,36,1,3,8103.0,5221,82,0.0,716366208,0,0.00015113356,Loyal
37,2,3,31,3,3,28831.0,8688,69,0.087,770038983,1,0.9976847,High Risk
45,5,0,34,3,2,3024.0,14220,108,0.607,709937583,0,2.6914651e-05,Loyal
43,0,3,24,2,0,34516.0,1215,45,0.056,787623858,0,1.4189659e-05,Loyal
52,4,0,44,2,2,2019.0,3603,59,0.491,711676008,0,2.5448826e-05,Loyal
46,4,0,36,3,2,4065.0,2899,51,0.619,812218908,1,0.99951255,High Risk
44,4,0,34,1,2,2406.0,4625,91,0.62,720281508,0,7.7017255e-08,Loyal
42,4,0,36,2,1,2344.0,3889,80,0.461,721139808,0,1.5402416e-06,Loyal
49,1,0,36,2,2,5918.0,1292,26,0.142,709990983,0,0.005313105,Loyal
36,5,0,26,2,2,8621.0,1989,37,0.145,718244958,0,0.0014644823,Loyal
46,5,3,39,1,2,32587.0,15958,113,0.03,756639708,0,2.3195116e-06,Loyal
35,4,0,36,3,3,2311.0,4730,89,0.529,718645308,0,5.697047e-07,Loyal
62,5,3,51,1,4,33371.0,3638,67,0.0,717389433,0,0.0014352895,Loyal
42,4,0,24,2,3,4304.0,1788,36,0.0,779310033,1,0.6087956,Medium Risk
55,0,0,42,2,1,8302.0,1576,34,0.303,717192933,0,0.00025482874,Loyal
39,3,3,28,1,3,34516.0,8453,90,0.058,718379358,0,0.00038647346,Loyal
49,2,3,32,2,3,25620.0,3503,66,0.043,779661033,0,2.842856e-06,Loyal
57,0,0,47,4,2,9272.0,4649,89,0.106,715880283,0,0.0002575127,Loyal
33,4,0,25,3,4,6193.0,2456,69,0.112,719469333,0,1.0142751e-05,Loyal
50,2,0,34,1,1,18142.0,15427,95,0.0,708974283,0,3.3529484e-06,Loyal
41,4,0,31,2,1,2515.0,4388,67,0.703,789859833,0,1.3181249e-06,Loyal
54,1,0,44,5,3,4216.0,13787,121,0.306,772339383,0,0.0018471288,Loyal
43,0,0,36,1,3,34516.0,7360,82,0.05,716319258,0,0.000971753,Loyal
44,3,0,25,2,3,25256.0,2048,40,0.038,720330558,1,0.9550645,High Risk
41,4,0,31,3,1,7531.0,7768,92,0.225,789827208,0,2.4326859e-05,Loyal
41,1,0,32,2,4,10266.0,1720,42,0.135,751450008,0,0.33756974,Loyal
43,1,0,32,2,2,7139.0,14802,112,0.212,789791808,0,0.00020523417,Loyal
50,2,0,45,2,2,10344.0,1617,47,0.123,717321783,0,4.1226824e-05,Loyal
40,5,0,25,2,1,25060.0,3749,61,0.0,712549758,0,0.0002104169,Loyal
44,4,0,30,3,3,4539.0,2960,67,0.452,712470033,0,0.020464998,Loyal
36,4,0,28,1,2,2226.0,2660,62,0.722,719291283,0,1.997598e-05,Loyal
44,0,0,31,1,3,6176.0,15102,95,0.147,720413658,0,4.516047e-06,Loyal
56,4,0,36,2,2,3864.0,1470,42,0.428,709230708,0,0.008974434,Loyal
45,4,0,35,3,3,2745.0,2466,39,0.897,708384033,1,0.9999958,High Risk
52,4,0,36,2,3,2111.0,4459,72,0.0,715029333,0,0.0010209613,Loyal
62,5,3,49,1,2,30310.0,3703,91,0.0,771040758,0,4.222715e-05,Loyal
40,4,0,26,1,2,7291.0,2198,56,0.345,711635358,0,0.000948686,Loyal
55,1,0,46,2,2,6725.0,1865,53,0.301,716604633,0,0.00014617809,Loyal
41,3,0,32,3,3,10130.0,4002,66,0.143,716438433,0,0.0001223357,Loyal
42,4,0,36,3,1,2190.0,5026,77,0.593,711216933,0,3.318848e-06,Loyal
53,0,1,43,1,3,34516.0,7758,98,0.071,713916708,0,9.691446e-06,Loyal
32,3,3,20,3,3,34516.0,14667,119,0.062,710106933,0,0.00019486721,Loyal
50,4,0,45,2,3,1780.0,4630,73,0.502,806189658,0,9.454869e-07,Loyal
50,5,0,36,3,2,2521.0,1328,33,0.638,770632758,0,0.0010838081,Loyal
53,0,0,42,2,2,22664.0,4586,89,0.0,789238683,0,4.8062753e-05,Loyal
35,5,0,29,2,3,1438.3,2549,56,0.0,711873033,1,0.31385285,Loyal
48,1,0,36,3,2,3786.0,3403,70,0.0,720384633,0,0.000729812,Loyal
37,1,0,36,3,1,2407.0,4983,86,0.645,712181658,0,6.391361e-06,Loyal
33,4,0,26,1,3,3616.0,3133,72,0.0,714957108,0,0.00012122036,Loyal
63,5,0,36,3,2,7108.0,3787,68,0.084,720247158,0,1.8712946e-05,Loyal
50,3,0,39,3,2,21322.0,8693,91,0.104,772313358,0,0.0019097214,Loyal
47,4,0,41,2,2,2092.0,5124,70,0.753,803652633,0,4.454699e-06,Loyal
57,4,0,45,4,2,1759.0,2705,35,0.106,771422883,1,0.9999933,High Risk
50,4,0,41,2,2,2563.0,3774,83,0.726,718009158,0,1.0849766e-07,Loyal
35,2,0,22,3,3,8717.0,2067,59,0.082,712612233,0,0.00062717224,Loyal
38,1,0,30,2,1,2232.0,4185,80,0.521,709901058,0,7.3818404e-07,Loyal
52,0,0,36,3,5,31945.0,3650,62,0.05,716682258,0,4.9911338e-05,Loyal
38,4,0,26,1,3,2652.0,3691,58,0.941,711478233,0,0.0059337122,Loyal
47,2,0,36,3,2,17656.0,4633,71,0.0,720040158,0,0.00010648256,Loyal
51,4,0,37,3,4,4402.0,3325,76,0.158,720212508,0,0.000120957666,Loyal
48,4,0,31,2,2,9816.0,3489,81,0.0,787605558,0,8.9872294e-05,Loyal
63,5,0,54,3,2,11827.0,1395,37,0.0,780557658,0,0.0147999115,Loyal
46,4,0,33,3,2,3025.0,4460,62,0.823,709952658,0,0.00025133413,Loyal
48,4,0,42,2,1,2214.0,5084,82,0.463,793379058,0,2.8330967e-07,Loyal
40,5,0,29,3,3,13126.0,4496,61,0.0,716971833,0,0.010588627,Loyal
52,3,0,36,3,3,1857.0,829,17,0.987,720997383,1,0.9994241,High Risk
45,3,0,41,2,2,32426.0,1109,28,0.018,827111283,0,0.0006344537,Loyal
55,3,0,43,2,3,24884.0,5107,53,0.0,769396158,1,0.99576855,High Risk
54,4,0,49,1,2,2598.0,4692,86,0.517,820085808,0,1.8555006e-07,Loyal
36,1,1,23,1,3,23981.0,15236,120,0.0,780349833,0,7.5162796e-05,Loyal
39,4,0,31,2,1,1862.0,5105,79,0.39,715964058,0,1.0550061e-06,Loyal
36,4,0,25,1,2,2999.0,2017,40,0.416,771903033,0,0.00020974084,Loyal
49,3,0,43,3,3,2384.0,3512,50,0.805,802668333,1,0.023144552,Loyal
45,4,0,37,2,2,6091.0,3340,60,0.0,718504983,0,0.0014618336,Loyal
38,5,0,36,1,2,1438.3,4583,67,0.508,714882258,0,5.040906e-07,Loyal
31,4,0,36,3,2,3312.0,2670,50,0.752,714211533,0,0.46146172,Medium Risk
42,1,0,27,3,1,2437.0,8028,77,0.705,720198183,0,1.3490665e-05,Loyal
33,2,0,28,3,4,2618.0,3319,86,0.692,803587533,0,1.2352405e-07,Loyal
27,4,0,19,1,3,4255.0,2236,57,0.411,720050208,0,0.0017523859,Loyal
55,1,0,42,3,2,2873.0,4563,72,0.855,771058908,0,8.911108e-05,Loyal
38,4,0,29,3,2,3590.0,1472,37,0.536,708971583,0,0.0006434589,Loyal
56,4,0,39,2,3,8767.0,8066,79,0.192,788812608,0,0.2393893,Loyal
43,1,0,38,3,2,7599.0,4401,71,0.145,805282908,0,0.00044768336,Loyal
60,4,0,47,2,2,9634.0,14218,102,0.215,717403158,0,0.00038050217,Loyal
30,4,0,36,2,4,5061.0,1309,38,0.0,718418958,1,0.023795908,Loyal
53,1,0,39,3,3,2164.0,4341,69,0.515,721374033,0,5.3172175e-06,Loyal
47,0,3,35,3,4,34516.0,14738,113,0.048,710849208,0,0.00033118515,Loyal
33,4,0,21,1,4,1475.0,1896,33,0.668,771823308,0,0.0016778981,Loyal
46,4,3,36,3,1,13427.0,4266,63,0.112,719019483,0,1.6257587e-05,Loyal
50,4,0,44,2,1,3222.0,4613,72,0.441,769927533,0,3.398856e-05,Loyal
48,4,0,35,3,1,2216.0,4763,83,0.569,718951683,0,7.0459515e-07,Loyal
42,5,0,36,3,1,2782.0,4669,93,0.641,709666908,0,1.615553e-06,Loyal
37,1,0,36,3,1,2886.0,4531,81,0.762,719857008,0,3.3135355e-05,Loyal
41,5,0,21,3,1,14746.0,14771,127,0.0,788709408,0,0.00024319344,Loyal
44,4,0,36,3,4,8685.0,2473,56,0.0,710641008,0,0.3103026,Loyal
47,0,0,42,3,2,8856.0,5072,77,0.162,815812683,0,0.0001686965,Loyal
59,4,0,51,5,3,1438.3,2589,49,0.0,717624708,1,0.9994178,High Risk
56,0,0,46,3,2,5270.0,16179,105,0.148,789398733,0,8.6207976e-05,Loyal
40,4,0,24,2,1,4212.0,2725,41,0.598,716136333,1,0.9990207,High Risk
48,4,0,41,2,3,2168.0,2499,38,0.61,715162608,1,0.9916471,High Risk
51,3,0,33,3,1,34516.0,7854,89,0.036,710822808,0,0.00047084395,Loyal
44,3,0,35,3,4,18358.0,3920,85,0.057,714147858,0,4.6509704e-06,Loyal
50,4,0,43,3,4,3424.0,4929,74,0.0,767333808,0,0.0012142019,Loyal
52,1,3,42,3,2,19220.0,4642,81,0.0,719654283,0,0.0009383605,Loyal
53,3,0,46,6,3,17190.0,15055,117,0.101,766273533,0,3.05022e-05,Loyal
42,4,0,31,1,2,3476.0,4364,88,0.201,779601783,0,3.6729415e-07,Loyal
49,4,1,38,2,2,15016.0,7685,84,0.134,711370458,0,0.00046285545,Loyal
43,2,0,34,1,3,13553.0,8751,94,0.107,715519983,0,1.9092704e-05,Loyal
49,4,1,30,3,2,15987.0,4146,69,0.0,788782008,0,0.0002920172,Loyal
57,4,0,29,1,1,8801.0,1104,31,0.161,787595658,0,0.0067409943,Loyal
45,2,0,38,2,3,6895.0,8778,85,0.336,758211483,0,0.92286354,High Risk
48,5,0,40,3,3,2300.0,4538,71,0.829,710637183,0,3.8041602e-05,Loyal
53,4,0,48,6,3,2370.0,2164,45,0.492,712144158,1,0.42670372,Medium Risk
43,5,3,36,3,4,34516.0,3639,76,0.055,715378383,0,2.1755682e-06,Loyal
40,1,0,27,2,3,2208.0,2659,56,0.0,771061008,1,0.99436486,High Risk
49,1,0,40,2,3,8900.0,4710,70,0.191,719583558,0,0.000106934356,Loyal
45,5,0,40,4,0,2557.0,4808,83,0.742,810986883,0,1.2559724e-07,Loyal
42,5,0,24,1,3,4568.0,4869,85,0.443,788797983,0,6.1624094e-05,Loyal
28,4,0,23,1,3,3818.0,2947,87,0.153,815104608,0,2.0139764e-06,Loyal
46,4,0,36,2,2,3759.0,15331,106,0.0,715369008,0,0.0006361109,Loyal
46,4,0,37,1,0,9013.0,3819,71,0.0,713418558,0,1.0266788e-07,Loyal
47,1,0,39,2,2,3471.0,14381,115,0.0,708332808,0,0.00034558796,Loyal
65,4,0,56,2,0,7023.0,2535,51,0.246,719729433,0,0.00555321,Loyal
50,4,0,37,5,2,1438.3,4457,69,0.524,789022233,0,1.8560169e-08,Loyal
54,4,0,36,1,4,3666.0,4735,84,0.474,714234858,0,1.1752384e-06,Loyal
60,1,0,41,2,4,2425.0,1522,36,0.0,709170108,1,0.77816063,High Risk
49,4,0,33,2,3,2097.0,4148,71,0.596,779727558,0,7.2508824e-06,Loyal
35,2,0,36,1,4,19671.0,13908,124,0.047,708245808,0,7.186419e-06,Loyal
52,4,0,42,3,3,3103.0,4641,80,0.811,778255083,0,6.8696085e-05,Loyal
44,2,0,36,2,1,7317.0,5082,86,0.131,718755483,0,1.4210417e-06,Loyal
38,3,0,25,2,4,5768.0,9867,78,0.0,712627083,1,0.9982339,High Risk
62,1,0,49,1,1,1540.0,3714,56,0.517,788990508,0,7.1551945e-06,Loyal
42,4,0,36,2,1,9778.0,3413,66,0.22,804437658,0,3.8599585e-05,Loyal
45,2,0,25,5,1,12399.0,7855,82,0.118,778430733,0,5.98684e-06,Loyal
50,0,3,45,3,3,34516.0,2573,55,0.0,808747233,1,0.9049281,High Risk
42,4,0,36,2,2,2803.0,2216,40,0.0,710555433,1,0.99971336,High Risk
45,1,0,27,2,1,3670.0,8608,100,0.459,708826158,0,2.676701e-05,Loyal
45,1,0,36,1,2,2667.0,4883,85,0.582,717023508,0,2.8135005e-07,Loyal
30,4,0,36,3,6,4541.0,7996,80,0.0,719694408,1,0.99981445,High Risk
31,4,0,20,3,2,3480.0,2807,65,0.208,710014683,0,0.0061057257,Loyal
48,1,0,43,1,3,2866.0,4615,72,0.321,815596608,0,5.412155e-06,Loyal
48,4,0,36,3,2,4073.0,2059,43,0.618,712721358,1,0.99820817,High Risk
36,4,0,36,5,3,2786.0,2853,55,0.584,716870583,0,0.000987623,Loyal
44,3,0,29,1,2,8315.0,4088,66,0.121,780076833,0,3.6967532e-07,Loyal
39,4,0,33,2,2,1438.3,5205,78,0.464,793616883,0,2.0729614e-07,Loyal
54,3,3,42,1,2,34516.0,4401,87,0.072,789105183,0,4.059786e-06,Loyal
45,4,0,40,3,2,2705.0,4501,67,0.493,817970208,0,3.0671497e-05,Loyal
43,4,0,27,3,3,1438.3,2137,40,0.0,779844408,1,0.98759604,High Risk
32,2,0,24,2,2,4116.0,1657,38,0.297,719206308,0,1.8626559e-05,Loyal
45,4,0,33,3,3,2288.0,4504,87,0.546,721269108,0,8.745926e-07,Loyal
44,1,0,33,2,3,4589.0,1637,61,0.27,772139433,0,0.0011691917,Loyal
53,4,0,44,3,3,1473.0,2836,48,0.0,717042333,1,0.99997187,High Risk
36,2,0,17,2,3,3092.0,2883,61,0.59,710273658,0,0.0006526501,Loyal
51,5,0,36,3,4,5062.0,4243,102,0.328,716626008,0,3.7502339e-06,Loyal
35,1,0,36,1,4,7234.0,4272,83,0.276,716230158,0,3.031569e-07,Loyal
43,1,0,36,1,3,2936.0,1572,57,0.81,713010483,0,1.1535162e-05,Loyal
48,2,0,36,1,3,11770.0,3280,70,0.154,711220683,0,4.7349506e-08,Loyal
43,0,0,34,3,4,33913.0,4160,76,0.0,721398858,0,0.00056253566,Loyal
42,2,0,31,3,4,2934.0,2484,55,0.858,779400183,0,0.12735313,Loyal
45,1,0,36,2,4,9569.0,1724,35,0.0,789964983,1,0.82466966,High Risk
50,1,0,36,1,2,2295.0,2245,47,0.556,715102308,0,0.0025406312,Loyal
29,2,0,20,2,3,8592.0,1842,50,0.14,712730583,0,0.00028377378,Loyal
47,2,0,34,2,3,4592.0,1772,52,0.356,718870158,0,0.0038353228,Loyal
39,2,0,36,2,4,4759.0,2903,57,0.307,719484408,0,0.0060576745,Loyal
40,1,0,28,1,1,3563.0,1482,42,0.479,720244983,0,4.71907e-05,Loyal
58,3,0,52,2,4,3091.0,1844,49,0.814,781306758,1,0.00087430567,Loyal
55,4,0,37,3,3,2376.0,4301,79,0.829,779412783,0,2.3189807e-06,Loyal
27,0,0,17,2,2,8713.0,2094,36,0.155,721217283,0,0.004933814,Loyal
35,4,0,30,3,1,4549.0,1914,33,0.262,815062383,0,0.0025436238,Loyal
46,5,0,36,3,0,6990.0,4861,77,0.125,714155283,0,4.6311632e-07,Loyal
40,4,0,32,3,0,2107.0,4858,73,0.447,716981358,0,3.9401107e-06,Loyal
44,5,0,40,1,1,7212.0,5169,82,0.14,824915208,0,1.832696e-06,Loyal
44,4,0,36,4,6,2279.0,2789,52,0.806,708498033,1,0.99886394,High Risk
51,4,0,39,3,0,8148.0,4124,87,0.086,716860233,0,7.627535e-08,Loyal
58,4,0,39,4,3,4608.0,1535,31,0.234,709839858,0,0.43229404,Medium Risk
51,5,0,42,4,4,9989.0,2053,49,0.057,713144208,1,0.8296219,High Risk
45,4,3,36,2,3,13026.0,14747,100,0.061,708573933,0,7.9846504e-05,Loyal
40,5,0,30,2,3,1438.3,2258,59,0.0,712579983,0,0.8550016,High Risk
40,1,0,33,3,3,6884.0,975,11,0.145,790099758,0,0.8895581,High Risk
52,2,0,36,3,4,14785.0,4354,70,0.074,711305208,0,3.8879325e-06,Loyal
38,1,0,28,2,2,1628.0,2527,41,0.0,720062508,1,0.99991155,High Risk
38,4,0,28,4,3,1438.3,4815,81,0.0,708205083,0,3.2607543e-06,Loyal
60,1,0,50,4,3,1438.3,702,12,0.713,772336458,1,0.9998596,High Risk
43,2,0,30,2,4,11550.0,3891,76,0.13,710986758,0,5.014621e-07,Loyal
51,4,0,40,3,2,1438.3,4653,74,0.631,789271533,0,6.0005306e-07,Loyal
39,4,0,36,2,2,4366.0,15451,127,0.428,711360783,0,0.00010338379,Loyal
56,4,0,36,2,2,2802.0,2371,46,0.805,714035283,1,0.6142969,Medium Risk
47,2,0,32,5,2,3842.0,14751,107,0.407,720415833,0,1.0811001e-05,Loyal
44,3,3,25,1,1,34516.0,14335,116,0.057,778873608,0,1.2281521e-06,Loyal
41,3,0,28,1,3,34516.0,13083,93,0.047,718661958,0,2.3489609e-05,Loyal
35,4,0,36,1,3,2664.0,3135,59,0.0,719026383,0,9.309309e-05,Loyal
38,1,0,20,1,3,11068.0,3812,64,0.113,710229333,0,0.0001142281,Loyal
40,1,0,32,1,2,2526.0,3596,69,0.912,720437358,0,5.076281e-06,Loyal
33,3,0,28,2,2,22399.0,2390,62,0.064,811467708,0,9.3752154e-05,Loyal
55,5,0,39,3,3,11249.0,3882,55,0.179,778933983,0,0.00084980257,Loyal
32,2,3,36,3,1,33711.0,14880,134,0.043,719413383,0,0.00038128012,Loyal
30,4,0,18,1,1,4203.0,7292,68,0.237,718252533,1,0.1317932,Loyal
52,4,0,36,1,2,2537.0,4964,84,0.432,718188858,0,1.1794207e-06,Loyal
43,2,0,38,3,5,1438.3,2389,49,0.0,711382458,1,0.9954797,High Risk
48,0,0,40,3,3,30210.0,7403,88,0.064,721212258,0,0.00035973405,Loyal
50,2,0,43,2,1,23223.0,7358,87,0.027,717600483,0,0.0008956097,Loyal
37,1,0,30,4,3,3417.0,1641,32,0.737,761544333,0,0.27821046,Loyal
45,1,3,40,2,2,15785.0,8097,105,0.074,809425533,0,1.2729522e-05,Loyal
49,3,0,36,3,3,24256.0,4269,69,0.044,709678608,0,1.707926e-05,Loyal
55,1,0,35,1,4,3065.0,3524,69,0.0,713151258,0,3.0377056e-05,Loyal
36,4,0,36,3,1,6116.0,2369,56,0.412,715345833,0,0.04134694,Loyal
44,1,0,25,3,2,4210.0,4248,65,0.0,720776508,0,0.003526646,Loyal
50,1,0,40,3,3,3367.0,5657,91,0.519,720689583,0,4.4155535e-05,Loyal
53,2,0,47,3,0,13848.0,1773,38,0.1,801728658,0,0.00081029936,Loyal
52,2,0,36,3,2,23712.0,16258,115,0.093,718979733,0,4.3533433e-05,Loyal
44,5,0,36,3,1,28292.0,3948,60,0.0,721163133,0,0.0003756729,Loyal
46,5,0,39,1,2,6644.0,4659,76,0.313,710595783,0,2.7069923e-06,Loyal
43,2,0,35,3,2,5652.0,3710,70,0.097,714781908,0,2.4277355e-05,Loyal
46,1,3,40,3,1,16239.0,3838,48,0.092,709618308,0,0.107386254,Loyal
49,4,0,39,1,4,7232.0,4337,71,0.253,713971608,0,1.4273925e-07,Loyal
60,4,0,36,4,3,1977.0,4393,72,0.276,718020408,0,1.1440125e-05,Loyal
51,5,0,36,3,3,2069.0,4402,91,0.871,716513358,0,9.029052e-06,Loyal
53,3,0,40,2,3,16747.0,4350,76,0.0,710401458,0,2.7266751e-05,Loyal
50,4,0,36,3,1,2446.0,4310,75,0.721,712177908,0,1.9240495e-06,Loyal
55,4,0,36,2,1,3258.0,4960,77,0.773,719216508,0,6.4327825e-05,Loyal
41,4,0,23,2,4,1438.3,4416,68,0.0,711017433,0,0.00026927958,Loyal
48,3,2,41,2,2,34516.0,1156,29,0.044,788386908,0,0.0007327746,Loyal
56,0,0,36,1,1,12211.0,903,29,0.0,710819733,1,0.92532575,High Risk
59,4,0,49,3,2,6834.0,4422,70,0.132,711978858,0,7.0502385e-05,Loyal
58,4,0,53,0,2,1944.0,2412,40,0.0,807136758,1,0.9997255,High Risk
50,4,0,33,4,4,3160.0,3740,68,0.373,716138958,0,2.4130508e-05,Loyal
56,4,0,43,3,2,1438.3,4830,79,0.547,713070033,0,9.6350476e-08,Loyal
43,1,0,39,3,5,8513.0,2015,37,0.122,827055333,0,0.97449434,High Risk
44,4,0,40,2,2,2232.0,3803,68,0.897,827408058,0,1.527989e-05,Loyal
54,4,3,48,5,2,13432.0,4909,50,0.0,793608258,1,0.99985015,High Risk
52,3,0,43,3,4,31258.0,2866,53,0.049,717013383,0,0.08216155,Loyal
38,4,0,33,1,2,2569.0,4126,56,0.501,714320358,0,1.7843714e-06,Loyal
58,3,0,49,3,2,9890.0,3497,69,0.0,716948283,0,0.0007473998,Loyal
43,4,0,36,3,3,7584.0,4783,65,0.242,717657333,0,0.016930945,Loyal
42,3,0,31,3,1,16433.0,13678,125,0.0,788687133,0,0.0003459022,Loyal
39,5,0,36,3,4,8096.0,1794,41,0.182,710736558,0,0.024196213,Loyal
56,4,0,36,1,2,5158.0,13113,128,0.223,708721533,0,5.859209e-06,Loyal
55,2,0,35,3,3,14266.0,1625,34,0.094,817108083,1,0.0058373148,Loyal
46,4,0,36,2,2,6370.0,1783,40,0.0,719737833,0,0.70623624,High Risk
44,1,0,39,1,2,1701.0,4471,71,0.456,813967983,0,7.319793e-07,Loyal
35,4,0,23,3,3,2317.0,4161,71,0.562,771464808,0,8.577472e-06,Loyal
53,4,0,38,2,3,1438.3,1935,47,0.0,713025558,1,0.99802125,High Risk
37,4,0,27,1,3,2229.0,1583,32,0.803,779016408,0,0.006156291,Loyal
49,1,0,36,3,1,5370.0,4504,81,0.122,712096758,0,4.2121787e-06,Loyal
51,1,0,43,1,3,2180.0,4348,77,0.856,789523683,0,1.5186389e-06,Loyal
57,4,0,51,1,0,2894.0,5405,87,0.0,713177808,0,0.00039631728,Loyal
59,3,0,47,1,2,3278.0,1374,32,0.398,718777008,0,2.73754e-05,Loyal
44,4,0,26,3,1,2240.0,4399,80,0.743,711004533,0,1.8555074e-06,Loyal
50,4,0,43,4,2,2670.0,4491,65,0.728,720046458,0,3.8813632e-05,Loyal
40,4,0,27,4,2,2035.0,4107,82,0.0,710453283,0,1.1176865e-05,Loyal
40,0,0,27,3,2,2269.0,2108,39,0.0,708736608,1,0.9961004,High Risk
52,3,0,33,3,4,27751.0,1427,25,0.037,778908783,0,0.64855856,Medium Risk
63,2,0,51,3,3,11619.0,2395,49,0.0,716056158,1,0.995376,High Risk
46,4,0,39,2,3,7128.0,3534,70,0.204,773257233,0,2.1050405e-06,Loyal
50,5,0,36,2,2,6465.0,4490,68,0.288,711371208,0,7.323064e-06,Loyal
49,0,0,41,1,1,7184.0,3244,58,0.168,711831558,0,1.4703715e-05,Loyal
40,2,0,29,3,2,12544.0,1758,51,0.13,712164333,1,0.055038933,Loyal
50,1,0,35,1,5,12914.0,2082,54,0.095,780126033,1,0.000104428,Loyal
50,5,0,46,4,3,1970.0,2493,44,0.75,821889858,1,0.99972457,High Risk
40,1,0,23,3,2,6990.0,1479,29,0.197,779656908,0,0.022572983,Loyal
61,0,0,46,3,3,4650.0,7976,74,0.25,766821033,1,0.9382268,High Risk
55,2,0,44,2,4,2173.0,1485,26,0.699,789196158,0,1.7852033e-05,Loyal
40,3,0,36,3,3,3624.0,4749,82,0.0,714228558,0,0.008294798,Loyal
47,5,0,43,3,2,13473.0,1593,46,0.099,827360883,0,0.0122766225,Loyal
57,4,0,45,2,4,5330.0,3525,79,0.0,712815858,0,9.166883e-06,Loyal
53,4,0,43,2,3,1438.3,4606,86,0.501,714533058,0,5.2610236e-08,Loyal
42,1,0,35,3,3,8566.0,4195,89,0.173,790149483,0,3.193253e-05,Loyal
46,5,3,34,2,3,33874.0,13753,98,0.043,771584658,0,0.00012138565,Loyal
46,1,0,41,3,2,3914.0,4242,64,0.43,814181433,0,0.0006907939,Loyal
26,5,0,13,3,4,10286.0,2564,57,0.222,788761608,0,0.00011102933,Loyal
54,1,0,44,3,3,1655.0,4621,67,0.0,709009833,0,0.0013324375,Loyal
47,4,0,35,3,2,2793.0,3485,72,0.543,708244458,0,6.12779e-06,Loyal
52,3,0,46,1,2,4555.0,3646,66,0.0,797998158,0,0.0011554962,Loyal
51,3,0,46,3,1,11765.0,8914,99,0.121,808279158,0,1.4101474e-05,Loyal
44,2,3,39,2,3,34516.0,7491,86,0.046,804601833,0,0.0024079587,Loyal
39,3,0,25,2,3,8208.0,3135,39,0.0,789690483,0,0.97879994,High Risk
62,2,0,56,3,3,6103.0,8080,92,0.412,819109308,0,0.0035878771,Loyal
48,3,0,35,3,3,9030.0,4899,84,0.262,739317558,0,5.7493096e-05,Loyal
48,4,0,37,2,1,3378.0,4761,81,0.0,721305408,0,0.0017300443,Loyal
43,1,0,32,1,3,12219.0,3843,69,0.12,716535408,0,4.2270864e-07,Loyal
46,1,0,35,2,2,9149.0,1790,60,0.171,719391783,0,0.0019069514,Loyal
42,2,0,30,2,3,8302.0,3221,66,0.156,780602733,0,3.0416686e-05,Loyal
52,3,0,45,2,3,23070.0,8070,81,0.074,789556533,0,0.0044794916,Loyal
30,4,0,36,3,3,1574.0,2560,59,0.0,713422083,1,0.5440024,Medium Risk
54,3,0,46,1,4,6249.0,3988,68,0.403,721506708,0,1.7224278e-05,Loyal
41,4,0,36,1,2,1801.0,3797,74,0.522,715774833,0,6.4010686e-07,Loyal
35,4,0,36,3,3,1931.0,2482,40,0.0,714962658,1,0.9995497,High Risk
57,0,0,51,2,3,16952.0,1918,61,0.0,783561558,0,0.1254446,Loyal
45,1,0,41,3,3,1477.0,2214,43,0.0,826709658,1,0.99997115,High Risk
47,1,0,36,1,2,3979.0,4598,67,0.331,790017858,0,2.6208356e-05,Loyal
41,3,0,29,2,1,12154.0,3853,71,0.207,712319958,0,1.7967704e-06,Loyal
42,0,0,36,1,2,19156.0,3547,61,0.071,717483558,0,2.5502067e-07,Loyal
46,4,0,38,5,2,2799.0,4634,91,0.862,713985183,0,2.6469265e-06,Loyal
45,5,0,37,2,4,27804.0,2761,57,0.0,708404883,0,0.3397409,Loyal
34,4,0,21,2,2,1576.0,2703,56,0.0,717208833,1,0.99038374,High Risk
37,1,0,32,2,3,1976.0,4424,73,0.0,816091608,0,0.00043237524,Loyal
35,4,0,27,2,3,1438.3,5020,94,0.0,709087983,0,3.0185483e-06,Loyal
49,3,0,32,1,3,28142.0,3676,47,0.027,710763783,0,0.0015490893,Loyal
52,5,0,46,4,3,7210.0,2516,36,0.0,719018208,1,0.999985,High Risk
51,4,0,46,1,3,1792.0,3102,63,0.552,713976258,0,1.75081e-05,Loyal
53,4,0,36,1,3,4840.0,1637,22,0.52,709554483,0,0.00042608718,Loyal
38,3,0,18,1,2,2172.0,2447,46,0.679,794485158,0,0.131288,Loyal
44,5,0,26,1,3,2006.0,5337,85,0.513,718795083,0,7.759311e-06,Loyal
42,3,3,38,1,3,34516.0,8502,103,0.066,826451433,0,3.0061443e-05,Loyal
42,3,0,38,1,1,16105.0,4631,76,0.045,826717533,0,2.646591e-06,Loyal
46,3,0,38,3,2,10309.0,1760,40,0.0,715294083,1,0.70408994,High Risk
50,3,0,38,3,1,24533.0,8436,77,0.074,779187783,0,0.04913109,Loyal
48,3,0,41,3,4,8739.0,4276,69,0.0,719513733,0,5.3670523e-05,Loyal
31,5,3,36,3,2,34516.0,2183,60,0.0,709816158,0,0.2946195,Loyal
44,4,0,34,3,3,9070.0,15211,129,0.14,711720408,0,5.1149545e-05,Loyal
44,4,0,34,3,1,1605.0,2722,45,0.555,714960408,1,0.9955063,High Risk
44,2,0,30,1,2,7872.0,1155,32,0.319,770746908,0,0.00027253607,Loyal
48,1,0,35,3,4,2173.0,4251,60,0.0,716101308,0,0.012736629,Loyal
53,4,0,48,1,3,3428.0,1155,34,0.457,809825358,0,0.00027221508,Loyal
34,4,0,13,1,2,1438.3,2557,67,0.0,719826333,0,0.14021061,Loyal
31,4,0,18,1,3,3399.0,13148,121,0.53,710207208,0,0.00031774378,Loyal
49,0,0,30,3,3,5181.0,8943,68,0.0,720128658,1,0.99993026,High Risk
51,4,0,41,4,3,3229.0,4526,95,0.779,780727833,0,2.4162584e-05,Loyal
59,1,0,53,5,4,2699.0,2599,43,0.897,802247658,1,0.99963,High Risk
51,4,0,40,1,1,5158.0,1229,34,0.425,717787533,0,0.00027344335,Loyal
47,2,0,36,3,2,1591.0,3698,79,0.562,721115733,0,7.2537546e-07,Loyal
46,2,0,38,3,2,4335.0,1373,36,0.572,709446783,0,0.0017525493,Loyal
54,1,0,43,1,1,1438.3,1707,41,0.0,784719708,0,0.085620314,Loyal
54,4,0,44,3,2,2901.0,4731,83,0.868,718570158,0,1.535345e-05,Loyal
46,0,0,28,3,3,9880.0,4609,80,0.181,709965858,0,0.0016171526,Loyal
52,5,0,45,4,0,23486.0,4530,74,0.0,757594083,0,7.338389e-06,Loyal
44,5,0,38,3,2,2002.0,3406,62,0.723,789599283,0,1.7082239e-05,Loyal
32,5,0,21,3,1,4251.0,15574,115,0.54,718947558,0,8.840326e-05,Loyal
37,4,0,22,2,4,2448.0,4087,81,0.711,721147383,0,1.9617453e-05,Loyal
41,3,1,36,2,2,34516.0,4077,67,0.0,720683958,0,0.0019826556,Loyal
48,3,0,37,3,3,6593.0,3520,69,0.0,780657708,0,5.7624115e-05,Loyal
44,1,3,29,1,3,19360.0,3966,78,0.045,713935533,0,4.859188e-07,Loyal
55,2,0,47,2,2,1602.0,4873,97,0.6,713948808,0,1.841927e-07,Loyal
47,4,0,37,2,1,2173.0,2738,45,0.274,715406658,1,0.99751425,High Risk
38,4,0,28,2,2,4623.0,14730,118,0.295,772640808,0,0.000101527745,Loyal
60,4,0,50,4,5,4613.0,8970,78,0.0,708496833,1,0.9998312,High Risk
64,1,0,56,2,1,1564.0,4018,69,0.0,804847308,0,6.302416e-05,Loyal
45,3,0,38,4,4,7560.0,4296,68,0.104,716931183,0,2.9466955e-06,Loyal
59,3,3,36,3,3,34516.0,3259,65,0.043,714030183,0,0.000117178504,Loyal
46,3,0,41,2,0,21526.0,1313,37,0.108,809296308,0,7.232541e-05,Loyal
46,3,3,35,3,2,34516.0,1665,40,0.036,708358683,0,0.093092546,Loyal
38,2,0,19,1,3,3238.0,1501,45,0.663,794664183,0,5.650375e-05,Loyal
38,4,0,28,2,3,2435.0,1847,39,0.775,712475733,0,0.0101832505,Loyal
43,3,0,24,2,2,16667.0,15301,115,0.088,708770883,0,6.5679116e-05,Loyal
45,5,0,41,4,2,2777.0,4442,64,0.763,821339433,0,0.00013011777,Loyal
44,1,0,30,4,4,4333.0,1558,40,0.0,709206333,1,0.08436284,Loyal
38,1,0,33,3,1,4047.0,2134,34,0.0,806914158,1,0.9959766,High Risk
40,5,0,36,2,4,9191.0,4275,83,0.181,709607733,0,4.419715e-07,Loyal
41,4,0,36,3,4,1569.0,2288,45,0.164,712843983,1,0.99962854,High Risk
47,1,0,34,3,3,4413.0,7869,76,0.053,780511683,1,0.88477516,High Risk
44,2,0,33,2,4,2540.0,1531,31,0.0,709161108,1,0.033864,Loyal
45,4,0,36,2,1,2718.0,3542,59,0.542,708272808,0,0.00015411778,Loyal
53,1,0,36,1,2,2043.0,4940,68,0.778,708680583,0,1.249792e-06,Loyal
45,4,0,36,1,2,2289.0,4483,72,0.453,708712833,0,1.3401765e-06,Loyal
49,0,0,38,3,1,18991.0,7716,83,0.064,711947358,0,0.00013000431,Loyal
51,0,3,31,2,2,34516.0,13534,104,0.017,719634408,0,0.0028788683,Loyal
50,0,3,38,3,3,34516.0,3828,65,0.055,718267233,0,0.00025598862,Loyal
35,3,0,36,2,4,15279.0,2079,57,0.098,715479483,0,0.01325565,Loyal
49,5,3,43,3,1,34516.0,3941,71,0.034,711164508,0,3.1311515e-06,Loyal
63,5,0,55,3,1,16312.0,4366,68,0.032,719294433,0,5.8154903e-05,Loyal
33,3,0,36,3,5,7140.0,916,18,0.0,714412308,1,0.999223,High Risk
40,3,0,36,3,4,29149.0,2106,56,0.0,716434533,1,0.37536085,Loyal
44,5,0,34,4,2,2105.0,4190,67,0.0,719061933,0,5.578089e-05,Loyal
52,2,0,36,3,2,22720.0,1102,27,0.035,719091333,0,0.028773876,Loyal
54,4,0,36,3,4,1438.3,1598,40,0.0,716573058,1,0.99859864,High Risk
47,4,0,40,3,3,1789.0,4191,90,0.608,740784258,0,9.845619e-07,Loyal
30,4,0,13,3,1,3789.0,15670,116,0.47,711863433,0,4.3194545e-05,Loyal
43,4,0,30,3,2,2023.0,5098,79,0.658,780529908,0,2.5626016e-06,Loyal
52,1,1,43,2,3,23981.0,15281,100,0.088,715132758,0,6.550941e-05,Loyal
40,4,0,35,3,3,4423.0,8935,87,0.569,713934633,1,0.95779556,High Risk
41,4,0,37,1,4,7492.0,3668,67,0.187,827423433,0,6.096594e-07,Loyal
49,4,3,36,3,3,11059.0,9524,80,0.0,708385533,1,0.9957023,High Risk
42,2,0,33,2,3,17165.0,4063,62,0.067,789407958,0,7.000289e-05,Loyal
45,4,3,30,2,2,13131.0,1795,37,0.15,712589658,0,0.5128227,Medium Risk
54,5,0,36,2,3,10798.0,13681,105,0.128,714759708,0,2.1900334e-05,Loyal
36,3,0,32,4,3,15488.0,2916,50,0.094,826068183,0,0.004836437,Loyal
39,4,0,36,2,0,2279.0,1693,32,0.671,709913733,0,8.013392e-05,Loyal
50,3,0,38,1,1,19999.0,3183,69,0.05,789744033,0,2.0774202e-07,Loyal
32,1,0,24,3,1,1553.0,4549,68,0.758,710926383,0,1.4582559e-05,Loyal
49,0,0,39,3,2,11714.0,5366,68,0.081,714052158,1,0.3969931,Loyal
41,4,0,31,1,0,5773.0,1306,39,0.0,714900408,0,7.2452694e-06,Loyal
41,1,3,30,3,3,16386.0,3293,66,0.136,787532808,0,0.002585424,Loyal
29,1,0,23,3,1,8147.0,14912,114,0.215,802449933,0,0.0002506411,Loyal
57,4,0,50,0,3,2475.0,2574,43,0.0,755996583,1,0.9999486,High Risk
50,2,0,40,2,3,9690.0,4620,64,0.115,709625733,0,8.557934e-05,Loyal
37,1,0,36,4,1,3908.0,1903,30,0.417,719686458,0,0.38553202,Loyal
40,5,0,36,2,3,13019.0,1484,33,0.0,708642708,1,0.4776313,Medium Risk
42,0,0,35,2,2,34516.0,2935,65,0.048,790082508,0,0.0022685996,Loyal
42,1,0,27,1,1,1950.0,3873,76,0.545,713205108,0,2.2368795e-06,Loyal
45,3,0,36,4,1,3081.0,4317,72,0.817,710838108,0,8.887681e-06,Loyal
45,5,0,29,3,1,2555.0,4888,78,0.267,714427608,0,2.230462e-05,Loyal
55,2,3,46,2,4,25991.0,2996,62,0.0,711655683,0,0.0012716437,Loyal
49,4,0,45,3,3,1757.0,4750,72,0.744,826168083,0,9.016266e-06,Loyal
38,1,0,36,2,3,2148.0,4711,64,0.514,708553008,0,3.1362975e-05,Loyal
46,3,0,38,3,2,34516.0,1672,32,0.063,719554758,0,0.048622802,Loyal
45,3,0,40,2,3,6366.0,3258,58,0.211,820383558,0,0.00014910966,Loyal
44,1,0,27,1,2,3183.0,4017,63,0.791,817293258,0,4.3410696e-06,Loyal
54,2,0,44,3,2,7866.0,4238,55,0.0,709275558,0,0.007434665,Loyal
45,1,0,40,4,3,5662.0,4014,61,0.345,816078708,0,0.018295059,Loyal
54,4,0,36,3,1,2830.0,4854,74,0.629,719490108,0,2.6019614e-05,Loyal
49,3,0,38,4,3,34516.0,1592,35,0.0,710410158,1,0.564781,Medium Risk
30,3,0,25,2,2,4237.0,2465,88,0.396,813961233,0,4.5954974e-05,Loyal
43,4,0,35,1,3,4092.0,5001,88,0.152,714259533,0,8.338338e-06,Loyal
45,2,0,33,5,1,8670.0,13767,96,0.223,713550483,0,2.909365e-05,Loyal
45,3,0,38,3,3,9234.0,2586,44,0.0,719073483,1,0.9998851,High Risk
55,2,0,51,1,4,2001.0,1910,51,0.776,710428308,0,6.355049e-05,Loyal
53,4,0,35,2,4,2482.0,4295,72,0.369,779340183,0,1.1659864e-05,Loyal
59,2,0,42,2,2,16727.0,3511,73,0.083,788820933,0,4.291248e-06,Loyal
43,3,0,37,2,3,25517.0,2508,44,0.013,798022683,1,0.9896902,High Risk
49,3,0,37,2,2,29219.0,4575,84,0.0,717273333,0,5.580137e-05,Loyal
53,5,0,43,3,2,1790.0,2128,40,0.823,713952558,1,0.9859189,High Risk
51,4,0,37,4,2,1765.0,3333,66,0.842,712545183,0,3.6425588e-06,Loyal
44,1,0,38,2,3,5452.0,1347,30,0.384,789611283,0,0.019501543,Loyal
54,2,0,39,3,4,6348.0,4135,71,0.126,713339283,0,2.9511448e-06,Loyal
55,1,0,32,3,4,2496.0,2590,50,0.801,721032633,1,0.7790693,High Risk
38,4,0,27,3,3,1438.3,4564,79,0.0,719953383,0,1.4517384e-05,Loyal
50,4,0,43,1,2,2393.0,4755,82,0.626,712814658,0,4.2601218e-07,Loyal
41,1,3,36,2,3,19704.0,7766,81,0.0,711764733,0,0.98800915,High Risk
47,4,0,34,2,2,3156.0,1151,31,0.521,715915458,0,0.00071411923,Loyal
51,3,1,36,1,3,34516.0,7499,88,0.022,720712533,0,0.00030867572,Loyal
43,4,0,36,2,2,3849.0,7930,90,0.333,709984083,0,0.0069961357,Loyal
49,4,0,36,3,4,1438.3,4205,88,0.0,719268333,0,2.7112551e-07,Loyal
46,4,0,38,3,3,8881.0,2632,54,0.21,790048158,0,0.84525585,High Risk
42,5,0,29,2,3,1840.0,4515,76,0.689,717856983,0,8.20196e-06,Loyal
43,0,0,36,2,4,22355.0,14268,99,0.097,715545933,0,0.0003910247,Loyal
47,3,0,30,3,1,27720.0,8520,89,0.087,709861008,0,0.0034911477,Loyal
46,1,0,38,3,3,10018.0,13819,114,0.083,712863183,0,0.000795532,Loyal
44,2,0,36,3,1,22919.0,3752,71,0.06,712423233,0,4.7626224e-07,Loyal
44,3,0,36,3,2,25666.0,4088,84,0.029,711648708,0,3.5605115e-06,Loyal
43,0,0,37,1,2,34516.0,1370,38,0.0,714864333,1,0.000138838,Loyal
40,3,0,24,1,0,2478.0,1558,31,0.82,788830683,0,4.8320937e-05,Loyal
36,1,0,28,1,4,2157.0,1663,33,0.266,719358333,0,0.0022002272,Loyal
35,4,0,28,0,2,1438.3,4840,85,0.679,789541458,0,1.7495368e-07,Loyal
42,2,0,32,2,2,4162.0,3967,75,0.394,711589758,0,1.8817223e-05,Loyal
32,3,0,21,3,5,21390.0,2477,59,0.0,711574008,0,0.015798895,Loyal
50,3,3,35,2,3,34516.0,7745,83,0.0,779548008,0,0.4193513,Medium Risk
38,3,0,32,2,3,3192.0,4236,87,0.789,801037833,0,1.0187129e-05,Loyal
40,4,0,27,2,1,1438.3,4397,73,0.0,720924633,0,3.700932e-05,Loyal
53,1,0,45,3,1,3369.0,5220,78,0.72,718596858,0,3.7589998e-05,Loyal
52,1,0,45,1,1,1611.0,4087,86,0.582,737967708,0,1.0148919e-07,Loyal
64,1,0,56,2,4,1438.3,1417,35,0.0,798110358,0,0.0012090161,Loyal
60,1,0,53,3,3,9369.0,7699,101,0.194,789582483,0,0.0017255528,Loyal
41,2,0,36,3,1,23260.0,15140,105,0.063,710529708,0,2.396219e-05,Loyal
44,1,0,36,2,1,2534.0,3965,57,0.673,789526458,0,0.00015523528,Loyal
52,4,0,36,3,3,1594.0,4653,65,0.0,711039633,0,0.021768272,Loyal
49,4,0,45,2,3,2951.0,2519,36,0.826,828294933,1,0.99976224,High Risk
42,2,1,36,1,2,34516.0,7485,90,0.066,720422358,0,8.97792e-07,Loyal
57,2,0,36,3,2,10350.0,3396,63,0.0,720252858,0,0.001049857,Loyal
47,5,0,34,2,2,3112.0,4613,86,0.65,788966958,0,2.3458977e-06,Loyal
57,3,0,38,3,1,12663.0,3297,54,0.081,714435408,0,0.006841597,Loyal
45,1,0,37,1,3,2529.0,3428,84,0.654,713453733,0,1.1414372e-07,Loyal
40,4,0,30,3,2,2925.0,4455,77,0.495,711208083,0,3.7482066e-06,Loyal
54,1,0,41,1,3,7362.0,17390,130,0.16,721220583,0,2.4681585e-05,Loyal
52,5,0,36,1,1,4222.0,4487,77,0.0,720205608,0,2.4293183e-06,Loyal
31,3,3,22,3,2,34516.0,14185,98,0.052,789983133,0,2.9081331e-05,Loyal
46,0,0,37,2,4,3132.0,3612,59,0.468,787581858,0,0.0010292042,Loyal
47,2,0,36,3,1,1584.0,2628,41,0.766,708705783,1,0.98767054,High Risk
29,4,0,18,1,4,2710.0,1718,37,0.232,717234183,0,8.733869e-05,Loyal
43,3,0,38,2,3,20348.0,1624,27,0.085,808705758,0,0.0028385767,Loyal
49,3,0,39,1,3,2221.0,8618,98,0.581,711183558,0,2.9236387e-06,Loyal
39,1,3,34,0,3,15142.0,2458,41,0.0,812979408,1,0.98152727,High Risk
43,0,0,36,1,2,25937.0,3785,68,0.0,715354008,0,8.3900534e-07,Loyal
54,1,0,34,3,4,6387.0,1294,26,0.25,721062408,0,0.014043575,Loyal
50,5,0,40,1,3,2315.0,4143,65,0.577,712410858,0,2.3816701e-06,Loyal
49,4,0,31,2,1,5714.0,4331,85,0.152,779116158,0,1.0891769e-06,Loyal
51,2,0,32,3,4,10824.0,3700,73,0.0,712866933,0,9.177773e-06,Loyal
39,1,0,28,2,4,7596.0,2164,45,0.289,710411358,1,0.22099088,Loyal
42,2,0,30,2,2,18570.0,4036,78,0.102,771881283,0,4.856413e-06,Loyal
44,4,0,26,1,2,4726.0,3658,70,0.328,715363908,0,6.563031e-06,Loyal
49,2,0,42,4,2,14895.0,5147,53,0.0,789560433,1,0.9980876,High Risk
48,2,0,36,2,2,11432.0,1374,37,0.22,709752183,0,0.011886297,Loyal
26,4,0,20,3,2,2590.0,2804,52,0.675,807161508,0,0.00020176051,Loyal
41,4,0,31,2,4,2685.0,4625,94,0.613,708393633,0,3.1569225e-06,Loyal
48,2,3,37,3,5,25270.0,1941,51,0.043,771886233,0,0.8185337,High Risk
43,4,0,36,3,2,1824.0,4594,86,0.0,716930133,0,1.8316534e-05,Loyal
42,1,0,37,3,2,2470.0,4384,82,0.815,809937933,0,1.2720177e-05,Loyal
45,3,0,40,3,1,11710.0,1749,50,0.059,816596583,0,0.058107134,Loyal
43,4,0,34,3,1,3195.0,1285,29,0.612,718803333,0,0.0004280213,Loyal
51,1,0,45,2,4,5930.0,2041,32,0.0,795237183,0,0.986062,High Risk
35,4,0,36,2,1,2942.0,4548,71,0.714,720419358,0,2.411402e-06,Loyal
39,5,0,26,1,4,3209.0,1292,37,0.784,719514783,0,0.0020346765,Loyal
29,3,0,19,3,3,7010.0,2413,48,0.3,780374133,0,0.0002738198,Loyal
39,1,0,34,1,2,12078.0,2384,52,0.14,810868758,0,0.0016780244,Loyal
59,0,0,36,3,3,3422.0,3337,65,0.304,714286383,0,0.00017268167,Loyal
53,2,0,36,2,2,6836.0,4421,74,0.235,708588408,0,2.8067711e-06,Loyal
47,5,0,42,2,2,5884.0,4477,82,0.235,813338733,0,6.3488994e-07,Loyal
33,0,0,16,1,3,10705.0,2434,58,0.126,788826408,0,0.0032198373,Loyal
54,0,0,43,1,1,13219.0,1097,24,0.0,713134458,0,0.055186752,Loyal
52,1,0,36,2,3,2937.0,8235,102,0.556,716350008,0,2.4243116e-05,Loyal
57,3,0,50,3,3,17096.0,4231,62,0.103,738062658,0,0.00018062032,Loyal
49,2,0,40,2,2,3170.0,4097,72,0.45,709449333,0,5.0298986e-06,Loyal
43,0,0,30,1,2,34516.0,7437,86,0.073,718665933,0,2.0882466e-05,Loyal
54,4,0,47,4,3,2797.0,1566,36,0.582,748503708,0,0.006920099,Loyal
34,0,0,29,3,2,14938.0,1930,36,0.095,807141183,0,0.0006716919,Loyal
49,4,0,42,1,4,2473.0,4597,80,0.511,766381908,0,2.2781425e-07,Loyal
52,2,0,48,1,2,1438.3,3769,73,0.0,822112383,0,8.133656e-06,Loyal
44,4,0,31,2,3,1550.0,4534,87,0.462,709061658,0,4.9861325e-07,Loyal
47,3,0,41,2,4,10606.0,2694,61,0.162,797166633,0,0.00027407997,Loyal
39,1,0,30,1,2,2909.0,1532,26,0.438,789435783,0,4.000425e-05,Loyal
34,4,0,36,2,3,1666.0,2312,35,0.0,708266883,1,0.9996302,High Risk
26,4,0,36,1,2,1934.0,2334,61,0.553,716793108,0,1.0304361e-05,Loyal
48,4,0,40,2,1,2097.0,4189,83,0.598,712253058,0,1.9584017e-07,Loyal
46,4,0,36,1,2,3973.0,13740,131,0.0,716430933,0,1.4534382e-05,Loyal
64,4,0,54,1,2,5577.0,4256,70,0.124,715746633,0,0.00021346948,Loyal
52,1,0,36,4,2,2804.0,4357,69,0.636,714842208,0,3.3030854e-06,Loyal
55,4,0,47,1,2,4580.0,1694,34,0.284,713879283,0,0.000118360236,Loyal
39,2,0,19,2,1,6146.0,3645,76,0.0,778679883,0,2.9587522e-05,Loyal
37,5,0,18,1,3,2179.0,2568,48,0.0,712110333,1,0.981911,High Risk
43,3,0,36,1,4,13430.0,3717,67,0.175,720724008,0,2.1218897e-07,Loyal
49,4,0,37,1,2,5500.0,14357,110,0.0,708387933,0,1.4358235e-05,Loyal
45,5,0,36,2,4,7738.0,4255,61,0.122,712165308,0,3.7358589e-06,Loyal
44,5,0,36,3,3,13735.0,1783,43,0.126,720283758,1,0.7141942,High Risk
55,4,0,45,2,3,1677.0,4588,68,0.0,708473133,0,0.0004677581,Loyal
52,5,0,47,1,3,4058.0,4388,72,0.332,810493458,0,2.1390862e-05,Loyal
41,4,0,33,3,3,1764.0,2105,57,0.0,711122958,1,0.997736,High Risk
54,0,0,42,3,3,3251.0,1406,31,0.59,721502958,0,0.00056785916,Loyal
44,2,3,36,1,1,29572.0,7566,88,0.054,715908558,0,2.3443044e-07,Loyal
44,4,0,36,3,2,2936.0,4509,70,0.442,711594858,0,3.907554e-05,Loyal
43,1,0,35,2,3,1438.3,891,28,0.0,789513858,1,0.99799734,High Risk
34,4,0,36,2,4,5021.0,2270,40,0.501,712795833,1,0.051636998,Loyal
33,5,0,36,3,3,4134.0,2475,52,0.273,719628033,0,0.21426858,Loyal
60,4,0,47,3,3,3076.0,4522,75,0.734,718282983,0,0.00017807762,Loyal
49,5,0,42,2,3,4349.0,4694,84,0.322,714121983,0,5.637601e-06,Loyal
40,4,0,36,1,3,2040.0,4751,80,0.531,709791333,0,1.6417002e-07,Loyal
39,5,0,23,3,2,1811.0,4934,70,0.0,779916408,0,0.00025833675,Loyal
50,4,0,41,3,4,1438.3,4617,67,0.0,711657783,0,2.4859486e-05,Loyal
43,5,0,33,3,2,5738.0,4375,73,0.0,780203883,0,9.65247e-05,Loyal
28,1,0,15,3,1,2109.0,2261,56,0.731,709367433,0,0.00024311067,Loyal
43,3,0,24,1,4,1669.0,3591,59,0.0,736145283,0,0.00140306,Loyal
47,1,0,36,1,1,2155.0,5441,91,0.519,711516783,0,3.055144e-08,Loyal
57,4,0,44,2,3,9149.0,14401,100,0.137,712104333,0,4.3058826e-05,Loyal
50,4,0,37,2,4,1838.0,2461,47,0.0,711116133,1,0.99990046,High Risk
42,2,0,33,2,0,2021.0,3253,62,0.857,712988958,0,2.2876073e-05,Loyal
53,4,0,40,2,3,2684.0,5299,75,0.792,771201408,0,0.0004332247,Loyal
40,1,0,36,1,3,2797.0,3652,64,0.304,712011633,0,6.1681705e-05,Loyal
36,2,0,22,3,3,4511.0,2597,71,0.167,713579733,0,0.00043508544,Loyal
54,0,0,48,3,1,2456.0,4468,84,0.673,796544133,0,1.5307057e-07,Loyal
59,4,0,45,3,3,9899.0,4579,73,0.204,709272333,0,0.0005226942,Loyal
41,1,0,36,3,4,3636.0,4254,79,0.518,715153158,0,0.00026930193,Loyal
26,1,0,13,3,3,2010.0,3625,85,0.532,779342958,0,7.9063517e-07,Loyal
47,5,0,42,3,3,2373.0,4228,63,0.624,810545733,0,1.4518826e-05,Loyal
33,1,0,28,1,3,2507.0,4355,79,0.635,805453908,0,5.1200936e-07,Loyal
45,4,0,27,3,2,2826.0,2005,32,0.765,817086783,0,0.94985926,High Risk
49,1,0,31,2,2,1915.0,3911,80,0.807,714943233,0,3.761416e-06,Loyal
39,4,0,27,3,3,3927.0,4230,93,0.183,789097833,0,1.3484349e-05,Loyal
51,5,3,44,2,4,33004.0,10156,72,0.073,759584958,1,0.98072684,High Risk
50,0,0,41,1,3,13032.0,4348,77,0.131,708886533,0,1.09027056e-07,Loyal
52,5,0,36,2,2,8279.0,4419,63,0.191,708761733,0,1.9006866e-05,Loyal
40,4,3,36,1,0,10729.0,14364,108,0.0,711600033,0,8.146698e-07,Loyal
40,2,0,34,2,1,9594.0,14213,100,0.262,769935783,0,9.4487485e-05,Loyal
62,4,0,36,2,1,3749.0,5083,69,0.528,717446208,0,0.00021214249,Loyal
37,1,0,24,1,4,2573.0,4289,81,0.497,721121283,0,5.6674494e-06,Loyal
46,2,0,41,3,4,7478.0,4042,79,0.237,819151083,0,1.1503634e-05,Loyal
48,5,0,36,1,3,20631.0,4827,77,0.099,716470683,0,7.1042547e-07,Loyal
55,4,0,38,5,2,2033.0,4100,82,0.51,779643858,0,5.2320036e-08,Loyal
47,4,0,37,2,2,1438.3,2393,36,0.0,787665258,1,0.9999182,High Risk
36,5,0,23,2,3,6966.0,4855,69,0.13,787475433,0,4.7245096e-05,Loyal
41,3,0,28,2,4,4428.0,2331,36,0.0,717448383,1,0.9990239,High Risk
46,5,3,36,2,3,34516.0,1987,46,0.004,710812533,1,0.9991398,High Risk
47,4,3,36,3,1,11884.0,4134,72,0.113,716461683,0,5.478269e-07,Loyal
30,4,0,24,3,0,3450.0,2545,64,0.73,814571058,0,5.741759e-05,Loyal
63,4,0,36,3,4,2107.0,1320,35,0.641,712071708,0,0.0002674086,Loyal
65,1,0,36,0,1,1438.3,4427,63,0.474,720769533,0,3.426687e-08,Loyal
52,2,0,37,3,3,2749.0,3882,90,0.502,794581533,0,9.36537e-07,Loyal
52,2,0,36,1,3,9375.0,2108,51,0.173,715732533,1,6.0013703e-05,Loyal
57,3,0,43,3,1,12045.0,4884,86,0.145,708286683,0,1.0147502e-05,Loyal
36,3,0,36,3,2,2607.0,2045,39,0.721,708543258,0,0.0020721497,Loyal
42,5,0,32,3,2,9749.0,4684,86,0.088,713809833,0,6.779235e-05,Loyal
49,3,0,43,2,2,4645.0,1193,33,0.355,793636308,0,0.00017989398,Loyal
50,2,0,38,3,3,7603.0,2497,42,0.098,789095958,1,0.7625599,High Risk
42,2,0,35,3,1,1438.3,4246,83,0.0,757722708,0,2.1925352e-06,Loyal
49,5,0,41,3,4,5984.0,1838,42,0.0,738627708,1,0.9978543,High Risk
41,1,0,36,1,2,9797.0,1503,34,0.146,820353558,0,0.0034759059,Loyal
51,4,0,39,2,4,5455.0,3863,67,0.223,718739508,0,2.0594136e-06,Loyal
51,3,3,37,2,2,34516.0,4810,55,0.029,788943333,1,0.942461,High Risk
54,5,0,43,2,3,3805.0,4326,67,0.216,708397008,0,9.037178e-05,Loyal
37,4,0,25,2,1,1438.3,4513,75,0.0,711392508,0,0.00010168781,Loyal
47,4,0,36,4,2,3300.0,3784,55,0.763,780653208,0,0.0026092278,Loyal
62,4,0,54,3,4,2941.0,1453,27,0.399,710251608,0,0.0002476363,Loyal
48,3,3,36,3,3,34516.0,4042,78,0.047,719354433,0,6.834116e-06,Loyal
38,4,0,36,2,2,5589.0,4064,77,0.0,710676483,0,2.7939204e-05,Loyal
47,1,0,43,3,4,4798.0,4225,79,0.212,826414083,0,4.7298603e-05,Loyal
49,4,0,38,3,4,1652.0,1771,47,0.492,720673008,0,0.4749378,Medium Risk
47,4,0,39,3,2,3144.0,3774,80,0.0,716736858,0,0.0015564649,Loyal
54,4,0,44,3,2,2921.0,2612,33,0.826,715660308,1,0.9955818,High Risk
47,1,0,41,3,3,3788.0,1594,47,0.407,785387883,0,0.023060495,Loyal
40,1,0,28,1,3,11494.0,3353,86,0.101,721028283,0,1.268979e-07,Loyal
57,4,0,45,2,2,1438.3,4970,87,0.514,717797658,0,2.1718249e-08,Loyal
41,1,0,27,3,1,13409.0,15573,99,0.094,712390683,0,0.0001672944,Loyal
65,1,0,54,1,4,9383.0,5783,73,0.088,717965808,0,0.14608555,Loyal
38,3,0,25,0,1,16665.0,4657,78,0.069,721514883,0,2.886834e-06,Loyal
54,4,0,42,2,3,1438.3,4776,90,0.77,718477983,0,8.9658647e-07,Loyal
40,4,0,30,3,2,2969.0,4109,70,0.0,719671383,0,0.0011917918,Loyal
39,3,1,32,1,4,34516.0,4256,82,0.052,711191808,0,7.5993626e-08,Loyal
49,5,0,37,3,4,17345.0,3523,64,0.031,708637758,0,3.5596047e-05,Loyal
36,3,0,21,3,2,5015.0,2491,43,0.391,794675058,1,0.03302857,Loyal
62,1,3,42,4,4,17161.0,1898,42,0.0,720508233,1,0.9992207,High Risk
43,1,0,32,2,4,4391.0,4741,78,0.0,713094483,0,0.0017374866,Loyal
44,3,1,29,1,3,34516.0,7665,86,0.027,780064983,0,8.895903e-05,Loyal
37,3,0,18,1,2,31832.0,10201,59,0.016,710155158,1,0.9998703,High Risk
56,4,0,43,1,1,5319.0,15048,110,0.173,710904708,0,1.1728036e-05,Loyal
45,2,0,39,3,2,12890.0,2216,51,0.0,801715383,1,0.9946185,High Risk
38,3,0,33,1,4,20117.0,2906,58,0.061,806889633,0,1.11691725e-05,Loyal
45,4,0,39,3,2,2156.0,1345,28,0.56,794831733,0,0.0005910267,Loyal
43,5,0,34,3,3,12778.0,3337,69,0.12,712019883,0,5.704001e-06,Loyal
43,4,0,30,2,1,2397.0,4140,68,0.897,770956158,0,2.0021045e-05,Loyal
38,2,0,18,3,4,3417.0,2068,34,0.512,778386033,0,0.009362977,Loyal
26,5,0,36,1,3,21084.0,2309,71,0.119,708147108,0,7.852115e-07,Loyal
46,4,0,29,3,2,2406.0,4665,89,0.709,710310108,0,1.6674799e-06,Loyal
44,3,0,33,1,3,4552.0,14418,104,0.251,771982083,0,3.2224925e-05,Loyal
51,0,2,44,2,3,34516.0,8012,87,0.056,714754533,0,0.00020327224,Loyal
44,4,0,36,3,1,1699.0,5495,87,0.0,717626508,0,0.0026414732,Loyal
40,4,0,36,1,3,3961.0,12631,100,0.387,718328283,0,1.3869436e-05,Loyal
43,4,0,33,2,4,1438.3,3932,62,0.0,716739258,0,0.0001011911,Loyal
40,1,0,28,2,1,11557.0,4064,75,0.091,714277758,0,4.0973002e-05,Loyal
43,5,0,28,2,3,6720.0,5049,85,0.319,720210483,0,7.2847666e-05,Loyal
34,5,0,22,1,0,10253.0,3042,66,0.181,720411183,0,3.333829e-07,Loyal
60,4,0,42,3,3,2758.0,5124,74,0.518,711379083,0,1.2563343e-05,Loyal
47,4,0,41,1,4,5833.0,3732,75,0.3,798558783,0,5.8125586e-08,Loyal
34,0,0,17,1,2,5030.0,3345,69,0.462,713363583,0,0.0007230117,Loyal
47,4,0,36,1,2,2363.0,3887,71,0.209,720339558,0,4.5964525e-06,Loyal
51,4,0,41,1,2,2941.0,4099,66,0.223,715008858,0,2.5931524e-05,Loyal
38,1,0,19,3,3,3581.0,14637,109,0.194,779037408,0,0.0008068068,Loyal
35,1,0,36,3,2,5619.0,2808,72,0.268,721513833,0,0.0006098255,Loyal
46,5,0,36,3,2,17023.0,1610,43,0.064,714311583,0,0.05982832,Loyal
37,4,0,31,3,4,2005.0,2439,61,0.757,797414733,0,0.017118173,Loyal
47,0,3,27,3,3,34516.0,1805,46,0.067,716864733,0,0.14746982,Loyal
55,2,0,36,2,2,8411.0,990,22,0.116,712924383,1,0.404457,Medium Risk
47,1,0,36,6,2,5154.0,1694,32,0.273,719854008,0,0.012568037,Loyal
42,5,0,30,1,2,1821.0,4786,87,0.513,771630783,0,8.0575575e-08,Loyal
44,4,0,32,1,3,3080.0,5097,77,0.577,771471708,0,6.453411e-06,Loyal
41,4,0,35,3,2,8666.0,3593,71,0.0,769463433,0,5.5534132e-05,Loyal
47,2,0,36,3,2,21142.0,4360,66,0.0,711377808,0,3.5730147e-05,Loyal
38,3,3,36,2,3,34516.0,8872,86,0.058,713133258,0,0.7294697,High Risk
55,3,0,42,2,1,26101.0,1472,48,0.024,718162908,0,0.0017334734,Loyal
46,1,0,36,3,1,1925.0,4343,66,0.624,713257083,0,1.364266e-05,Loyal
53,2,0,43,3,3,8404.0,4811,56,0.178,772687983,0,0.44062245,Medium Risk
46,5,0,35,3,3,2197.0,1955,42,0.21,711535158,1,0.99390405,High Risk
38,2,3,32,1,1,26988.0,3732,70,0.059,799700208,0,1.32186155e-08,Loyal
36,4,3,19,2,3,13313.0,15549,121,0.0,717177783,0,0.0008328306,Loyal
47,4,0,37,1,3,3235.0,1493,32,0.246,711402333,0,0.017112685,Loyal
44,2,0,36,2,1,3605.0,6800,78,0.0,714304458,0,0.75265115,High Risk
54,4,0,43,3,2,4917.0,9442,69,0.0,713347608,1,0.99980885,High Risk
36,4,0,23,2,2,1666.0,2622,60,0.488,718303683,1,0.11541518,Loyal
52,2,0,36,3,1,4752.0,3946,63,0.513,714317058,0,4.346395e-05,Loyal
41,5,0,36,3,6,2246.0,3607,51,0.0,718152333,1,0.99418676,High Risk
60,5,0,36,1,3,4408.0,4157,71,0.272,716385033,0,1.000184e-05,Loyal
36,1,0,16,3,2,3735.0,1672,48,0.543,720674133,0,3.580833e-05,Loyal
49,5,0,38,2,1,2542.0,4972,79,0.334,719153433,0,1.7712961e-06,Loyal
26,4,0,15,3,3,2539.0,2386,47,0.852,712765158,0,0.00669068,Loyal
45,1,0,30,2,4,2759.0,2061,47,0.0,713229633,1,0.979009,High Risk
40,2,0,23,3,1,22729.0,13672,110,0.07,712256358,0,1.5060498e-05,Loyal
50,4,0,40,2,2,2167.0,7199,83,0.456,717656433,0,4.3362866e-06,Loyal
55,0,0,42,2,2,34516.0,2862,78,0.034,771081558,0,2.4663093e-05,Loyal
46,3,0,35,3,3,11096.0,3949,69,0.0,710702733,0,0.00011237632,Loyal
61,1,0,50,2,4,2531.0,1263,35,0.932,779612808,0,0.0007611405,Loyal
40,4,0,36,1,3,7582.0,4926,85,0.256,713904708,0,1.276545e-06,Loyal
39,2,0,36,3,4,13049.0,3944,72,0.072,716546283,0,1.0110514e-05,Loyal
51,4,0,30,2,0,6006.0,3199,65,0.262,711670308,0,7.141574e-06,Loyal
45,4,0,36,3,1,3336.0,13989,105,0.566,710856558,0,7.2702416e-05,Loyal
46,4,0,36,3,1,9478.0,1327,41,0.087,713639958,0,0.040130097,Loyal
29,2,0,15,1,3,8022.0,5660,59,0.0,716987358,1,0.9975345,High Risk
45,5,0,36,1,3,3416.0,4121,83,0.213,720008133,0,6.0600576e-07,Loyal
34,3,0,22,2,4,1631.0,2962,57,0.0,710084883,0,0.54462945,Medium Risk
54,5,0,49,4,3,1812.0,2921,44,0.992,816476658,1,0.99717426,High Risk
52,4,0,40,4,1,4223.0,3669,62,0.529,778486008,0,5.127202e-05,Loyal
44,1,0,38,2,5,4142.0,2104,44,0.608,769053033,1,0.99939895,High Risk
51,1,0,36,3,1,4436.0,4460,85,0.501,716171358,0,3.0035587e-06,Loyal
32,4,0,22,3,2,2642.0,1761,42,0.77,772684833,0,8.770527e-06,Loyal
55,4,0,36,3,3,2358.0,1737,26,0.489,709485033,0,0.000473042,Loyal
30,4,0,17,1,2,7173.0,1793,33,0.171,713352183,0,9.583493e-05,Loyal
35,2,0,21,2,2,6391.0,2274,61,0.363,712557708,0,0.0025864816,Loyal
52,3,0,48,2,4,34516.0,1661,40,0.0,821149008,1,0.5121321,Medium Risk
40,3,0,29,2,4,18563.0,2395,45,0.0,711816108,1,0.9145764,High Risk
44,1,0,36,1,2,12552.0,15508,95,0.112,712532058,0,1.6811578e-06,Loyal
40,3,0,36,2,2,5014.0,4391,66,0.376,718811058,0,3.7836136e-05,Loyal
46,4,0,39,3,0,1801.0,2252,42,0.175,713696808,1,0.9728668,High Risk
38,3,0,29,3,3,2155.0,3781,61,0.599,753233733,0,0.00012135787,Loyal
46,2,0,34,3,4,2369.0,3034,51,0.593,717030633,0,0.16205397,Loyal
47,2,0,36,3,1,11919.0,8257,96,0.197,718320933,0,2.3977893e-05,Loyal
45,0,0,36,3,2,5287.0,8392,69,0.0,714608583,1,0.9986755,High Risk
32,4,0,36,1,3,3555.0,2346,71,0.0,715942683,0,0.00013317152,Loyal
41,4,0,28,3,1,2665.0,4500,71,0.726,771356508,0,5.5847213e-06,Loyal
62,4,0,50,3,3,3989.0,4274,68,0.0,711326583,0,0.0017365026,Loyal
39,4,0,36,3,4,2650.0,4512,80,0.621,714621183,0,7.264483e-06,Loyal
56,4,0,46,3,2,2258.0,4803,72,0.0,712805658,0,0.00041065275,Loyal
50,4,0,45,1,0,5452.0,4220,66,0.099,808981608,0,2.0598713e-06,Loyal
50,5,1,40,1,1,34516.0,14994,121,0.053,718337733,0,8.855894e-06,Loyal
36,2,0,25,3,2,1438.3,2882,68,0.0,715921758,0,9.4856994e-05,Loyal
41,5,0,30,2,1,27670.0,13854,124,0.0,779803008,0,0.000295833,Loyal
42,2,0,30,2,3,5298.0,2431,37,0.0,717195933,1,0.9991499,High Risk
48,4,0,30,3,3,4204.0,2316,43,0.0,712562433,1,0.9999347,High Risk
40,2,0,26,2,3,20929.0,4001,76,0.079,769578108,0,4.2260485e-06,Loyal
54,2,0,36,3,3,11067.0,1843,38,0.227,715442958,0,0.2880792,Loyal
48,5,0,37,2,0,4549.0,4782,88,0.289,708402333,0,8.0742785e-07,Loyal
42,4,0,36,3,1,4959.0,4286,71,0.299,719334408,0,5.623136e-06,Loyal
44,5,0,36,1,2,6038.0,4375,81,0.0,788246958,0,1.5321912e-06,Loyal
55,4,0,42,3,2,2517.0,4528,75,0.499,780336258,0,3.323138e-07,Loyal
38,1,0,28,3,4,6275.0,1585,43,0.252,772706283,0,0.00027960626,Loyal
49,1,0,38,1,3,3051.0,4887,69,0.584,780684933,0,6.4915453e-06,Loyal
51,4,0,36,3,3,1438.3,1939,49,0.446,712927383,1,0.9500552,High Risk
32,4,0,36,2,4,2699.0,2141,56,0.596,712820208,0,0.012156237,Loyal
54,3,0,46,3,2,2798.0,2631,55,0.449,721434483,0,0.0692926,Loyal
37,2,0,31,3,4,3351.0,1910,43,0.551,720659283,0,0.00039219917,Loyal
45,2,0,35,1,3,8449.0,17634,120,0.248,716004258,0,5.254599e-06,Loyal
51,0,0,31,1,2,25837.0,3783,70,0.07,713111883,0,1.1568001e-07,Loyal
40,4,0,29,1,4,2694.0,3366,56,0.68,772248408,0,6.5305576e-05,Loyal
50,5,0,34,3,2,23381.0,4357,73,0.039,787492908,0,9.5961395e-06,Loyal
38,4,0,30,1,2,5951.0,2565,53,0.286,718227033,0,0.0031808112,Loyal
57,3,0,49,2,4,3038.0,1762,34,0.464,711320508,0,0.0003576698,Loyal
52,1,0,43,3,3,8748.0,3533,73,0.261,718828083,0,0.0001047079,Loyal
44,1,0,34,3,3,5508.0,7507,78,0.0,709823733,1,0.9636656,High Risk
50,1,0,39,1,1,2421.0,2377,56,0.425,772116408,0,0.0016865338,Loyal
56,0,0,44,1,2,34516.0,13759,120,0.038,717355533,0,8.93069e-06,Loyal
41,2,0,36,3,1,5813.0,4365,75,0.278,715932708,0,9.311301e-06,Loyal
58,1,0,47,2,2,2848.0,1135,27,0.515,719679858,0,4.7368027e-05,Loyal
44,4,0,33,2,2,4606.0,4363,78,0.338,772323033,0,2.4773672e-05,Loyal
48,5,0,38,3,3,2186.0,4629,77,0.465,714168183,0,2.6935575e-06,Loyal
49,1,0,43,3,2,3054.0,4460,88,0.277,710719683,0,5.8596463e-05,Loyal
43,3,0,36,2,3,13625.0,3902,62,0.0,719876808,0,0.00025731415,Loyal
42,3,0,23,2,3,7253.0,7595,83,0.0,778894233,0,0.28255898,Loyal
55,3,0,45,3,3,9959.0,2041,45,0.19,712881483,0,0.17174943,Loyal
39,1,0,30,3,3,2220.0,2859,55,0.0,789481233,1,0.9931312,High Risk
39,1,0,31,3,2,8687.0,2279,33,0.132,714767508,0,0.28252518,Loyal
45,3,0,34,2,2,9705.0,2001,34,0.088,789144633,0,0.47808665,Medium Risk
46,3,0,38,1,2,28327.0,3475,52,0.021,710635083,0,0.0002351282,Loyal
51,2,0,40,3,0,3532.0,4066,74,0.216,711557508,0,3.756541e-06,Loyal
40,1,0,22,3,3,12588.0,1561,26,0.159,720650208,0,0.208521,Loyal
45,0,0,40,2,2,11962.0,1907,52,0.086,810856833,0,0.0017897459,Loyal
62,2,0,36,1,2,2796.0,4820,74,0.0,712828533,0,0.00038365167,Loyal
57,4,0,36,3,3,1615.0,2212,43,0.588,714503433,1,0.7917625,High Risk
51,0,0,33,2,2,19715.0,1979,40,0.051,817245183,0,0.13495073,Loyal
40,2,0,21,1,0,4716.0,816,28,0.0,709106358,0,0.98179597,High Risk
40,3,0,25,3,1,1962.0,1179,27,0.0,720179883,0,0.323202,Loyal
42,1,0,37,2,3,2993.0,4106,81,0.751,816756783,0,3.2829004e-05,Loyal
46,4,0,41,1,1,1752.0,4864,76,0.349,812501358,0,9.4610925e-07,Loyal
51,1,0,36,3,2,11512.0,1842,32,0.086,717203958,0,0.873336,High Risk
48,3,0,36,3,3,11656.0,1441,32,0.144,719661558,0,0.5105623,Medium Risk
37,3,0,36,1,4,14926.0,2405,55,0.0,716297658,0,0.00014011783,Loyal
26,1,0,19,2,2,2187.0,2560,46,0.73,756065433,0,6.814424e-05,Loyal
40,1,0,36,3,1,8155.0,14955,102,0.144,717076458,0,0.000104412575,Loyal
48,4,0,36,1,3,4850.0,4187,86,0.211,716586408,0,5.3820736e-07,Loyal
50,3,0,37,1,3,3126.0,1388,41,0.0,719776608,0,0.014949852,Loyal
33,4,0,22,1,2,2001.0,3162,99,0.608,710268858,0,2.0186799e-06,Loyal
53,3,0,43,3,4,34516.0,14319,124,0.031,719400108,0,0.00043701165,Loyal
57,4,0,36,3,2,2525.0,4360,78,0.476,715398858,0,1.1796233e-06,Loyal
57,4,0,47,3,1,4945.0,4037,72,0.36,717359208,0,3.811481e-05,Loyal
42,1,0,36,1,3,1438.3,3499,80,0.477,788595183,0,8.462499e-08,Loyal
39,0,0,28,2,2,16199.0,4254,82,0.0,772082208,0,4.918455e-05,Loyal
65,4,0,56,3,3,1438.3,2249,61,0.0,720770883,0,0.0052397735,Loyal
44,3,0,36,2,2,2509.0,3166,72,0.583,716263533,0,7.988846e-06,Loyal
39,2,3,36,2,2,29808.0,16098,128,0.0,719848008,0,0.00050538575,Loyal
44,4,0,31,6,2,2679.0,4804,78,0.271,717073308,0,7.0137645e-07,Loyal
45,4,0,36,3,4,3281.0,1779,47,0.598,716277558,0,0.2428581,Loyal
49,3,0,36,3,2,3999.0,7567,76,0.0,712010358,1,0.52655876,Medium Risk
48,4,2,37,3,4,15987.0,7681,71,0.0,709319658,1,0.9987835,High Risk
48,1,0,33,2,3,5724.0,4510,59,0.102,794665608,0,0.003086841,Loyal
49,1,0,39,3,1,3255.0,4045,62,0.185,708997833,0,0.014042445,Loyal
50,5,0,36,2,2,17970.0,13204,97,0.077,717135333,0,2.521955e-05,Loyal
44,4,0,38,2,3,3889.0,1718,37,0.647,795784008,1,0.7793805,High Risk
46,0,0,34,1,2,34516.0,4143,68,0.0,711728208,0,8.885545e-06,Loyal
64,1,0,56,2,2,4234.0,1439,42,0.447,737925558,0,9.742605e-05,Loyal
29,4,0,21,3,2,2298.0,4814,88,0.0,719147208,0,2.3943412e-05,Loyal
50,4,0,36,3,3,1438.3,3800,69,0.0,715941633,0,5.305294e-06,Loyal
62,1,0,53,1,1,5249.0,1315,31,0.0,714078558,1,0.0005082006,Loyal
45,4,0,36,4,3,2918.0,4454,76,0.547,719453283,0,1.7472389e-06,Loyal
37,1,0,18,1,3,1900.0,2880,46,0.0,794507133,1,0.9889143,High Risk
47,3,0,38,3,2,28904.0,1334,35,0.066,710790258,0,0.0003585785,Loyal
62,1,0,55,1,4,2644.0,1194,30,0.835,755953308,0,0.005163901,Loyal
55,1,0,36,2,0,6244.0,1445,40,0.403,712710708,0,0.00016671317,Loyal
33,4,3,17,3,2,13431.0,2338,71,0.118,717843783,0,4.9727576e-05,Loyal
47,3,0,36,3,3,30210.0,3503,65,0.04,710297133,0,6.111098e-05,Loyal
53,4,0,36,1,3,2974.0,1785,45,0.393,716222808,0,0.0016744805,Loyal
53,2,0,36,3,2,3539.0,1677,45,0.711,714069858,0,0.010060957,Loyal
58,4,0,48,2,2,1438.3,4223,60,0.557,787659483,0,3.1556674e-06,Loyal
50,2,0,43,3,3,4388.0,3836,81,0.146,757167633,0,4.2521293e-05,Loyal
39,5,0,34,1,2,12512.0,2995,60,0.053,717207408,0,1.8049058e-06,Loyal
42,5,0,32,3,4,4035.0,4589,89,0.249,778224858,0,1.6550857e-05,Loyal
39,4,0,36,3,3,9476.0,1128,27,0.0,709103358,0,0.7693253,High Risk
44,3,0,39,2,2,1438.3,1495,39,0.0,816829608,0,0.4526802,Medium Risk
46,2,0,35,1,1,5131.0,7432,92,0.289,719838558,0,4.2138402e-07,Loyal
46,4,0,34,1,2,7562.0,14908,100,0.198,718161708,0,1.0959661e-06,Loyal
59,2,3,36,2,2,26692.0,8780,86,0.094,717382608,0,0.3081353,Loyal
43,1,0,34,1,2,2243.0,4023,63,0.0,711762408,0,0.0001158726,Loyal
26,5,0,13,2,2,2600.0,2625,45,0.722,811571733,0,3.6065016e-05,Loyal
56,4,0,45,1,1,1737.0,4611,73,0.0,779403558,0,1.9932193e-05,Loyal
43,1,0,36,3,1,1531.0,4152,77,0.0,718399233,0,0.00021600933,Loyal
53,4,0,36,1,3,1438.3,4551,65,0.822,711343233,0,1.4466473e-06,Loyal
47,1,0,30,1,1,1438.3,4669,83,0.418,779536233,0,2.045103e-08,Loyal
52,2,0,36,3,2,18336.0,7509,84,0.113,718893333,0,6.353461e-05,Loyal
61,5,0,52,2,4,3293.0,3121,56,0.0,716697708,1,0.035161126,Loyal
64,4,0,56,1,2,6167.0,1648,43,0.0,708788583,1,0.0059678145,Loyal
31,4,3,23,2,1,10850.0,13794,127,0.173,713808633,0,7.750322e-05,Loyal
29,1,0,17,1,3,4626.0,14740,102,0.266,721210158,0,0.0016997285,Loyal
39,2,0,24,3,2,21679.0,15581,115,0.049,789666333,0,7.9265985e-05,Loyal
27,1,0,17,1,2,4610.0,2280,49,0.0,710872233,0,0.00022361563,Loyal
41,3,0,28,3,3,16627.0,7996,99,0.127,780497958,0,0.00014599212,Loyal
45,5,0,39,3,1,1438.3,4596,71,0.0,798047583,0,2.2181317e-05,Loyal
44,2,0,27,1,2,19114.0,4413,69,0.092,817089408,0,2.9681792e-07,Loyal
49,3,0,36,2,2,20533.0,3918,78,0.064,787472283,0,5.8186873e-07,Loyal
51,3,0,45,2,3,10648.0,4930,89,0.236,801786483,0,4.761737e-06,Loyal
57,0,0,38,6,2,19802.0,2244,58,0.099,709040508,0,0.18687697,Loyal
47,4,0,41,1,2,3108.0,14965,127,0.636,709257708,0,5.277736e-06,Loyal
38,4,0,31,3,2,1555.0,4686,75,0.634,753118533,0,1.2301013e-05,Loyal
54,5,0,49,4,3,9733.0,5228,71,0.089,812222208,0,0.15171297,Loyal
45,1,0,35,3,0,3540.0,1321,28,0.24,714187533,0,0.0002794261,Loyal
37,4,0,26,1,2,2917.0,4524,67,0.76,789180933,0,3.4451692e-05,Loyal
47,2,0,36,5,2,10585.0,18484,108,0.165,718140783,0,1.3496211e-05,Loyal
61,2,0,54,1,4,11859.0,8930,79,0.139,713924283,1,0.67244506,Medium Risk
55,2,0,48,2,3,18980.0,8295,113,0.133,713236458,0,0.0011162934,Loyal
38,2,0,33,4,1,1503.0,4439,77,0.585,816315558,0,2.7911292e-06,Loyal
46,4,0,40,2,2,5157.0,4417,77,0.288,770135358,0,2.3260463e-06,Loyal
61,1,0,52,1,1,2177.0,7037,82,0.61,714284358,0,6.091026e-06,Loyal
63,4,0,52,2,3,2689.0,1188,35,0.781,712965183,0,0.00041046858,Loyal
31,5,0,36,3,3,21067.0,9212,71,0.0,713668158,1,0.9999436,High Risk
54,5,0,48,1,2,8572.0,7850,94,0.248,784819758,0,0.0001536746,Loyal
42,3,3,35,2,3,34516.0,14672,110,0.041,712025958,0,0.00027178848,Loyal
39,2,0,26,2,1,2973.0,4342,87,0.382,713653983,0,1.4781338e-05,Loyal
47,4,0,36,2,1,2500.0,4265,87,0.468,712619808,0,2.4575786e-07,Loyal
46,1,0,38,2,0,3645.0,4680,87,0.323,710086308,0,5.8616413e-05,Loyal
53,5,0,45,1,3,1882.0,5221,87,0.0,711781233,0,6.258803e-05,Loyal
41,4,0,36,4,1,2968.0,5171,85,0.631,708254733,0,1.9548372e-06,Loyal
42,1,0,28,2,2,2827.0,3891,81,0.671,788930358,0,9.060268e-06,Loyal
40,4,0,36,2,3,5989.0,5843,60,0.0,714361083,1,0.9994343,High Risk
50,5,0,37,2,3,1461.0,2176,40,0.0,713253858,1,0.9830572,High Risk
45,4,0,32,3,0,2859.0,4440,79,0.621,771020133,0,5.7707143e-07,Loyal
56,3,0,36,2,1,33870.0,7661,61,0.0,719593608,1,0.99331975,High Risk
40,3,0,29,2,1,30997.0,3821,81,0.075,714407058,0,1.3923939e-06,Loyal
44,1,0,29,1,2,1438.3,3971,60,0.0,721282908,0,2.0430682e-05,Loyal
38,4,0,26,2,1,3860.0,14474,118,0.304,771507258,0,0.00071630644,Loyal
32,4,0,36,5,4,1835.0,2801,79,0.554,716285358,0,1.8390286e-06,Loyal
38,4,0,30,1,0,2569.0,1190,46,0.625,711985833,0,3.0821911e-07,Loyal
33,5,0,36,2,2,2279.0,4169,74,0.628,717182883,0,2.0287969e-06,Loyal
39,5,0,36,2,4,9843.0,1402,35,0.219,714618333,0,0.016198365,Loyal
38,4,0,26,1,1,4345.0,4770,62,0.193,709443633,0,0.00021895446,Loyal
44,3,0,34,1,4,7150.0,3636,69,0.264,778180158,0,1.1481864e-07,Loyal
50,3,0,36,3,4,9959.0,10310,63,0.096,713755458,1,0.9953166,High Risk
36,0,0,29,3,2,3158.0,2973,63,0.0,767269908,0,0.0065058656,Loyal
49,1,0,39,2,3,7382.0,4792,65,0.18,778231983,0,0.008958837,Loyal
40,4,0,34,4,1,3313.0,1171,20,0.76,769911858,0,0.00036974787,Loyal
42,1,0,30,2,3,10136.0,4429,78,0.0,711866358,0,0.0024676167,Loyal
55,2,0,49,2,4,4597.0,1504,38,0.531,774437583,0,0.00022404331,Loyal
47,4,0,36,3,2,1636.0,2235,35,0.0,711232608,1,0.9999676,High Risk
47,1,3,32,3,4,18535.0,3780,70,0.064,721315233,0,9.266883e-06,Loyal
45,0,0,36,2,3,3383.0,4897,75,0.431,713401758,0,5.2530704e-05,Loyal
48,4,0,42,3,2,1942.0,2522,42,0.443,769438608,1,0.9990337,High Risk
54,3,0,43,2,4,32558.0,1440,37,0.062,713172408,0,0.0027839204,Loyal
44,3,0,24,3,0,3839.0,1271,24,0.598,778425408,0,1.1201761e-05,Loyal
55,3,0,36,1,0,6400.0,4475,91,0.309,718611333,0,9.907128e-08,Loyal
56,5,0,44,1,2,8204.0,4727,76,0.168,771400608,0,1.5972049e-06,Loyal
36,4,0,28,1,1,1967.0,4620,77,0.0,719990358,0,1.4777616e-05,Loyal
53,4,0,47,4,2,2927.0,2231,60,0.86,714250908,1,0.02970964,Loyal
52,3,0,38,2,2,12878.0,1968,59,0.126,715992558,0,0.00027717845,Loyal
55,5,0,47,1,3,5794.0,4201,73,0.0,713181558,0,0.000813052,Loyal
49,4,0,43,3,1,2481.0,4466,69,0.632,793597833,0,1.4594194e-06,Loyal
65,4,0,56,6,3,6184.0,1712,27,0.0,816013383,1,0.8989801,High Risk
48,4,0,36,3,1,3882.0,13980,128,0.523,715518783,0,9.019864e-05,Loyal
47,2,3,32,2,2,34516.0,1330,32,0.043,779353083,0,3.561486e-05,Loyal
46,1,3,34,3,4,16547.0,1561,41,0.0,719881533,1,0.6022931,Medium Risk
47,4,0,37,3,3,5726.0,2311,58,0.146,792864858,0,0.0826384,Loyal
57,3,0,52,6,4,2564.0,1343,35,0.928,808681158,0,0.00056510547,Loyal
49,1,0,36,2,3,4167.0,7590,87,0.0,717390408,1,0.04507796,Loyal
46,5,0,26,3,6,15195.0,2631,41,0.0,720551733,1,0.9999994,High Risk
48,1,0,37,3,4,5268.0,2138,40,0.416,772273983,1,0.9745816,High Risk
39,3,0,31,3,2,32210.0,1821,53,0.035,720648483,0,0.06318756,Loyal
51,4,0,36,1,1,7645.0,7710,75,0.272,721486908,0,1.7309823e-05,Loyal
43,4,0,33,3,3,8358.0,1566,37,0.111,716657058,0,0.014023813,Loyal
34,4,0,24,3,3,5712.0,2617,54,0.342,713630733,0,0.02340208,Loyal
43,4,0,31,1,3,2639.0,4892,85,0.0,718586133,0,1.1156323e-05,Loyal
55,3,0,36,2,2,18022.0,14485,106,0.0,717482658,0,0.0009964206,Loyal
40,0,0,26,3,1,14046.0,3792,77,0.142,718503108,0,4.996442e-06,Loyal
34,4,0,27,3,3,1726.0,5228,68,0.81,714148758,0,0.0023862761,Loyal
55,0,0,36,2,2,12856.0,3364,61,0.0,708902883,0,0.0006649569,Loyal
46,4,0,34,1,3,5387.0,4374,76,0.21,771499233,0,2.4589832e-07,Loyal
52,3,0,41,3,1,2757.0,3992,76,0.517,714113658,0,6.7153286e-07,Loyal
45,4,0,33,2,3,5553.0,3744,52,0.201,713231658,0,0.0009949768,Loyal
37,3,0,17,1,2,4116.0,8667,70,0.358,708319908,1,0.99520737,High Risk
51,1,3,36,2,2,17905.0,4399,64,0.055,715629783,0,6.161563e-05,Loyal
45,4,3,40,5,2,10677.0,8637,94,0.0,820587258,0,0.00095437246,Loyal
46,3,0,35,3,4,4930.0,3343,77,0.0,771852483,0,3.4922432e-05,Loyal
35,1,0,25,2,6,1438.3,2500,44,0.0,712578933,1,0.99995947,High Risk
29,4,0,36,1,2,2763.0,4660,80,0.68,711263058,0,5.318224e-07,Loyal
40,4,0,29,3,1,5716.0,4387,79,0.109,779405133,0,4.3374075e-06,Loyal
49,3,0,42,2,1,17764.0,2750,57,0.082,716094333,0,0.0010546127,Loyal
50,3,0,31,3,3,12906.0,2078,62,0.025,778837083,1,0.500855,Medium Risk
52,4,0,39,3,2,3302.0,2682,47,0.762,712434708,1,0.9983302,High Risk
47,4,0,35,2,4,1438.3,3778,69,0.0,771431133,0,4.446974e-06,Loyal
48,3,0,36,1,3,7633.0,1807,58,0.224,709716258,0,1.39780395e-05,Loyal
45,4,0,32,3,2,2726.0,5578,89,0.78,710464683,0,8.093089e-06,Loyal
37,1,0,27,3,4,3851.0,2349,61,0.44,787543008,0,0.002707309,Loyal
34,5,0,36,4,2,22886.0,2652,61,0.037,709363383,0,5.102779e-05,Loyal
56,2,0,51,2,2,6941.0,4097,78,0.146,817988433,0,1.5319954e-05,Loyal
35,1,0,24,3,2,10467.0,2665,65,0.187,717189183,0,0.0004525302,Loyal
48,1,0,37,2,4,6541.0,3902,63,0.171,710854008,0,4.5618854e-05,Loyal
31,3,0,36,3,3,4260.0,2109,52,0.417,714531108,0,0.03202575,Loyal
49,0,0,29,3,2,7650.0,8609,109,0.267,778420383,0,0.0008348695,Loyal
40,4,0,35,1,3,3511.0,5238,82,0.0,809068983,0,0.002398607,Loyal
58,3,0,46,3,1,10286.0,8199,59,0.0,713131158,1,0.9969317,High Risk
62,2,3,46,5,6,28229.0,2281,45,0.01,709649958,1,0.9999434,High Risk
48,1,0,41,1,3,9336.0,1391,39,0.179,754886958,0,0.0003021902,Loyal
44,2,0,32,1,1,10007.0,4309,77,0.158,713476758,0,1.4905187e-07,Loyal
39,3,0,31,2,3,30753.0,1780,33,0.054,709473708,0,0.00060737476,Loyal
38,4,0,26,3,0,2920.0,2750,41,0.831,708190158,1,0.67907697,Medium Risk
44,4,0,34,1,3,2490.0,8065,88,0.496,719813058,0,1.1485787e-05,Loyal
45,3,0,36,2,2,3031.0,2188,50,0.83,708158133,1,0.94729674,High Risk
53,1,0,48,3,3,4442.0,14437,109,0.249,815826708,0,0.0005090371,Loyal
44,2,0,35,2,2,5947.0,4984,90,0.167,712682583,0,3.9688744e-05,Loyal
42,4,3,36,1,2,10074.0,3338,65,0.107,714917583,0,9.844774e-07,Loyal
52,4,0,36,2,1,3244.0,8087,95,0.572,711577458,0,0.00023000309,Loyal
36,4,0,27,2,4,3444.0,2668,51,0.709,717623583,0,0.092705525,Loyal
40,5,0,28,3,3,2690.0,4917,81,0.719,708899283,0,6.264102e-06,Loyal
46,5,0,31,2,3,8243.0,4503,90,0.112,720249183,0,6.220688e-07,Loyal
45,4,0,33,3,3,1833.0,2037,31,0.0,718653333,1,0.9999765,High Risk
35,4,0,26,2,3,1918.0,4237,76,0.469,721424583,0,3.6603324e-05,Loyal
46,4,0,36,3,4,5090.0,3707,72,0.324,708451233,0,3.6994574e-05,Loyal
56,4,0,48,2,2,1438.3,1336,32,0.0,788122533,0,0.016868582,Loyal
49,4,0,37,2,1,6184.0,1756,49,0.0,708298233,1,0.11367793,Loyal
55,3,0,47,1,4,1438.3,1427,36,0.0,711935283,1,0.43021,Medium Risk
40,3,0,34,2,2,9124.0,4564,65,0.233,769892058,0,0.005486909,Loyal
39,4,0,25,2,1,1781.0,5093,77,0.525,717954333,0,6.5921427e-06,Loyal
49,3,0,44,3,3,12174.0,14743,121,0.112,820108008,0,2.045505e-05,Loyal
55,4,0,43,2,3,2736.0,4078,85,0.363,712840608,0,5.384851e-07,Loyal
51,4,0,36,3,1,4970.0,5023,78,0.32,817240833,0,9.489472e-05,Loyal
53,0,0,40,2,5,4182.0,1297,24,0.177,771051783,0,0.0023435415,Loyal
39,3,0,23,1,4,2718.0,1711,36,0.793,779895108,0,0.00029441435,Loyal
39,2,0,32,2,2,1715.0,5910,91,0.0,714811533,0,3.9370432e-05,Loyal
33,1,3,20,1,3,15977.0,7745,64,0.0,714945708,1,0.999186,High Risk
51,1,0,36,3,2,2710.0,4724,60,0.0,712925808,1,0.20752358,Loyal
38,4,0,25,3,1,2468.0,4426,76,0.353,712302783,0,8.993045e-06,Loyal
42,1,0,36,2,1,2012.0,3282,66,0.0,710725383,0,0.0012405396,Loyal
45,0,3,36,1,4,34516.0,4067,75,0.059,708710283,0,5.784732e-07,Loyal
49,3,0,36,2,2,2292.0,2584,60,0.0,708382083,0,0.33645403,Loyal
52,2,0,45,3,3,3460.0,2355,47,0.0,767404083,1,0.997693,High Risk
34,3,0,28,1,3,24765.0,1544,36,0.081,773297508,0,7.800251e-05,Loyal
31,4,0,19,2,0,2853.0,2697,68,0.687,717478983,0,1.1447753e-05,Loyal
58,1,0,50,3,3,5386.0,4846,84,0.0,709679658,0,0.0010998537,Loyal
47,3,0,28,1,3,8757.0,2108,47,0.0,721427358,1,0.42858785,Medium Risk
42,4,0,29,3,1,4710.0,4663,78,0.341,718178583,0,5.6543104e-05,Loyal
50,4,0,36,2,2,2433.0,4668,69,0.801,718489608,0,2.9493936e-05,Loyal
51,4,0,39,2,1,2847.0,3672,59,0.731,721349883,0,0.00024203314,Loyal
36,0,0,24,2,3,11316.0,2595,49,0.141,787505133,1,0.013540196,Loyal
51,4,0,36,2,2,1588.0,4660,68,0.948,711521958,0,2.5348503e-05,Loyal
42,1,3,36,2,3,15069.0,3464,67,0.122,708271833,0,9.090567e-05,Loyal
48,3,0,36,3,1,11862.0,643,16,0.212,711242058,1,0.9856529,High Risk
40,3,0,34,3,4,29715.0,2128,39,0.0,718524783,1,0.9777209,High Risk
41,3,0,36,3,3,8029.0,1094,32,0.196,715050408,0,0.6532781,Medium Risk
53,4,0,46,5,2,2153.0,4628,69,0.0,757527033,0,8.765148e-05,Loyal
43,3,0,36,3,2,19333.0,7847,63,0.0,717580458,1,0.9992693,High Risk
48,3,0,38,2,2,13174.0,4890,49,0.0,714938733,1,0.9993036,High Risk
38,3,0,29,2,3,10972.0,4401,73,0.0,719170683,0,0.00035653205,Loyal
40,4,0,35,3,1,4402.0,3063,57,0.346,715347783,0,0.009340382,Loyal
44,3,0,37,1,1,34058.0,4043,57,0.0,790108908,0,2.6050898e-06,Loyal
33,1,0,22,3,2,1438.3,4528,86,0.0,789218433,0,3.5062742e-06,Loyal
55,3,0,46,1,1,10795.0,7855,81,0.0,789469083,0,0.39369792,Loyal
55,1,0,47,2,3,2697.0,4615,81,0.691,715797783,0,4.2268907e-06,Loyal
44,2,3,34,3,3,34516.0,8450,90,0.048,713761608,0,0.347574,Loyal
49,2,0,37,1,4,4854.0,3651,70,0.25,771669183,0,3.631958e-07,Loyal
53,0,0,36,3,3,3329.0,1978,33,0.328,779521533,0,0.08211741,Loyal
53,0,0,34,1,2,8507.0,14949,114,0.174,715554708,0,1.4548739e-06,Loyal
31,3,0,24,3,3,34516.0,2329,69,0.034,767687208,0,1.65903e-05,Loyal
49,5,0,40,3,2,5267.0,1353,24,0.0,708655983,0,0.10592045,Loyal
32,4,0,17,2,1,4445.0,5373,87,0.243,720729108,0,8.435379e-05,Loyal
39,4,0,36,3,1,2609.0,3024,64,0.635,708722583,0,1.798839e-05,Loyal
45,3,0,40,3,2,3728.0,1632,42,0.0,715371108,1,0.9843023,High Risk
49,4,0,43,1,2,3232.0,3915,74,0.255,797238108,0,5.200979e-06,Loyal
59,4,0,46,1,2,3044.0,1456,36,0.529,718640508,0,0.00024895204,Loyal
51,4,3,36,2,3,13812.0,3723,56,0.082,709487058,0,0.0003277561,Loyal
48,2,1,36,6,1,34516.0,7396,100,0.0,712948383,0,4.6777554e-05,Loyal
42,5,0,34,3,2,5395.0,3523,79,0.267,708469533,0,3.8208755e-06,Loyal
50,0,3,36,2,4,34516.0,2687,64,0.026,709104333,0,0.00025484624,Loyal
59,5,0,52,3,3,10133.0,1068,20,0.14,755420433,0,0.41689467,Medium Risk
37,4,0,30,2,2,2077.0,1629,36,0.67,718996758,0,0.00010427406,Loyal
60,4,0,36,2,3,1601.0,4919,69,0.0,719445633,0,0.0007099684,Loyal
36,1,0,23,2,3,2024.0,4861,84,0.445,709231683,0,2.0758487e-05,Loyal
48,2,0,30,2,2,3307.0,4006,68,0.676,708846183,0,3.3215492e-05,Loyal
58,0,0,54,1,4,3452.0,1008,21,0.605,826723308,0,0.3275121,Loyal
37,4,0,29,3,2,2584.0,4045,78,0.625,710825658,0,9.535943e-07,Loyal
42,2,0,36,3,4,1871.0,2593,48,0.0,796931508,1,0.99975127,High Risk
52,0,0,47,2,2,29695.0,4109,71,0.051,808753758,0,5.599104e-06,Loyal
30,4,0,21,4,3,2490.0,2441,53,0.506,789494133,0,6.7329514e-05,Loyal
52,1,0,47,3,3,4717.0,2349,66,0.0,816312633,0,0.38410518,Loyal
50,1,0,37,1,0,12064.0,4100,67,0.109,720029508,0,2.0753244e-08,Loyal
36,2,0,27,3,2,7776.0,3063,87,0.107,714971583,0,1.8880488e-07,Loyal
49,4,0,38,3,1,7862.0,3645,82,0.253,789325008,0,2.8600614e-06,Loyal
54,4,0,41,4,4,3161.0,2412,62,0.386,713287608,0,0.017472101,Loyal
50,0,0,43,1,3,20114.0,4740,88,0.0,754872333,0,3.4889345e-05,Loyal
41,1,3,32,2,4,16509.0,1740,43,0.026,713573508,1,0.69973487,Medium Risk
50,2,0,40,2,4,17404.0,4491,78,0.1,718875483,0,5.240981e-06,Loyal
63,1,0,49,1,3,3141.0,1539,35,0.579,780237033,0,0.005334553,Loyal
26,4,0,36,3,3,2735.0,2441,58,0.493,710363433,0,0.00039063237,Loyal
53,4,0,47,2,3,2154.0,1439,26,0.432,795232683,0,5.8454807e-05,Loyal
43,4,0,30,3,4,6811.0,1937,39,0.0,719577258,1,0.99760735,High Risk
54,4,0,45,2,2,2704.0,4839,92,0.292,717400533,0,2.0478644e-06,Loyal
40,4,0,36,1,3,2387.0,2134,41,0.843,713047608,1,0.3415828,Loyal
47,2,0,36,2,2,13867.0,4297,68,0.0,716645883,0,8.448519e-06,Loyal
45,2,0,32,3,2,13162.0,1424,38,0.0,709707033,1,0.26994216,Loyal
63,5,0,36,2,3,3967.0,1657,29,0.395,711112683,0,0.014037113,Loyal
46,3,0,40,3,3,19458.0,1217,27,0.074,799723908,0,0.01124454,Loyal
49,4,0,40,1,3,2636.0,4056,67,0.698,712290258,0,9.3532225e-07,Loyal
45,2,0,30,2,2,17625.0,1773,39,0.051,710462433,0,0.19696565,Loyal
54,4,0,49,2,2,1719.0,4869,65,0.0,812446158,0,0.0025134438,Loyal
53,4,0,32,2,3,7832.0,14614,106,0.228,788741733,0,0.00011489502,Loyal
41,1,0,31,3,2,5655.0,2189,51,0.204,780201633,1,0.5174083,Medium Risk
56,4,0,48,3,1,1438.3,4210,75,0.0,713656308,0,9.481394e-06,Loyal
64,4,0,53,1,3,5462.0,1523,35,0.341,710749458,0,0.00023263802,Loyal
35,3,0,20,3,4,8082.0,1725,29,0.285,817142433,0,0.15047258,Loyal
43,4,0,34,3,1,1620.0,4570,82,0.0,789491058,0,6.7054956e-05,Loyal
44,4,0,39,1,3,5024.0,4908,73,0.44,812488608,0,5.759961e-05,Loyal
43,5,0,30,3,3,9535.0,4210,81,0.069,710563458,0,2.1705739e-05,Loyal
53,3,0,34,1,4,20231.0,5002,78,0.071,716013858,0,4.6891384e-07,Loyal
48,1,0,38,1,2,3503.0,4671,93,0.449,717890583,0,2.225986e-06,Loyal
29,4,0,21,1,3,2832.0,4761,75,0.642,789540108,0,2.898705e-06,Loyal
45,1,0,32,1,1,1438.3,4462,77,0.0,708753633,0,1.106197e-06,Loyal
33,3,0,23,4,3,7081.0,2249,47,0.265,772776033,0,0.00055519753,Loyal
42,1,0,35,3,3,1786.0,4306,73,0.737,751283658,0,5.7997615e-05,Loyal
49,2,0,29,3,3,1460.0,2329,36,0.0,711237633,1,0.9986603,High Risk
26,5,0,13,2,3,12007.0,2678,50,0.08,817197333,0,0.00024730078,Loyal
45,3,0,33,5,3,31458.0,4202,66,0.038,718737708,0,1.6926442e-06,Loyal
42,2,0,35,3,1,14958.0,4038,68,0.11,710507733,0,1.9410998e-05,Loyal
55,3,0,41,2,2,27560.0,646,10,0.033,712979133,1,0.9752678,High Risk
50,3,0,38,2,2,25300.0,837,15,0.053,717975333,0,0.92750597,High Risk
50,4,0,41,2,3,8589.0,3553,63,0.08,787563858,0,1.0989859e-05,Loyal
39,4,0,21,2,1,2867.0,4445,89,0.476,779442783,0,3.2218036e-06,Loyal
33,4,0,36,3,3,8398.0,16706,123,0.223,720608658,0,0.00053098303,Loyal
56,3,0,46,3,3,23240.0,9441,82,0.066,714524583,1,0.70957345,High Risk
46,1,0,32,2,3,11477.0,1260,27,0.0,713580633,0,0.062499464,Loyal
40,0,0,28,3,3,18295.0,4827,70,0.0,712214283,0,0.007999668,Loyal
56,4,0,39,3,4,1632.0,2509,47,0.0,720190083,1,0.99997723,High Risk
31,4,0,22,1,1,4254.0,2366,62,0.579,718394658,0,9.085696e-05,Loyal
44,2,0,34,4,4,3828.0,4558,90,0.299,708615183,0,2.5033367e-05,Loyal
56,4,0,52,5,1,3639.0,1865,42,0.599,827476983,1,0.808715,High Risk
48,5,0,43,3,3,7791.0,13945,107,0.189,803335008,0,2.1983826e-05,Loyal
46,4,0,35,5,1,2069.0,7307,82,0.532,711658758,0,2.440252e-07,Loyal
49,1,3,41,1,3,20231.0,1215,36,0.048,721232058,0,0.0020395769,Loyal
48,3,3,43,3,4,34516.0,1626,28,0.0,809599158,1,0.9457835,High Risk
37,0,0,25,3,0,15017.0,2076,58,0.115,717127083,0,0.0008730565,Loyal
49,4,0,41,3,2,2555.0,4552,75,0.71,709243533,0,2.2010684e-06,Loyal
50,4,0,40,4,4,4248.0,2271,36,0.074,711267633,1,0.99994314,High Risk
55,4,0,50,6,3,1720.0,2719,36,0.0,809849358,1,0.99999774,High Risk
53,1,3,36,1,1,15248.0,4758,83,0.081,720708183,0,7.597189e-08,Loyal
55,5,0,50,1,4,11341.0,1731,46,0.0,805259733,0,0.30231747,Loyal
44,4,0,36,3,3,1895.0,2472,40,0.0,712660308,1,0.9999932,High Risk
52,4,0,44,1,3,3433.0,4831,78,0.724,714296358,0,2.5288236e-05,Loyal
44,4,0,40,1,2,1438.3,4429,78,0.813,823578483,0,4.6688263e-07,Loyal
40,4,0,29,1,2,2636.0,4584,70,0.741,709749483,0,2.2351428e-07,Loyal
54,4,0,46,3,3,2611.0,4899,68,0.602,715215108,0,4.5893e-06,Loyal
38,3,0,25,1,3,11352.0,1601,34,0.0,718415133,0,0.0025984084,Loyal
43,3,0,34,4,3,4617.0,1779,35,0.224,710500983,1,0.8600874,High Risk
39,1,0,29,1,1,9173.0,1807,33,0.223,714970458,0,0.000424654,Loyal
48,1,0,36,2,3,7400.0,1568,51,0.086,708931908,0,0.0066723498,Loyal
44,5,0,37,3,3,5589.0,4262,75,0.239,749571633,0,1.3181175e-05,Loyal
48,3,0,42,3,2,25658.0,4498,85,0.067,801508383,0,1.0453216e-06,Loyal
51,3,0,36,3,4,22754.0,8531,77,0.0,717185658,1,0.9997017,High Risk
47,5,3,42,2,2,34516.0,7774,95,0.058,812618883,0,8.20318e-06,Loyal
31,1,0,26,1,2,2037.0,2563,64,0.0,819002508,0,0.010418663,Loyal
43,1,0,35,3,3,2297.0,3161,65,0.455,710218233,0,0.00088342157,Loyal
46,4,0,27,3,3,3901.0,4313,72,0.257,719344608,0,0.00033194854,Loyal
51,4,0,25,2,2,9512.0,1007,22,0.114,718464258,0,0.25006664,Loyal
38,4,0,29,1,1,3304.0,5178,79,0.405,710512833,0,2.6057085e-06,Loyal
33,4,0,16,3,2,1438.3,4688,89,0.425,718032483,0,2.3805477e-07,Loyal
46,0,0,32,2,2,34516.0,2436,71,0.03,710159658,0,0.0028283724,Loyal
54,4,0,41,2,4,1438.3,4217,72,0.566,715765758,0,1.4634919e-06,Loyal
41,2,1,36,3,3,34516.0,4822,57,0.02,811700058,1,0.99721706,High Risk
45,0,0,40,4,4,16476.0,4717,71,0.083,806824908,0,0.008483911,Loyal
49,3,0,41,3,4,2930.0,4041,75,0.649,712428333,0,1.7615674e-05,Loyal
43,2,0,31,3,3,3764.0,4898,80,0.473,710971908,0,1.4499177e-05,Loyal
55,1,0,36,3,3,2205.0,1591,38,0.606,718011783,0,9.707374e-05,Loyal
43,1,0,34,1,3,2032.0,4736,86,0.496,721399833,0,1.4870771e-07,Loyal
51,4,0,43,1,2,2185.0,1645,30,0.806,710975883,0,0.025188785,Loyal
49,5,0,41,3,2,16031.0,1527,57,0.14,712420833,0,0.0045283954,Loyal
62,1,0,56,6,2,3477.0,2113,40,0.0,803115258,1,0.99144274,High Risk
41,1,0,29,2,2,6991.0,14994,104,0.198,721005108,0,0.00022639228,Loyal
49,4,0,43,2,4,9652.0,3762,73,0.261,788610258,0,1.6127267e-06,Loyal
49,2,0,36,1,2,6224.0,14238,93,0.214,716159958,0,2.097266e-06,Loyal
59,2,0,48,3,3,1438.3,5177,79,0.446,789231858,0,3.6764354e-07,Loyal
40,2,0,27,2,3,5051.0,2137,45,0.0,719123958,1,0.9238378,High Risk
63,2,0,36,2,3,2567.0,2399,43,0.0,719337408,0,0.9724292,High Risk
46,4,0,28,2,3,2424.0,4209,76,0.895,779486433,0,0.00047595205,Loyal
48,4,0,33,1,3,5814.0,3796,74,0.202,817337958,0,3.3244442e-07,Loyal
41,4,0,29,2,2,2601.0,5111,83,0.715,712774908,0,1.994894e-07,Loyal
45,4,0,40,1,3,2922.0,3895,70,0.415,813234108,0,8.81421e-07,Loyal
55,3,1,49,1,3,34516.0,7917,95,0.023,792524358,0,0.0022195417,Loyal
60,5,0,48,3,4,6417.0,3280,71,0.214,719282433,0,6.8301215e-06,Loyal
46,2,0,33,2,1,12745.0,4380,80,0.0,720299283,0,5.792593e-06,Loyal
36,4,0,36,2,1,2758.0,3073,86,0.786,709479558,0,4.6733035e-06,Loyal
63,4,0,53,1,3,2675.0,1959,56,0.941,716102583,0,0.0005222818,Loyal
27,2,0,36,3,2,13303.0,10219,85,0.189,713733633,1,0.726225,High Risk
45,3,0,38,3,1,12918.0,1562,33,0.104,795155433,0,0.016397119,Loyal
55,1,0,46,3,2,5162.0,3562,72,0.191,711783483,0,4.4261735e-05,Loyal
45,3,0,36,3,4,12250.0,1995,39,0.177,721532583,1,0.8457073,High Risk
34,2,0,36,2,4,2379.0,2966,50,0.833,714753258,0,0.69186753,Medium Risk
36,2,0,21,1,5,12763.0,2599,46,0.197,721055058,0,0.0001978653,Loyal
40,1,0,20,2,2,2037.0,4574,84,0.662,720510333,0,5.3414046e-06,Loyal
51,2,0,41,3,1,1959.0,3737,71,0.0,718146258,0,3.1074906e-05,Loyal
43,3,0,30,3,3,34516.0,2427,51,0.0,715664808,1,0.85531676,High Risk
50,4,0,41,2,2,1438.3,4550,78,0.0,719964933,0,3.876677e-06,Loyal
54,5,0,40,2,2,2532.0,799,21,0.877,709173108,1,0.99544597,High Risk
31,4,0,22,1,3,3329.0,13109,114,0.0,719722308,0,0.00019420705,Loyal
55,4,0,36,1,0,3174.0,1243,29,0.615,719666283,0,6.669728e-06,Loyal
59,1,3,49,2,2,15809.0,3109,48,0.0,780006783,1,0.96297103,High Risk
50,0,0,41,2,3,34516.0,16692,131,0.065,715601808,0,2.5949088e-05,Loyal
50,5,0,44,2,2,5708.0,4914,60,0.33,769720683,0,0.0068858773,Loyal
49,4,0,42,3,4,2162.0,3825,70,0.87,765692658,0,1.6756958e-05,Loyal
49,4,0,42,1,2,3949.0,4124,57,0.37,717819633,0,1.6467366e-05,Loyal
48,3,3,36,2,2,34516.0,1733,54,0.0,718699683,0,0.38024867,Loyal
41,0,0,35,3,3,34516.0,3127,51,0.024,797169633,0,0.93957937,High Risk
51,0,0,40,5,3,34516.0,3847,74,0.0,710636208,0,0.00025337443,Loyal
50,3,0,37,3,2,27186.0,1704,34,0.0,709309308,1,0.4833417,Medium Risk
56,3,0,51,3,1,16835.0,4059,80,0.053,819690933,0,3.0111596e-05,Loyal
43,3,0,33,3,2,28170.0,1013,28,0.066,711615933,0,0.054943975,Loyal
51,2,0,37,1,4,8511.0,3775,62,0.0,714933783,0,4.013155e-07,Loyal
48,1,1,28,2,1,23981.0,9140,64,0.061,778643733,1,0.8381161,High Risk
54,4,0,43,1,4,3006.0,5177,66,0.211,712867983,0,0.0004991364,Loyal
54,4,0,45,1,3,1438.3,694,15,0.213,718939083,1,0.9998565,High Risk
50,4,0,41,3,1,3423.0,2229,45,0.0,713512308,1,0.9996549,High Risk
50,4,0,43,2,1,2974.0,4297,88,0.703,790123983,0,8.1063365e-07,Loyal
44,4,0,36,3,1,1438.3,4173,70,0.376,711153783,0,2.3507866e-06,Loyal
35,0,0,28,3,2,14869.0,2753,48,0.0,744483633,0,0.40121937,Medium Risk
49,3,0,41,3,2,5275.0,4213,74,0.282,719971458,0,1.0856325e-05,Loyal
44,4,0,36,3,4,5409.0,10291,60,0.0,716506083,1,0.99985576,High Risk
46,4,0,36,2,3,3138.0,4724,56,0.314,716329383,1,0.95431185,High Risk
38,3,3,36,3,1,34516.0,15584,114,0.042,719719158,0,0.00022237266,Loyal
32,4,0,20,1,5,3983.0,3098,46,0.108,716107158,1,0.022834528,Loyal
36,4,0,36,3,3,2977.0,2201,39,0.45,714477408,1,0.4637029,Medium Risk
50,1,3,43,2,3,17304.0,1756,33,0.145,773146383,0,0.2735142,Loyal
53,4,0,44,1,1,1904.0,4798,85,0.465,708635058,0,7.666697e-08,Loyal
49,3,0,43,2,2,20701.0,14374,113,0.122,803421108,0,3.1510535e-05,Loyal
36,5,0,36,3,4,8500.0,1618,37,0.296,716210283,0,0.008071251,Loyal
53,1,0,43,4,2,7451.0,2165,49,0.092,711315783,0,0.77691364,High Risk
36,5,0,18,3,2,3667.0,2781,59,0.259,712489158,0,0.022119915,Loyal
49,5,0,36,1,3,29939.0,4305,63,0.0,718576908,0,2.1803391e-05,Loyal
43,1,0,36,3,2,2311.0,3967,71,0.571,753208833,0,1.9478402e-05,Loyal
61,4,0,55,3,2,8283.0,7553,104,0.174,798546408,0,8.8999666e-05,Loyal
46,2,0,42,2,1,11634.0,4447,74,0.0,827114058,0,2.8954614e-06,Loyal
47,2,0,35,1,2,17343.0,3170,57,0.074,771453033,0,6.5204995e-07,Loyal
35,5,0,36,3,3,1931.0,2569,46,0.0,718452633,1,0.99101675,High Risk
52,4,0,36,2,2,2370.0,4751,80,0.629,718026858,0,3.676874e-06,Loyal
30,5,0,18,2,3,9641.0,4710,75,0.0,721181883,0,0.000663495,Loyal
44,0,0,32,2,2,12725.0,4139,58,0.138,717609633,0,0.0005830014,Loyal
39,3,0,36,2,3,2899.0,1687,35,0.69,710927733,0,0.0017291056,Loyal
59,2,0,46,3,3,1438.3,844,24,0.0,711551958,1,0.99985373,High Risk
53,4,0,36,3,3,1665.0,4881,75,0.579,716365233,0,5.377561e-06,Loyal
55,4,3,49,2,3,12094.0,8285,106,0.155,783121008,0,0.000631824,Loyal
39,1,0,19,3,3,6628.0,4050,89,0.262,716780283,0,5.6219405e-06,Loyal
49,2,3,37,2,2,30976.0,3193,69,0.066,718471758,0,2.9441508e-06,Loyal
45,4,0,36,2,3,2020.0,4951,85,0.546,756571983,0,8.703351e-07,Loyal
53,2,0,46,2,3,6658.0,1309,40,0.264,714700158,0,9.651312e-05,Loyal
46,0,0,40,2,2,34516.0,7552,87,0.048,794191008,0,0.00066097354,Loyal
50,5,0,41,2,4,4846.0,3724,61,0.514,711000933,0,7.394095e-05,Loyal
40,4,0,27,3,0,1438.3,4655,82,0.598,789025083,0,3.533122e-08,Loyal
45,5,0,37,2,6,17678.0,2566,49,0.0,717074283,1,0.99998486,High Risk
46,5,0,36,6,2,2042.0,4917,73,0.666,714243408,0,1.6491288e-07,Loyal
47,3,0,36,1,1,18037.0,1387,36,0.0,716462658,0,0.00016678043,Loyal
29,1,0,36,3,1,4023.0,12510,96,0.357,719944458,0,0.0014392135,Loyal
46,3,0,36,4,2,33142.0,4347,63,0.0,718866633,0,3.4642744e-05,Loyal
56,5,0,46,2,2,8037.0,3271,71,0.283,714247458,0,3.8164493e-05,Loyal
37,4,0,31,2,2,2684.0,2002,60,0.515,783910008,0,0.00021580534,Loyal
54,3,0,44,3,3,9580.0,5385,51,0.014,714294183,1,0.99996936,High Risk
54,4,0,46,2,2,2737.0,1619,37,0.92,789530208,0,0.0010893802,Loyal
38,1,0,36,3,2,5576.0,4322,85,0.0,714389058,0,0.0002219156,Loyal
56,0,0,46,1,2,7234.0,5051,83,0.284,772661808,0,2.3776467e-05,Loyal
56,3,0,44,1,0,9078.0,1543,34,0.165,710135058,0,3.091895e-05,Loyal
52,2,0,40,2,2,5376.0,4511,74,0.15,716805408,0,5.9286876e-06,Loyal
44,1,3,34,1,2,22226.0,8753,97,0.084,789304983,0,2.1807114e-06,Loyal
39,1,0,32,3,1,3812.0,4080,65,0.289,743912958,0,0.0021176916,Loyal
35,2,0,24,3,1,3388.0,13557,100,0.49,715311183,0,1.6639357e-05,Loyal
58,4,0,44,2,3,5031.0,1433,34,0.264,720264783,0,9.895315e-05,Loyal
49,2,0,30,3,3,1579.0,4354,70,0.57,788771733,0,5.233529e-06,Loyal
27,4,0,16,1,3,1835.0,1903,44,0.898,711724083,1,0.009891533,Loyal
37,2,0,29,1,5,2576.0,2568,34,0.637,717628608,0,0.001092727,Loyal
37,4,0,29,3,0,4671.0,2468,58,0.414,712319058,0,0.005321392,Loyal
41,4,0,30,2,4,2157.0,4250,85,0.334,772231233,0,2.3074315e-05,Loyal
40,1,0,30,3,2,4640.0,3870,70,0.335,715315008,0,0.0010221204,Loyal
59,4,0,40,3,3,3297.0,4783,91,0.0,778853358,0,0.0006683583,Loyal
48,4,0,43,3,4,1502.0,2204,36,0.0,714581358,1,0.9999809,High Risk
39,3,0,36,1,3,34516.0,14576,95,0.037,710810883,0,3.0648105e-05,Loyal
54,5,0,46,2,3,1900.0,1881,45,0.724,709879458,0,0.014260288,Loyal
53,4,0,48,3,3,5972.0,3491,65,0.316,811970808,0,6.404461e-05,Loyal
60,0,0,46,3,1,5130.0,4601,88,0.399,720015183,0,5.7172674e-06,Loyal
38,5,0,27,2,2,24965.0,7866,84,0.101,708907833,0,2.312668e-05,Loyal
48,4,0,44,3,2,1438.3,2054,46,0.0,826261008,1,0.999411,High Risk
43,4,0,23,3,3,4284.0,3095,64,0.255,794682483,0,0.0021484995,Loyal
32,4,0,19,1,0,2834.0,1598,39,0.5,708098133,0,6.70426e-06,Loyal
40,4,0,36,2,2,1538.0,4884,79,0.0,711069483,0,0.00015995036,Loyal
37,3,0,30,4,3,11638.0,563,15,0.08,709537683,1,0.9995958,High Risk
53,1,0,36,3,1,1438.3,4915,92,0.405,710770383,0,2.7740026e-07,Loyal
43,3,0,38,3,2,1504.0,2530,43,0.0,809811858,1,0.99999726,High Risk
47,4,0,36,2,1,2761.0,4510,88,0.706,772216833,0,4.4418397e-07,Loyal
41,3,0,36,3,3,9133.0,4101,88,0.234,717830583,0,3.186615e-05,Loyal
46,5,0,36,3,2,2189.0,1287,36,0.761,713779908,0,0.0019895155,Loyal
36,5,0,24,3,3,3448.0,5471,87,0.552,712507758,0,3.4588702e-05,Loyal
38,1,0,31,2,2,12228.0,3831,68,0.175,716093133,0,3.062307e-05,Loyal
47,4,0,31,1,3,2317.0,4894,89,0.0,817382958,0,1.5811667e-05,Loyal
60,4,3,49,1,1,11060.0,4545,83,0.149,714400308,0,1.1144669e-05,Loyal
47,2,0,38,3,4,24033.0,3578,75,0.025,789466008,0,3.064565e-05,Loyal
43,4,0,25,2,4,2086.0,2537,48,0.962,710289783,1,0.99990475,High Risk
57,1,0,45,3,2,2721.0,4578,81,0.793,712659408,0,2.9151138e-06,Loyal
39,1,0,21,2,1,5027.0,4850,70,0.0,788791383,0,0.003657196,Loyal
42,5,0,31,3,2,2369.0,4317,66,0.43,709822008,0,1.6344284e-05,Loyal
47,1,0,42,3,1,3256.0,7075,89,0.625,816615633,0,4.6256548e-05,Loyal
50,5,0,41,3,4,18178.0,3445,76,0.0,718521258,0,9.096406e-07,Loyal
56,0,0,48,3,4,2585.0,1590,33,0.467,713533983,0,5.409348e-06,Loyal
38,1,0,30,2,3,2435.0,1460,32,0.999,709444983,1,0.7287707,High Risk
31,5,0,18,2,0,3934.0,4143,82,0.486,717405408,0,1.8380695e-06,Loyal
34,4,0,24,2,2,3663.0,1826,35,0.506,753226158,0,0.0030862202,Loyal
49,3,0,39,2,2,2886.0,5481,58,0.321,780384483,1,0.018810011,Loyal
55,4,0,42,3,3,2216.0,1540,36,0.467,720096558,0,0.0005646158,Loyal
50,1,0,43,1,3,1438.3,4512,77,0.0,778567983,0,6.7405776e-06,Loyal
33,5,0,15,3,2,1438.3,4208,67,0.734,711649908,0,6.937567e-06,Loyal
42,3,0,35,1,4,16054.0,3449,75,0.0,718038483,0,2.621076e-07,Loyal
55,4,0,36,2,3,1477.0,2419,49,0.0,719519058,1,0.9999398,High Risk
39,1,0,26,1,2,5510.0,1980,42,0.368,770985633,0,6.041208e-05,Loyal
50,0,0,38,5,3,34516.0,3647,65,0.06,713600958,0,1.51731165e-05,Loyal
36,0,0,23,3,3,20230.0,4314,82,0.039,719801508,0,2.9420084e-05,Loyal
38,2,0,25,1,1,11474.0,13041,98,0.0,713686008,0,8.738725e-06,Loyal
53,4,0,34,3,5,1438.3,1985,38,0.716,720401658,1,0.92239034,High Risk
51,3,0,31,1,2,7693.0,4573,93,0.0,715572783,0,2.0488724e-06,Loyal
44,0,3,39,3,1,34516.0,14242,107,0.062,817908783,0,0.00040861944,Loyal
47,3,3,36,3,1,34516.0,3756,67,0.022,712361583,0,9.232186e-05,Loyal
49,3,0,29,2,3,9959.0,15139,90,0.223,709108533,0,0.097032286,Loyal
50,4,0,36,1,3,5012.0,1142,28,0.447,718490658,0,0.0047455328,Loyal
45,3,0,37,3,2,9654.0,4221,67,0.211,790006383,0,0.00024833638,Loyal
48,4,0,38,2,0,2578.0,4077,78,0.94,710744433,0,8.7660175e-07,Loyal
40,3,0,23,3,2,9760.0,4542,86,0.17,780865308,0,1.1789893e-05,Loyal
41,4,0,31,3,3,2580.0,2981,40,0.828,716643033,1,0.85498375,High Risk
54,4,0,39,3,3,1438.3,2145,41,0.0,789241308,1,0.99793136,High Risk
26,4,0,13,4,4,2237.0,2192,36,0.202,721344858,0,0.056752685,Loyal
60,4,0,36,2,2,2688.0,4183,71,0.602,717050883,0,9.2029895e-06,Loyal
51,3,3,38,1,4,34516.0,1293,32,0.044,788979258,0,0.005452462,Loyal
35,4,3,15,2,2,13882.0,2685,71,0.105,719125158,0,2.334332e-05,Loyal
33,5,0,29,2,3,12716.0,2412,64,0.118,709545333,0,0.0017184248,Loyal
51,2,3,36,6,3,26142.0,3969,78,0.0,721165608,0,3.3898843e-06,Loyal
51,4,0,36,3,2,1571.0,4580,74,0.0,714652383,0,0.00013988889,Loyal
62,4,0,55,3,3,1892.0,1581,34,0.848,737921733,1,0.000643115,Loyal
47,1,0,42,2,1,1626.0,4847,78,0.0,804428958,0,3.653431e-05,Loyal
50,0,0,36,1,4,7084.0,3838,66,0.0,720075558,0,3.414383e-07,Loyal
38,2,0,32,1,2,1438.3,5066,76,0.91,769676358,0,3.9234482e-07,Loyal
55,4,0,36,2,3,2629.0,1725,41,0.561,716378658,0,0.0002791617,Loyal
51,3,0,36,3,3,3610.0,2216,34,0.43,714479358,1,0.92402965,High Risk
48,4,0,28,2,1,2944.0,3457,61,0.256,712141683,0,0.00096841593,Loyal
56,3,0,46,3,5,12540.0,16518,115,0.135,710005683,0,0.00013033794,Loyal
47,4,0,39,3,3,3899.0,2182,40,0.0,721228308,1,0.9972414,High Risk
45,1,0,38,3,3,1862.0,3520,68,0.454,758833758,0,3.9123715e-05,Loyal
53,3,0,43,2,4,4039.0,1494,36,0.346,787565433,0,0.0001923078,Loyal
63,4,0,49,3,0,3558.0,1631,31,0.651,780253533,0,0.00018588109,Loyal
49,1,0,41,3,3,1438.3,2030,37,0.363,714595983,1,0.99526525,High Risk
39,2,0,36,3,3,13961.0,783,20,0.093,709547658,1,0.997308,High Risk
54,1,0,36,3,4,1438.3,2092,42,0.0,711801933,1,0.99938154,High Risk
48,5,0,36,6,1,7469.0,13614,104,0.163,715808808,0,2.0340722e-06,Loyal
43,4,0,38,3,3,2642.0,4780,88,0.9,711294258,0,8.083663e-06,Loyal
58,4,0,47,3,4,2495.0,4399,70,0.826,708542283,0,8.043153e-06,Loyal
34,4,0,23,3,3,2164.0,5075,71,0.543,787514433,0,1.350207e-05,Loyal
50,4,0,34,1,3,7623.0,1367,29,0.33,779773533,0,0.0012089775,Loyal
41,2,0,36,2,2,8013.0,1481,45,0.253,807964908,0,0.077873565,Loyal
44,4,3,36,3,2,10110.0,4063,74,0.122,757753083,0,5.6484882e-06,Loyal
45,4,0,27,3,3,1438.3,2598,59,0.0,779331558,0,0.9908029,High Risk
56,0,0,50,3,5,16254.0,2502,55,0.093,799026633,0,0.2233619,Loyal
57,1,0,41,3,3,3667.0,5322,79,0.221,719898108,0,0.02347369,Loyal
54,4,0,36,3,2,1572.0,4148,54,0.627,711252258,0,0.00015216791,Loyal
58,4,0,51,4,2,2220.0,4396,78,0.559,719724933,0,3.429899e-06,Loyal
44,4,0,36,1,3,4066.0,3888,77,0.253,715413483,0,1.9992669e-07,Loyal
48,0,3,41,3,1,34516.0,2260,50,0.073,751518633,1,0.8216489,High Risk
44,4,0,31,2,5,1438.3,4208,86,0.478,742552683,0,7.4707214e-07,Loyal
38,4,0,31,3,3,6236.0,5389,84,0.193,756598833,0,4.8553837e-05,Loyal
28,5,0,13,3,2,21691.0,2534,51,0.03,794562783,0,0.002783424,Loyal
42,4,0,28,2,1,1438.3,4482,74,0.0,779942808,0,2.4617648e-05,Loyal
43,1,0,31,3,3,4091.0,5244,87,0.271,789151983,0,0.00096480816,Loyal
53,2,0,42,1,2,22938.0,3428,54,0.074,779598183,0,4.1650756e-06,Loyal
62,4,0,49,2,2,3143.0,1323,25,0.801,720714933,0,3.802064e-05,Loyal
35,3,0,27,2,2,2904.0,2653,46,0.867,708536283,1,0.86575156,High Risk
35,3,3,16,3,3,34516.0,2655,64,0.0,714548733,0,0.0038076385,Loyal
47,1,0,42,3,3,4738.0,1900,36,0.0,713796033,1,0.9814879,High Risk
47,2,3,33,2,1,34516.0,1060,27,0.049,770817783,0,0.024417028,Loyal
42,3,0,32,2,2,22120.0,3981,65,0.082,716032233,0,3.8744405e-05,Loyal
36,0,0,20,2,2,34516.0,2686,59,0.0,719806233,0,0.13532287,Loyal
49,5,0,36,3,3,1438.3,4869,73,0.0,712835433,0,1.1691586e-05,Loyal
32,4,0,25,3,0,8851.0,14783,110,0.198,713975433,0,2.5526802e-05,Loyal
57,3,0,36,3,3,23714.0,8463,62,0.0,715076358,1,0.9999858,High Risk
52,4,0,38,3,4,2437.0,3068,53,0.0,720731808,1,0.51825905,Medium Risk
44,4,0,38,4,1,7182.0,4294,67,0.247,714616308,0,1.4722027e-05,Loyal
41,0,0,28,2,3,6314.0,2718,44,0.0,717502083,1,0.99985707,High Risk
52,2,0,42,2,0,5693.0,4003,64,0.0,789362058,0,1.2627943e-05,Loyal
52,3,0,34,2,3,27229.0,13264,120,0.0,794530608,0,0.0011295893,Loyal
37,4,0,28,2,3,3079.0,14540,104,0.411,709007883,0,9.0963505e-05,Loyal
53,2,0,41,1,0,2480.0,1359,36,0.545,709219533,0,1.1034838e-06,Loyal
58,4,0,48,1,2,3603.0,14235,101,0.407,787723758,0,0.00024242439,Loyal
37,4,0,26,1,2,3423.0,14308,124,0.189,710968008,0,5.2206546e-05,Loyal
42,1,0,31,2,1,2468.0,4483,77,0.75,780638958,0,4.523438e-07,Loyal
51,1,0,38,3,1,5536.0,4281,82,0.0,716951658,0,0.0001969295,Loyal
35,4,0,36,2,4,2004.0,1974,60,0.0,715956258,0,0.10532439,Loyal
40,2,0,34,3,3,19666.0,3391,54,0.06,785119833,0,0.0010735895,Loyal
43,5,0,32,1,1,1438.3,5016,86,0.341,710723958,0,1.8969955e-07,Loyal
38,3,0,24,1,3,14821.0,2876,60,0.0,714011358,0,0.000391053,Loyal
43,3,0,28,1,3,9959.0,16732,116,0.074,717724233,0,1.0540001e-05,Loyal
50,4,0,43,1,4,2999.0,2073,48,0.653,754671558,0,0.034606498,Loyal
50,5,0,31,2,2,3604.0,4051,65,0.0,794514108,0,0.0035537246,Loyal
62,1,0,49,1,2,1438.3,1281,32,0.0,719385558,0,0.007185898,Loyal
36,4,0,28,1,2,2169.0,5182,78,0.739,712637283,0,6.84478e-07,Loyal
38,1,0,36,1,1,2132.0,4874,78,0.508,714222183,0,3.1825488e-07,Loyal
50,4,0,43,3,2,2835.0,4686,79,0.808,709175208,0,1.5221393e-05,Loyal
52,4,0,42,2,0,6946.0,4058,88,0.0,717112533,0,3.1335156e-07,Loyal
38,5,0,31,3,2,14041.0,1467,29,0.153,714426783,0,0.0002494636,Loyal
39,4,0,26,3,1,1876.0,2579,47,0.819,721448283,1,0.92517585,High Risk
42,4,0,36,2,3,2069.0,5668,82,0.623,782548758,0,2.2379387e-05,Loyal
52,3,0,36,3,2,34516.0,1629,32,0.016,717561108,0,0.25481725,Loyal
50,2,0,35,3,2,14854.0,3659,68,0.144,720585183,0,3.1997337e-05,Loyal
42,4,0,36,3,3,2758.0,4119,73,0.731,714643983,0,2.506858e-05,Loyal
52,5,0,40,1,3,2259.0,1852,38,0.762,712291308,0,0.01145435,Loyal
46,1,0,27,2,2,6903.0,15751,107,0.303,713036208,0,0.00015046092,Loyal
54,0,0,46,1,3,34516.0,1999,54,0.025,709979583,0,0.2085135,Loyal
57,1,0,45,2,2,2278.0,2307,45,0.371,717517758,0,0.6688401,Medium Risk
60,3,3,53,3,2,34516.0,3261,64,0.04,717271983,0,0.0034072627,Loyal
60,4,0,47,3,1,3845.0,14432,106,0.38,718528008,0,0.00013775562,Loyal
49,4,0,37,2,2,5855.0,9202,80,0.0,719118708,1,0.99011874,High Risk
60,4,0,54,3,2,2694.0,3837,71,0.714,708657033,0,2.301454e-05,Loyal
27,4,0,18,1,4,1438.3,2641,40,0.0,717489033,1,0.017324569,Loyal
34,1,0,29,1,2,2000.0,1944,42,0.0,818926833,0,0.00031585852,Loyal
58,4,0,36,1,1,3173.0,3797,75,0.54,708338958,0,1.5653803e-06,Loyal
48,4,0,44,2,1,4107.0,16027,112,0.613,827683383,0,0.0002696228,Loyal
40,2,0,29,3,2,10529.0,4583,87,0.0,717099408,0,5.276688e-05,Loyal
55,3,0,46,1,1,10979.0,1425,33,0.172,716878533,0,0.0027179425,Loyal
45,5,0,39,2,2,1438.3,5020,83,0.518,797410983,0,5.8929324e-08,Loyal
48,3,0,42,3,3,9727.0,3543,62,0.167,789625383,0,4.584165e-05,Loyal
47,2,0,36,1,2,21331.0,1460,50,0.059,709701558,0,1.3452601e-06,Loyal
46,4,0,34,2,4,9863.0,3068,58,0.07,708334158,0,0.0003112223,Loyal
41,1,0,25,2,3,4277.0,8764,69,0.511,710638233,1,0.99918884,High Risk
57,3,0,38,1,3,23008.0,1302,36,0.099,794496033,0,0.00014269585,Loyal
48,1,0,36,6,2,2804.0,5033,81,0.377,709738008,0,1.940535e-06,Loyal
47,3,0,42,3,3,13189.0,3821,83,0.091,808756458,0,1.5656193e-06,Loyal
33,1,0,36,1,2,8232.0,2849,67,0.274,710982858,0,5.198135e-05,Loyal
48,2,0,40,5,4,14951.0,3899,68,0.095,718451133,0,4.017997e-05,Loyal
44,1,0,36,3,2,3843.0,16461,105,0.38,717991533,0,0.00033368892,Loyal
46,1,0,31,3,5,7869.0,998,25,0.0,713104458,1,0.9978435,High Risk
40,0,0,30,3,3,25188.0,1513,38,0.051,715783758,0,0.00858784,Loyal
41,4,0,36,2,0,1867.0,4537,60,0.52,716891583,0,1.6312111e-06,Loyal
58,4,0,36,4,0,2212.0,4976,79,0.86,714557583,0,1.5530488e-06,Loyal
40,4,0,31,2,4,2222.0,3302,65,0.698,714840858,0,2.6099933e-05,Loyal
40,4,0,26,1,1,2972.0,3840,69,0.0,788911458,0,2.1391006e-05,Loyal
54,3,0,47,2,4,15108.0,3713,65,0.085,712521783,0,8.666527e-05,Loyal
43,4,0,33,3,2,2422.0,5079,80,0.511,716756133,0,3.468341e-06,Loyal
47,4,0,41,3,4,1438.3,1501,40,0.0,793550958,0,0.85494107,High Risk
54,4,0,48,1,4,2440.0,3017,53,0.444,768687183,0,0.005751105,Loyal
48,3,0,38,2,2,34516.0,3661,71,0.019,778170633,0,4.2741438e-05,Loyal
44,0,0,34,3,3,8874.0,1849,56,0.179,789307833,0,0.10032464,Loyal
46,3,0,33,1,3,16227.0,4314,67,0.057,718291233,0,2.0042487e-06,Loyal
37,3,0,29,2,4,7199.0,4552,100,0.177,718984533,0,1.7123416e-06,Loyal
36,5,0,30,2,3,8696.0,2847,67,0.17,794293908,0,3.2354004e-05,Loyal
41,2,0,36,3,2,6062.0,3877,66,0.126,708829758,0,3.9091563e-05,Loyal
39,3,0,27,4,2,1438.3,4282,69,0.0,717016833,0,5.0140798e-06,Loyal
49,1,3,36,3,1,20176.0,8255,86,0.11,711339258,0,0.0004434716,Loyal
48,5,0,40,4,4,2827.0,4583,72,0.418,708754833,0,9.333363e-05,Loyal
33,2,0,36,1,3,1726.0,1712,48,0.704,716773533,0,3.8162598e-05,Loyal
53,2,0,38,3,2,7928.0,1537,37,0.155,788896983,0,0.0048496234,Loyal
51,2,0,22,3,3,4248.0,13958,116,0.277,715694433,0,0.0009946645,Loyal
37,1,3,24,1,3,15133.0,4392,68,0.11,708403308,0,1.1732253e-05,Loyal
49,1,0,39,1,4,4568.0,1431,27,0.0,715511658,0,0.24175276,Loyal
39,3,0,27,2,2,9959.0,2760,44,0.148,717327783,0,0.1651284,Loyal
58,4,0,53,3,1,2669.0,4863,79,0.767,717384183,0,2.2852415e-05,Loyal
36,1,0,31,3,2,11558.0,2220,53,0.0,818929158,0,0.75993496,High Risk
28,4,0,20,1,3,4342.0,17064,116,0.206,789539058,0,0.00014431338,Loyal
48,2,0,36,3,0,3862.0,15282,125,0.0,718357458,0,0.00010895362,Loyal
45,0,1,36,3,1,34516.0,8007,96,0.041,709530408,0,9.427374e-05,Loyal
50,3,3,40,4,6,34516.0,7661,79,0.0,826245858,1,0.9998429,High Risk
26,5,0,13,0,3,5137.0,2496,49,0.0,716800908,0,0.0024523258,Loyal
50,5,0,40,3,2,19962.0,14703,119,0.0,714425283,0,6.822759e-05,Loyal
45,4,0,35,3,3,3240.0,1904,41,0.777,718345233,0,0.71195656,High Risk
49,2,0,36,3,2,6511.0,1478,38,0.275,713128833,0,0.008642426,Loyal
31,4,0,17,2,3,2787.0,4358,89,0.632,769577358,0,8.537638e-06,Loyal
47,3,0,40,2,4,21148.0,3370,69,0.083,758824608,0,3.4249501e-06,Loyal
38,4,0,29,3,3,7504.0,7525,100,0.151,716742483,0,5.6163055e-05,Loyal
43,2,0,36,3,3,4983.0,1939,30,0.272,710905908,0,0.8977429,High Risk
35,2,0,24,2,2,2066.0,1895,43,0.822,712902483,0,0.0012555694,Loyal
48,4,0,37,3,4,2646.0,4246,80,0.33,772105608,0,3.7394987e-06,Loyal
54,0,0,49,2,3,34516.0,2115,24,0.0,809951133,1,0.97472,High Risk
41,4,0,30,3,1,2029.0,3142,37,0.306,710015733,1,0.9966889,High Risk
55,5,0,47,3,3,14657.0,6009,53,0.172,716893683,1,0.99981993,High Risk
43,3,0,26,3,2,2355.0,1441,29,0.463,788808633,0,0.0027116681,Loyal
47,4,0,36,2,3,5667.0,2176,38,0.444,714100008,1,0.9726397,High Risk
45,4,0,34,4,2,4975.0,4776,68,0.245,717211608,0,3.6134486e-05,Loyal
59,1,0,50,1,2,11808.0,13751,113,0.0,711008508,0,0.00033076265,Loyal
47,4,0,37,2,2,4256.0,1100,29,0.255,712899333,0,0.030385995,Loyal
42,2,0,34,4,3,3336.0,1168,27,0.525,714091983,0,0.020634769,Loyal
53,1,0,47,2,2,2799.0,4116,88,0.0,802878408,0,5.8105958e-05,Loyal
56,4,0,43,2,2,2041.0,3588,63,0.567,715958583,0,2.5584698e-06,Loyal
46,4,3,36,1,4,10961.0,3914,77,0.127,716142858,0,8.046082e-09,Loyal
34,4,0,16,1,4,2221.0,4758,64,0.817,720449208,0,0.0028567242,Loyal
56,1,0,49,3,2,3681.0,13222,112,0.0,739021908,0,0.0008644607,Loyal
31,4,0,14,3,3,6933.0,15585,115,0.27,817035108,0,3.36115e-05,Loyal
48,4,0,35,2,2,1449.0,4797,88,0.0,718957083,0,9.180629e-07,Loyal
63,4,0,56,2,2,7936.0,4247,81,0.262,712084383,0,4.8795668e-05,Loyal
47,4,0,36,2,2,3035.0,3847,63,0.0,771952683,0,0.0031955575,Loyal
49,1,0,39,3,3,7201.0,3981,76,0.277,719782458,0,0.00025557962,Loyal
46,1,0,34,1,3,1441.0,4894,84,0.446,721164483,0,6.960067e-08,Loyal
30,5,0,25,1,2,12917.0,4108,82,0.09,806989008,0,1.676238e-06,Loyal
55,4,0,45,2,0,3187.0,1627,38,0.79,709624533,0,5.8003865e-05,Loyal
44,4,0,25,2,4,3101.0,2512,37,0.0,710570058,1,0.9999151,High Risk
42,4,0,23,2,3,1443.0,2092,38,0.0,713114133,1,0.9996455,High Risk
54,4,0,41,1,3,2028.0,4030,78,0.0,771224358,0,6.401445e-05,Loyal
39,5,0,34,3,1,2069.0,2716,43,0.266,809440008,1,0.99313533,High Risk
43,4,0,37,3,1,5380.0,8947,93,0.249,785515533,0,0.00035115058,Loyal
43,1,0,32,3,2,2142.0,4424,88,0.639,713709258,0,1.4810184e-06,Loyal
46,1,0,36,3,2,1438.3,2928,48,0.619,708104658,0,0.28656983,Loyal
42,5,0,37,1,1,5099.0,4025,73,0.188,817958733,0,8.538049e-07,Loyal
48,0,0,31,3,1,34516.0,1222,37,0.029,721183983,0,0.06398368,Loyal
42,1,3,37,6,2,15871.0,1562,43,0.131,810220833,0,0.017253965,Loyal
54,4,0,36,3,3,1857.0,2464,57,0.0,713373708,1,0.99959284,High Risk
50,2,0,37,3,2,18085.0,4583,76,0.041,715710708,0,5.3822794e-05,Loyal
37,1,0,28,3,1,1920.0,4715,81,0.0,717443658,0,0.00025373898,Loyal
60,2,0,47,1,3,4541.0,2829,44,0.228,717915783,1,0.7293241,High Risk
59,4,0,49,2,3,2228.0,3922,75,0.674,779217333,0,1.32112655e-05,Loyal
41,5,0,32,1,1,4745.0,4705,78,0.244,710794983,0,9.995288e-07,Loyal
48,4,0,42,3,2,1438.3,5045,82,0.0,795855258,0,6.2662116e-06,Loyal
53,3,0,34,2,3,13679.0,4060,61,0.0,788719533,0,0.0018530241,Loyal
42,2,0,36,2,3,3591.0,5079,80,0.487,720782658,0,1.3572559e-05,Loyal
26,4,3,13,1,1,10254.0,4258,68,0.0,720034983,0,7.736927e-05,Loyal
65,4,0,56,3,2,4189.0,1597,31,0.0,713536158,0,0.00681214,Loyal
56,2,0,49,3,4,1438.3,1446,38,0.0,755262933,0,0.08605401,Loyal
48,4,0,38,1,3,3541.0,3410,69,0.408,719136183,0,3.7133323e-06,Loyal
53,0,0,36,1,3,11023.0,1656,41,0.0,715898058,0,0.028941378,Loyal
37,1,0,36,2,5,3233.0,1339,32,0.779,716315508,1,0.06816265,Loyal
50,4,0,21,1,1,2965.0,4475,66,0.613,788667408,0,2.1684966e-05,Loyal
31,5,0,25,3,1,3288.0,4370,83,0.759,768949983,0,8.475691e-06,Loyal
55,5,0,36,5,4,3602.0,1935,47,0.559,778882758,0,0.016916206,Loyal
62,4,0,53,1,3,1438.3,902,31,0.0,709465758,0,0.99783045,High Risk
57,3,0,38,1,3,15428.0,1916,40,0.101,719781183,0,0.00022250056,Loyal
26,4,0,19,1,2,3416.0,4614,70,0.325,720101658,0,4.8034708e-05,Loyal
46,1,0,36,3,1,2652.0,5329,83,0.9,713782608,0,1.6362921e-05,Loyal
40,4,0,34,3,3,4757.0,4220,71,0.416,802101858,0,0.00021018428,Loyal
44,4,0,32,2,3,2485.0,3697,77,0.599,708757233,0,1.2022962e-06,Loyal
45,4,0,32,2,2,1942.0,1853,31,0.0,709711758,1,0.8323918,High Risk
59,2,0,48,3,2,14257.0,1809,23,0.078,772000533,0,0.042974923,Loyal
43,4,0,30,2,2,6261.0,8132,64,0.074,720827133,1,0.9912254,High Risk
45,1,0,35,3,2,4505.0,3968,68,0.347,789903708,0,0.00042334464,Loyal
41,2,0,28,1,4,4475.0,3367,66,0.0,719855958,0,8.135137e-06,Loyal
62,2,0,50,2,2,14314.0,4355,70,0.046,713254983,0,0.0026981786,Loyal
43,2,0,36,3,2,6976.0,1217,39,0.0,709120008,0,0.10939315,Loyal
56,4,0,36,5,2,2796.0,4536,81,0.0,720927183,0,1.8941688e-05,Loyal
26,1,0,36,3,4,4152.0,2351,42,0.0,716875083,0,0.016534695,Loyal
55,2,0,46,1,2,9734.0,1476,38,0.0,716988633,0,0.053084794,Loyal
60,1,0,48,1,3,1438.3,4542,88,0.521,711553308,0,4.3619245e-08,Loyal
47,4,0,29,2,3,2814.0,4766,87,0.567,788802483,0,1.2659909e-05,Loyal
37,4,3,32,3,2,12033.0,12603,106,0.085,708908883,0,0.00012372625,Loyal
46,2,0,39,3,1,20229.0,4270,62,0.06,712644483,0,2.5702777e-05,Loyal
43,3,0,36,1,2,32733.0,3452,54,0.044,716311683,0,1.055218e-05,Loyal
35,4,0,18,1,2,7583.0,2229,53,0.214,779707308,0,0.013145634,Loyal
40,4,0,30,2,3,1620.0,4530,69,0.789,720595083,0,1.7293372e-05,Loyal
41,0,0,32,2,3,14302.0,1505,35,0.147,715034358,0,0.014161957,Loyal
50,0,0,30,2,5,34516.0,2776,59,0.058,720897783,0,0.010766843,Loyal
54,4,0,50,2,2,3796.0,2069,54,0.631,826513233,0,0.26110172,Loyal
35,5,0,31,2,2,19033.0,16033,116,0.082,826065258,0,3.4017325e-05,Loyal
50,1,0,40,2,3,3065.0,1130,28,0.512,772426383,0,0.0014739002,Loyal
44,3,0,34,3,3,2558.0,3792,78,0.788,717972408,0,1.0714188e-06,Loyal
52,3,0,36,3,3,3022.0,2724,38,0.296,708888633,1,0.9994622,High Risk
48,1,0,36,3,2,5210.0,1309,45,0.0,714916758,0,0.0404921,Loyal
37,4,0,36,4,2,1438.3,4824,83,0.442,710888883,0,3.0697828e-07,Loyal
67,4,0,56,3,2,3006.0,1661,32,0.837,717296808,0,0.007008264,Loyal
49,4,0,36,3,3,1438.3,1849,43,0.0,713847858,1,0.9916574,High Risk
45,4,1,39,3,2,15987.0,14209,103,0.069,768728508,0,8.608418e-05,Loyal
37,5,0,30,3,3,9874.0,2446,47,0.0,762020133,1,0.8039672,High Risk
51,4,0,42,1,3,2680.0,1154,33,0.654,710706558,0,0.00027924075,Loyal
54,1,0,44,3,2,2902.0,996,26,0.867,709278258,1,0.13795464,Loyal
59,3,0,54,5,4,15633.0,8660,58,0.0,710679933,1,0.9994942,High Risk
40,4,0,27,1,1,2840.0,4405,82,0.886,713152383,0,2.3858463e-06,Loyal
54,3,0,42,3,2,1618.0,1515,31,0.413,771429408,0,0.03490929,Loyal
65,4,0,56,2,5,3539.0,1463,31,0.711,770721858,0,0.0022331297,Loyal
48,2,0,29,3,2,19324.0,1744,50,0.054,778686408,0,0.01899437,Loyal
43,4,0,31,3,2,5702.0,3928,75,0.0,771682533,0,0.00017309711,Loyal
54,3,0,47,6,5,7570.0,2599,61,0.127,712378983,1,0.00511023,Loyal
32,1,0,36,3,2,4819.0,9330,64,0.443,714615258,1,0.9999505,High Risk
46,4,0,36,2,3,2292.0,2595,31,0.0,713027058,1,0.9999976,High Risk
42,3,0,34,2,3,34516.0,1698,67,0.019,789485433,0,0.008878515,Loyal
54,5,0,36,2,2,3137.0,2925,41,0.306,716368008,1,0.9979241,High Risk
47,1,0,36,2,1,2977.0,5217,88,0.647,771935283,0,9.562316e-07,Loyal
43,1,0,25,2,2,9043.0,4638,48,0.218,779315508,1,0.999199,High Risk
41,3,0,35,1,2,34516.0,1353,33,0.035,794843883,0,6.4246597e-06,Loyal
51,3,0,47,4,3,4041.0,8219,84,0.0,822084333,1,0.9630452,High Risk
55,3,0,45,3,3,16794.0,1917,33,0.048,714893733,0,0.45763457,Medium Risk
50,3,0,30,2,3,9771.0,2778,53,0.182,719474583,0,0.6689107,Medium Risk
56,1,0,36,1,2,13904.0,3151,67,0.045,717141858,0,1.4757173e-06,Loyal
39,1,0,28,3,2,2725.0,4714,81,0.845,712714008,0,1.36708695e-05,Loyal
52,2,0,39,2,3,1629.0,3766,83,0.6,719570733,0,2.3184978e-07,Loyal
43,4,0,30,3,2,3092.0,4797,87,0.294,720980958,0,8.726592e-05,Loyal
60,1,0,36,3,2,5420.0,3477,60,0.0,720964683,0,0.00526395,Loyal
44,4,0,32,3,2,1693.0,2829,42,0.861,718263108,1,0.9999316,High Risk
32,0,0,20,2,2,14244.0,2729,66,0.117,789101883,0,0.00024201375,Loyal
44,4,0,39,2,2,8128.0,1224,32,0.227,809292483,0,0.020364653,Loyal
55,2,0,36,6,4,4980.0,2273,66,0.182,778973658,0,0.0016230188,Loyal
42,4,0,36,2,3,3714.0,4715,85,0.678,708560733,0,0.0005403993,Loyal
31,4,3,36,3,1,10353.0,15028,124,0.147,721171008,0,9.9496545e-05,Loyal
58,2,0,52,2,3,20410.0,3525,78,0.059,781297983,0,1.0068188e-05,Loyal
52,4,0,42,3,3,2510.0,4943,70,0.768,778228458,0,7.0702163e-06,Loyal
42,4,0,36,2,1,1438.3,4396,70,0.0,797668983,0,1.0283412e-05,Loyal
34,4,0,29,2,2,5845.0,2308,35,0.0,713492583,1,0.7711002,High Risk
52,2,0,39,3,2,3764.0,6574,69,0.0,715799808,1,0.9974234,High Risk
55,4,0,36,1,3,2069.0,4414,82,0.497,711647808,0,2.9773963e-07,Loyal
44,4,0,24,3,0,8837.0,3753,60,0.238,720840108,0,1.2710664e-06,Loyal
47,4,0,28,2,4,4012.0,2962,60,0.0,711349083,0,0.15594909,Loyal
52,3,0,41,2,3,16207.0,3621,83,0.057,721247883,0,1.0301179e-06,Loyal
29,3,0,14,3,2,14853.0,1800,41,0.0,720497958,0,0.0021190583,Loyal
60,5,0,36,2,2,4546.0,1361,34,0.0,719466558,0,0.11398221,Loyal
29,0,0,22,2,3,11722.0,8302,78,0.0,753220383,1,0.9954678,High Risk
35,2,0,28,3,4,6921.0,1931,35,0.312,757481283,0,0.0018149907,Loyal
43,4,0,23,2,3,7706.0,965,27,0.051,778506633,1,0.9990879,High Risk
46,4,0,40,2,2,6568.0,1507,33,0.0,819634233,1,0.0109661585,Loyal
48,4,0,41,3,2,2964.0,2327,38,0.849,753795633,1,0.9999814,High Risk
42,3,0,36,1,3,3046.0,4711,77,0.404,715435758,0,1.2452851e-05,Loyal
45,2,0,34,1,1,13362.0,4155,79,0.0,772063308,0,1.7278649e-07,Loyal
48,1,0,37,3,1,1438.3,5035,76,0.0,718205283,0,4.866843e-05,Loyal
65,4,0,54,3,4,3213.0,1855,39,0.783,720863133,0,0.027785916,Loyal
32,3,0,26,1,3,29961.0,2337,69,0.026,709288383,0,1.880684e-06,Loyal
42,3,0,36,3,2,22993.0,7867,75,0.0,709213458,1,0.98131186,High Risk
48,5,0,36,2,3,5495.0,5125,85,0.4,708670608,0,5.1670784e-05,Loyal
30,4,0,19,1,4,2898.0,2632,64,0.0,709150608,0,0.0027080844,Loyal
46,2,3,29,3,3,34516.0,3754,53,0.059,713105508,0,0.018669358,Loyal
55,4,0,36,1,2,2712.0,4858,73,0.596,716303583,0,5.5311343e-06,Loyal
51,3,0,41,3,2,34516.0,3435,76,0.03,787669233,0,3.4856496e-06,Loyal
46,1,0,34,2,2,3569.0,4186,72,0.0,771488583,0,0.0004700838,Loyal
42,4,0,28,2,4,2029.0,4014,86,0.679,708269583,0,2.914655e-06,Loyal
44,4,0,34,2,2,3084.0,12739,96,0.0,779809908,0,0.0016000842,Loyal
49,2,0,36,3,2,4596.0,2872,62,0.0,720973833,0,0.028858095,Loyal
41,3,0,22,2,3,5037.0,4379,67,0.332,720236433,0,0.0007591394,Loyal
55,0,0,44,2,3,6455.0,8001,99,0.285,717895833,0,4.42222e-05,Loyal
49,3,0,38,6,3,9738.0,4816,49,0.188,718921683,0,0.8465565,High Risk
47,2,0,36,2,1,8311.0,1895,57,0.0,713828208,0,0.026974732,Loyal
67,1,0,49,3,2,3106.0,1512,38,0.539,779241783,0,3.5285786e-05,Loyal
47,0,0,41,3,3,9036.0,4500,83,0.12,797241108,0,6.21007e-06,Loyal
38,1,0,29,3,2,3276.0,4345,68,0.712,716635758,0,4.905054e-05,Loyal
50,4,0,36,2,3,2473.0,4203,73,0.677,714536208,0,7.660574e-06,Loyal
43,2,0,31,1,2,23457.0,7370,96,0.107,709372608,0,6.556366e-07,Loyal
41,1,0,32,1,3,12804.0,1101,37,0.197,769574883,0,0.0010705221,Loyal
42,2,3,22,3,1,25293.0,4059,80,0.045,718286658,0,1.8753985e-06,Loyal
51,4,0,35,1,1,2141.0,4317,64,0.549,714839808,0,1.561142e-06,Loyal
38,4,0,26,2,2,4391.0,1849,36,0.44,718342158,1,0.007421281,Loyal
61,4,0,54,2,2,3102.0,1977,50,0.674,778573233,0,0.0005025695,Loyal
53,3,0,36,2,4,17742.0,3369,55,0.082,715680933,0,5.7403577e-05,Loyal
45,4,0,27,2,2,2490.0,12257,101,0.425,708396033,0,9.7315e-05,Loyal
52,3,0,43,1,4,3710.0,1578,34,0.678,713356833,0,0.03213839,Loyal
58,0,0,53,1,2,6103.0,1468,34,0.295,814593858,0,8.741118e-05,Loyal
48,4,0,36,2,3,1708.0,4880,79,0.62,771592458,0,2.1695348e-06,Loyal
57,3,0,53,2,4,25058.0,2053,55,0.068,827631483,0,0.002809056,Loyal
62,1,0,56,3,3,2359.0,2021,50,0.526,811721133,0,0.0006820841,Loyal
50,2,0,36,3,1,8014.0,6950,84,0.156,720443358,0,0.00011187914,Loyal
37,5,0,36,2,1,2346.0,4287,79,0.691,709477233,0,7.2734554e-07,Loyal
41,4,0,28,1,3,2354.0,4048,61,0.811,711942783,0,1.9507124e-05,Loyal
43,5,0,37,3,1,16583.0,7823,87,0.108,768848658,0,0.00010704515,Loyal
50,5,0,31,1,3,13745.0,4432,61,0.0,788772708,0,2.4845407e-05,Loyal
50,1,0,39,2,2,2275.0,7768,83,0.94,717109983,0,1.1120061e-05,Loyal
49,4,3,40,3,5,13704.0,15872,116,0.155,712128258,0,0.0013800715,Loyal
38,4,0,36,3,2,7825.0,14326,100,0.0,720621408,0,0.0004600013,Loyal
43,3,0,32,1,2,24244.0,8074,84,0.068,710295858,0,3.448719e-05,Loyal
49,4,0,39,3,0,2434.0,4628,73,0.0,714647808,0,2.9872685e-05,Loyal
28,5,0,15,2,2,23103.0,14049,120,0.039,712374708,0,0.00012583977,Loyal
35,4,0,36,3,4,2089.0,2707,51,0.0,715547058,1,0.9816788,High Risk
46,2,0,31,1,4,21226.0,14103,96,0.057,720539583,0,7.185864e-06,Loyal
50,0,0,35,1,2,34516.0,14474,121,0.047,712952283,0,2.8094223e-06,Loyal
33,2,0,25,2,2,14918.0,2171,35,0.136,710475408,0,0.2283543,Loyal
61,5,0,36,2,2,1801.0,3193,62,0.0,715007583,0,0.0003556237,Loyal
44,1,0,36,1,2,4010.0,1088,24,0.311,713061558,0,0.00014820261,Loyal
47,5,0,36,1,3,5349.0,1343,30,0.23,772288758,0,0.00060329237,Loyal
62,0,0,53,3,4,34516.0,3820,76,0.06,713977308,0,7.946776e-05,Loyal
42,3,0,36,1,2,30117.0,7930,91,0.071,801064833,0,1.3777636e-06,Loyal
45,4,0,36,3,2,2072.0,4210,64,0.745,708129933,0,2.871207e-05,Loyal
34,2,0,23,3,2,4245.0,1534,34,0.428,789167658,0,0.00026515193,Loyal
50,1,0,40,2,2,3469.0,3680,80,0.0,720286908,0,0.000180108,Loyal
37,3,0,36,2,4,12830.0,2526,54,0.0,716565258,0,0.009811883,Loyal
33,0,1,20,1,4,34516.0,9338,73,0.0,708564858,1,0.998565,High Risk
50,5,0,31,3,1,3668.0,4430,76,0.0,778895883,0,0.00028580418,Loyal
56,3,0,36,1,1,4731.0,14952,118,0.176,709410033,0,2.0205895e-05,Loyal
53,0,0,36,3,3,19252.0,14074,112,0.039,710745633,0,0.0016817829,Loyal
47,4,0,34,1,2,8390.0,8316,92,0.0,709008708,0,3.435117e-05,Loyal
52,4,0,36,1,3,2873.0,4620,81,0.597,714738858,0,2.00184e-06,Loyal
49,2,0,34,3,3,1511.0,1329,35,0.0,713639058,1,0.88527,High Risk
62,1,0,50,2,4,11352.0,4021,56,0.222,719739108,0,0.0022102147,Loyal
48,2,0,44,3,3,8904.0,3654,65,0.212,826079508,0,7.753263e-05,Loyal
33,4,0,16,1,4,2042.0,2758,50,0.913,710795883,0,0.6435673,Medium Risk
50,3,0,37,2,1,1438.3,1391,40,0.599,710404533,0,0.05378963,Loyal
49,4,0,42,3,2,1991.0,4527,66,0.0,719359458,0,0.00024633337,Loyal
43,3,0,39,3,1,24850.0,1226,25,0.067,821837958,0,0.0047843615,Loyal
58,4,0,43,1,4,1957.0,4546,78,0.589,710691633,0,3.8005862e-07,Loyal
46,4,0,28,3,3,1438.3,5098,66,0.4,779296908,0,0.00057407416,Loyal
50,4,0,30,3,2,2033.0,4360,95,0.414,710797833,0,1.3749828e-05,Loyal
45,4,0,35,2,2,1502.0,4890,61,0.0,804337233,0,0.053412307,Loyal
31,5,0,20,1,2,8149.0,808,30,0.0,713823033,1,0.9999912,High Risk
57,3,0,52,2,4,10974.0,1327,26,0.0,720076458,0,0.24200983,Loyal
36,3,0,31,3,5,12893.0,2300,60,0.126,809818008,0,0.00045744173,Loyal
56,4,0,47,3,1,2238.0,4108,72,0.592,717376758,0,1.455379e-06,Loyal
45,1,0,39,4,1,2851.0,3916,64,0.0,795844983,0,0.010259926,Loyal
57,3,0,47,2,3,2092.0,1468,30,0.663,789368658,0,1.425033e-05,Loyal
43,4,0,29,2,3,4138.0,1827,49,0.155,720462633,0,0.62396514,Medium Risk
63,1,0,36,3,2,4559.0,1870,35,0.345,708938508,0,0.032489687,Loyal
49,5,0,31,3,4,4946.0,2239,38,0.0,709560258,1,0.9995609,High Risk
38,0,0,26,2,1,14938.0,7385,90,0.0,717513933,0,0.08588126,Loyal
37,4,0,25,2,1,1438.3,1717,31,0.469,711113958,0,0.45851374,Medium Risk
38,4,0,36,4,3,1438.3,4707,88,0.0,713995233,0,7.4072483e-07,Loyal
41,0,0,29,2,2,5207.0,1310,26,0.336,717906783,0,0.0009631954,Loyal
45,3,0,36,2,3,1438.3,3748,64,0.0,716516208,0,7.6376346e-05,Loyal
49,3,0,42,2,1,30885.0,17350,115,0.065,756658083,0,6.7891247e-06,Loyal
43,2,0,34,3,1,3755.0,14402,110,0.424,718692258,0,0.00012699628,Loyal
46,0,0,38,2,2,8989.0,2309,49,0.061,719816583,1,0.6012025,Medium Risk
36,3,0,28,3,2,1438.3,3204,68,0.0,787578183,0,4.2237905e-05,Loyal
38,5,0,14,1,2,4394.0,1538,43,0.0,788699808,0,0.00885699,Loyal
42,2,0,37,3,3,5951.0,4160,84,0.0,809320908,0,2.2881572e-05,Loyal
43,2,0,34,3,3,10573.0,2237,43,0.0,789942033,1,0.9993911,High Risk
42,4,0,36,2,3,2128.0,2289,41,0.248,714006333,1,0.99599814,High Risk
48,2,3,35,3,4,33791.0,1546,41,0.0,710813733,0,0.92136425,High Risk
54,0,0,43,2,2,5569.0,2600,60,0.174,711679533,0,0.0020764947,Loyal
53,4,0,36,1,3,3176.0,1634,53,0.463,709212183,0,3.470908e-05,Loyal
37,5,0,32,1,3,4397.0,2473,47,0.456,807523008,0,0.00030686473,Loyal
57,4,0,45,2,0,2494.0,1555,39,0.657,787480158,0,7.648857e-06,Loyal
40,5,0,28,3,3,1622.0,4216,71,0.599,711272058,0,1.1396285e-05,Loyal
53,5,0,41,2,3,15101.0,13545,96,0.092,720033033,0,7.3396644e-05,Loyal
47,3,0,41,2,2,21325.0,7053,69,0.103,794124708,0,0.3864979,Loyal
59,4,0,52,3,3,2308.0,4869,77,0.907,790164408,0,5.8344463e-06,Loyal
54,3,0,47,1,3,6065.0,1114,27,0.285,714831033,0,0.00036413624,Loyal
61,1,0,49,2,2,5472.0,705,14,0.144,718731183,1,0.9984648,High Risk
43,1,0,39,2,2,6648.0,2089,60,0.337,827888433,0,0.1188399,Loyal
53,4,0,41,2,2,2596.0,4801,72,0.334,711992133,0,4.1549706e-06,Loyal
31,4,0,36,3,3,1868.0,2229,35,0.811,711809283,0,0.3217308,Loyal
36,4,0,31,2,3,2937.0,2511,51,0.735,714574083,0,0.028132122,Loyal
46,4,0,40,2,4,1438.3,4427,85,0.444,769189083,0,3.5819707e-07,Loyal
55,4,0,44,2,1,2638.0,4153,77,0.539,711968358,0,7.1436666e-08,Loyal
63,4,1,55,1,3,15987.0,3640,56,0.084,711750183,0,0.00029531505,Loyal
46,4,0,39,3,3,4752.0,3404,54,0.295,716511483,0,0.012766169,Loyal
49,3,0,43,1,1,2191.0,3967,76,0.645,800869758,0,1.5335506e-07,Loyal
47,4,0,36,3,2,1819.0,4636,75,0.679,715235808,0,1.3397688e-06,Loyal
48,2,1,40,2,5,34516.0,3927,68,0.067,714199983,0,1.109268e-05,Loyal
44,3,0,36,3,0,22143.0,4263,62,0.033,718540308,0,2.0947932e-06,Loyal
51,0,0,42,1,4,10306.0,1456,44,0.138,716460933,0,0.001665955,Loyal
52,4,0,38,2,3,2904.0,4503,89,0.867,780277458,0,6.35274e-05,Loyal
53,4,0,47,1,2,1562.0,4574,81,0.481,798011733,0,2.0364428e-07,Loyal
49,2,0,39,6,3,19719.0,3572,73,0.071,714046608,0,1.8288428e-06,Loyal
32,5,0,13,1,3,3558.0,4878,71,0.229,713396358,0,0.0039941613,Loyal
45,5,0,36,2,2,4146.0,4323,64,0.489,714005508,0,0.000115854695,Loyal
50,4,0,38,1,3,2623.0,5237,76,0.653,717444558,0,3.8779194e-06,Loyal
56,4,0,50,2,2,8869.0,3270,63,0.0,713905608,0,0.004576968,Loyal
37,4,0,28,3,3,1438.3,5136,76,0.416,711126483,0,1.5629101e-06,Loyal
39,4,0,36,2,3,1462.0,1998,36,0.0,714602658,1,0.9682748,High Risk
65,4,0,56,3,3,2279.0,4091,82,0.785,716019333,0,8.6173736e-07,Loyal
55,0,0,36,2,3,29795.0,3949,71,0.079,714869958,0,4.8039336e-05,Loyal
42,2,0,27,2,3,11880.0,1789,42,0.17,778459833,0,0.43395478,Medium Risk
31,4,0,21,2,4,2718.0,2570,49,0.706,789309558,0,0.011470776,Loyal
45,4,0,38,2,3,2911.0,4450,62,0.505,756736008,0,4.6117497e-05,Loyal
40,4,0,24,3,2,8014.0,1596,34,0.175,779883933,0,0.009185037,Loyal
39,4,0,26,3,3,2469.0,3837,74,0.74,709343433,0,1.0782284e-05,Loyal
46,4,0,41,2,3,1438.3,3942,78,0.0,806908608,0,7.162103e-06,Loyal
38,3,0,19,3,2,25662.0,1484,36,0.059,720521808,0,0.0023592252,Loyal
65,4,3,53,1,2,11097.0,4836,83,0.0,709523508,0,0.0001097731,Loyal
40,1,0,30,3,4,3356.0,2032,39,0.75,708373083,1,0.9115129,High Risk
36,2,0,29,3,3,7712.0,1845,40,0.326,713325108,0,0.0024583382,Loyal
43,4,0,38,2,2,1530.0,5138,84,0.0,819214233,0,5.344605e-05,Loyal
54,4,0,36,2,4,3084.0,1446,22,0.816,713188383,0,0.0033348382,Loyal
49,2,0,35,2,3,2527.0,3585,68,0.562,770778108,0,1.8142161e-06,Loyal
65,1,0,36,3,3,10962.0,2724,71,0.142,716610558,0,7.456348e-05,Loyal
31,3,0,36,1,0,25215.0,2588,48,0.057,715174158,0,3.3643537e-05,Loyal
55,4,0,44,2,2,3897.0,3681,62,0.32,779608083,0,2.3060258e-05,Loyal
39,1,0,29,2,2,11135.0,8777,112,0.14,780200208,0,0.00045365075,Loyal
55,4,0,36,1,3,1438.3,850,22,0.251,718675158,1,0.98811615,High Risk
63,4,0,56,6,3,1931.0,2288,48,0.793,817977933,1,0.886625,High Risk
52,4,0,45,3,3,2548.0,2055,54,0.661,755273658,0,0.004037725,Loyal
53,2,0,47,2,2,6363.0,1256,26,0.183,715022133,0,1.9048055e-05,Loyal
36,1,0,28,1,3,6824.0,1933,48,0.274,719804208,0,1.0099962e-05,Loyal
36,1,0,22,6,3,8436.0,2627,63,0.298,780056733,0,0.00013613055,Loyal
39,4,0,29,3,0,2863.0,4985,90,0.678,780373233,0,7.4984587e-07,Loyal
57,3,0,39,4,3,2795.0,4679,67,0.655,817188408,0,4.694988e-05,Loyal
52,4,0,41,3,6,1764.0,2740,47,0.0,772073508,1,0.99999976,High Risk
46,5,0,40,3,3,10600.0,4697,67,0.0,803805483,0,0.014346677,Loyal
56,2,0,47,1,3,3426.0,4268,81,0.537,717823383,0,2.3419589e-06,Loyal
49,3,0,40,2,3,4576.0,3100,54,0.042,789907533,1,0.1228859,Loyal
59,4,0,51,3,4,1570.0,1430,28,0.655,788259558,0,0.00014997262,Loyal
49,1,0,44,1,3,2147.0,4240,69,0.653,815515158,0,3.8301025e-07,Loyal
51,3,0,37,2,2,8783.0,4425,83,0.244,713884458,0,1.7238772e-05,Loyal
49,1,0,37,2,4,3943.0,4180,82,0.288,789717708,0,4.7185073e-05,Loyal
44,0,0,33,2,3,34516.0,7412,84,0.031,708160008,0,0.0725418,Loyal
40,5,0,36,2,2,3698.0,2051,31,0.129,708702258,1,0.9923038,High Risk
46,3,0,33,1,3,34516.0,15490,110,0.032,789023508,0,1.9549287e-05,Loyal
42,4,0,33,3,2,3815.0,4430,94,0.312,719265108,0,2.108709e-05,Loyal
53,4,0,48,3,3,2267.0,3709,64,0.648,813213558,0,9.360216e-06,Loyal
57,5,0,51,5,2,1438.3,2607,37,0.0,802460433,1,0.99995923,High Risk
47,5,0,38,1,4,1634.0,4397,72,0.895,717995958,0,2.1366757e-06,Loyal
41,4,0,22,1,3,6739.0,15471,115,0.133,710697408,0,4.154388e-06,Loyal
39,1,0,34,4,2,13984.0,4727,83,0.045,805458933,0,0.00014555955,Loyal
56,5,0,36,2,2,4263.0,4876,70,0.0,713850783,0,0.0011118164,Loyal
32,5,0,26,2,4,14140.0,5036,76,0.06,713876958,0,0.0001467882,Loyal
37,5,0,28,3,2,2458.0,4627,90,0.261,718926258,0,2.3907683e-06,Loyal
35,5,0,24,2,4,16915.0,2795,55,0.099,717585858,0,0.031669687,Loyal
52,4,0,40,1,1,4119.0,15215,121,0.611,710303208,0,0.00024658715,Loyal
35,4,0,21,6,3,2157.0,2111,59,0.551,770647233,0,0.00021969221,Loyal
35,5,0,26,1,2,16950.0,7821,97,0.0,715459158,0,4.1547737e-05,Loyal
49,2,0,38,2,1,5536.0,3918,70,0.137,789185508,0,5.84101e-06,Loyal
41,4,0,23,2,2,2787.0,4949,76,0.737,779305008,0,2.553564e-05,Loyal
42,1,0,29,3,4,6698.0,4065,77,0.198,713343333,0,1.891766e-05,Loyal
45,4,0,38,2,3,3682.0,4015,77,0.0,749067633,0,0.00047237016,Loyal
58,1,0,53,2,3,2642.0,4897,81,0.473,811713408,0,5.355097e-07,Loyal
43,1,0,35,2,2,2303.0,4469,80,0.314,789990333,0,8.140117e-05,Loyal
45,2,0,26,2,2,3035.0,4275,67,0.494,788770908,0,0.00016023047,Loyal
45,1,0,37,4,1,2811.0,4275,78,0.58,709411383,0,1.7493765e-06,Loyal
44,3,0,36,2,3,19430.0,3650,80,0.0,708361833,0,5.1815973e-06,Loyal
37,1,0,27,1,2,2673.0,3052,63,0.942,712801758,0,4.276668e-05,Loyal
48,4,0,37,2,3,5758.0,4422,76,0.0,721179708,0,0.0002108754,Loyal
37,3,0,18,3,2,1663.0,3950,82,0.0,708511983,0,0.0002844488,Loyal
45,2,0,36,5,1,17072.0,8591,99,0.089,711388458,0,5.5108558e-05,Loyal
55,4,0,36,3,0,1438.3,4436,73,0.526,720486408,0,1.1317097e-08,Loyal
39,3,0,34,1,3,3766.0,1514,51,0.279,709157133,0,0.00010668961,Loyal
38,4,0,30,2,2,3730.0,858,22,0.675,712240083,1,0.4691106,Medium Risk
45,4,0,39,2,2,3411.0,2108,55,0.432,782802033,1,0.045464028,Loyal
58,1,3,50,2,3,18431.0,2950,61,0.049,712091433,0,0.00038248056,Loyal
51,4,0,25,3,3,3042.0,4781,79,0.0,720494058,0,0.054840017,Loyal
34,1,0,27,2,4,2313.0,4317,68,0.767,710277183,0,3.957555e-05,Loyal
29,5,0,18,1,2,23125.0,2536,69,0.053,789804933,0,5.145276e-05,Loyal
49,4,0,38,3,3,2305.0,5106,74,0.509,719022558,0,4.751286e-06,Loyal
36,2,0,30,2,4,1606.0,2229,45,0.497,714573258,0,0.3129732,Loyal
54,3,0,34,3,2,14926.0,1576,25,0.169,709919283,0,0.001466892,Loyal
38,4,0,36,1,1,1461.0,4769,76,0.0,716481408,0,3.2754215e-06,Loyal
48,4,0,35,2,2,1705.0,4862,41,0.699,719038008,0,0.977457,High Risk
43,1,0,37,2,3,7872.0,13746,104,0.126,793456983,0,0.00012843391,Loyal
48,4,0,36,3,1,9943.0,8325,54,0.215,720597108,1,0.9912833,High Risk
38,2,0,36,1,2,2836.0,4121,83,0.304,715233108,0,7.2092587e-07,Loyal
34,3,0,21,4,2,4670.0,2256,56,0.0,709220583,0,0.01297808,Loyal
49,4,0,31,1,3,2381.0,4013,79,0.673,779324358,0,7.333299e-07,Loyal
33,1,0,25,2,2,9371.0,2518,67,0.164,712112733,0,0.0014572428,Loyal
43,4,0,28,2,4,1484.0,1664,39,0.0,714443058,1,0.95072997,High Risk
43,4,0,36,1,1,9684.0,1400,31,0.256,711109908,0,0.0020408332,Loyal
55,4,3,36,2,1,10858.0,14475,111,0.0,717464958,0,0.0005978035,Loyal
51,3,0,39,3,2,9773.0,3578,71,0.204,713701533,0,1.6816253e-05,Loyal
41,3,0,31,5,2,33472.0,4719,70,0.075,772565883,0,5.531952e-06,Loyal
36,4,0,29,3,4,2029.0,1802,40,0.586,758765808,0,0.00023809272,Loyal
58,1,0,47,3,3,2038.0,4784,70,0.539,716851908,0,5.7786283e-06,Loyal
42,2,0,32,3,2,3741.0,4402,55,0.0,721500108,0,0.26212332,Loyal
48,4,0,43,1,3,2357.0,4534,75,0.62,820268358,0,7.6854803e-07,Loyal
36,3,0,26,2,1,9959.0,2021,41,0.0,717171408,0,0.25656548,Loyal
54,4,0,36,4,2,2957.0,4280,82,0.476,713567958,0,1.453566e-06,Loyal
39,4,0,36,3,1,2816.0,4817,87,0.894,716512383,0,2.3939348e-05,Loyal
59,4,0,47,3,2,7692.0,1861,42,0.218,713008308,0,0.07229859,Loyal
49,5,0,32,1,3,3519.0,3552,68,0.38,780942633,0,2.3353305e-06,Loyal
48,1,0,36,2,1,1610.0,4243,85,0.0,716249508,0,6.520458e-06,Loyal
33,4,0,36,3,3,4838.0,2641,67,0.277,714909108,0,0.00052559463,Loyal
26,1,0,13,2,4,1730.0,869,27,0.934,778708533,1,0.9999509,High Risk
40,2,0,30,3,2,24499.0,7667,84,0.103,772725408,0,0.00012013293,Loyal
58,4,0,36,2,6,9909.0,1844,41,0.0,709534083,1,0.99924624,High Risk
32,4,0,17,1,2,1438.3,2580,67,0.854,817144458,0,0.007860937,Loyal
56,5,0,51,1,1,3334.0,4284,73,0.382,807157833,0,5.519186e-05,Loyal
40,1,0,36,6,1,4947.0,4497,84,0.0,716371308,0,2.2211552e-06,Loyal
38,1,0,36,1,3,3509.0,4712,84,0.518,716332533,0,3.119014e-07,Loyal
65,4,0,56,0,3,6812.0,2288,48,0.283,716924958,1,0.0007633672,Loyal
53,3,0,41,3,2,16033.0,1158,31,0.035,720904233,0,0.14834143,Loyal
44,1,0,36,3,2,6111.0,4155,68,0.412,711964533,0,0.0033299602,Loyal
44,4,0,28,2,2,1558.0,4805,86,0.564,788715483,0,8.9605817e-07,Loyal
35,1,0,19,3,3,8599.0,3015,64,0.109,788832033,0,0.00016026667,Loyal
51,4,0,36,3,3,8960.0,1853,40,0.248,716022258,1,0.80948967,High Risk
43,2,0,33,2,1,13165.0,8126,95,0.095,712208658,0,4.898921e-05,Loyal
26,0,0,17,2,1,30928.0,3863,72,0.065,710482533,0,1.9953538e-06,Loyal
37,3,3,36,1,1,34516.0,2681,55,0.0,717661908,0,0.00014772166,Loyal
65,1,0,46,1,3,5877.0,2494,58,0.289,720254883,0,0.002095086,Loyal
40,4,0,31,2,2,2813.0,4491,68,0.785,719532108,0,2.7947704e-06,Loyal
58,3,0,47,3,3,12151.0,918,14,0.148,779610033,1,0.9646653,High Risk
46,1,0,41,3,2,3150.0,3432,71,0.49,819977058,0,4.0880386e-05,Loyal
64,4,0,53,3,4,2084.0,1597,37,0.79,772202058,0,0.00043893297,Loyal
49,0,3,36,2,2,34516.0,7962,99,0.0,717658758,0,0.0006382871,Loyal
52,3,0,46,3,2,34516.0,3072,67,0.073,720467583,0,8.89229e-05,Loyal
40,2,0,27,2,3,12283.0,1993,41,0.0,713314533,1,0.93393874,High Risk
37,4,0,26,3,4,6866.0,862,13,0.348,719318583,1,0.9949116,High Risk
41,1,0,29,2,3,3281.0,2907,45,0.0,789122808,1,0.99970967,High Risk
54,5,0,47,3,3,2156.0,4120,77,0.526,708525108,0,3.6975183e-07,Loyal
49,4,0,32,1,3,1438.3,3808,80,0.494,779662308,0,6.220819e-08,Loyal
59,1,0,36,2,2,2483.0,1704,35,0.553,717180633,0,0.0008117766,Loyal
51,1,3,44,2,3,16406.0,4075,75,0.0,713000058,0,0.00024758364,Loyal
41,2,0,36,4,3,4575.0,4726,64,0.294,709747308,0,0.011084092,Loyal
43,4,0,36,3,2,2886.0,2326,50,0.0,712235433,1,0.99717736,High Risk
50,0,0,40,2,3,24670.0,7772,76,0.066,712405908,0,0.019062996,Loyal
57,3,0,38,3,3,2472.0,1392,33,0.994,778885158,0,0.00018161349,Loyal
41,5,0,30,2,3,5647.0,4868,76,0.208,789143283,0,2.9970672e-05,Loyal
50,3,0,38,2,3,4915.0,1474,36,0.094,721233033,1,0.12676771,Loyal
53,0,0,36,2,2,21079.0,13930,96,0.068,718486608,0,2.5198135e-06,Loyal
51,1,0,36,3,3,3359.0,4572,81,0.26,713249883,0,0.00032464624,Loyal
45,2,0,39,2,3,5996.0,4542,77,0.144,797743233,0,2.3840767e-05,Loyal
53,0,0,33,3,3,21006.0,1856,57,0.091,778346283,0,0.0027115843,Loyal
54,4,0,36,2,3,1740.0,4751,93,0.0,721113333,0,8.6559055e-05,Loyal
48,3,0,36,3,0,5288.0,1777,42,0.164,720707283,0,0.027635422,Loyal
65,4,0,53,3,2,2195.0,4205,65,0.873,788997408,0,8.162114e-05,Loyal
50,4,0,31,2,1,2080.0,5130,82,0.865,710456658,0,8.205184e-06,Loyal
54,1,0,49,3,2,5476.0,1532,44,0.46,808796208,0,0.0017784627,Loyal
44,4,0,33,2,2,2417.0,1848,38,0.0,713685033,1,0.97588456,High Risk
44,4,0,30,1,4,3734.0,3144,62,0.0,788912658,0,9.4722855e-05,Loyal
44,3,0,36,3,2,10908.0,4883,42,0.0,712157958,1,0.9999883,High Risk
52,2,0,46,2,2,9357.0,4173,77,0.137,711148308,0,3.025393e-06,Loyal
41,3,0,36,3,0,23018.0,1463,24,0.094,719117433,0,5.2942632e-05,Loyal
