client_id,client_name,client_type,sector,sector_risk,country,pep_flag,sanctions_flag,fatf_country_flag,ofac_country_flag,sectoral_sanctions_flag,ownership_opacity_score,total_transactions,total_amount,avg_amount,ofac_matches,fatf_txn_flags,structuring_flags,rapid_movement_flags,trade_mispricing_flags,unique_counterparty_countries,client_country,composite_risk_score,risk_tier,kyc_risk_flag,sector_risk_enc,risk_score,risk_level,recommended_action
1,Wells-Turner,Financial Institution,NGO/Charity,High,JP,0,0,0,0,0,0.0,26,261181.94,10045.459230769233,0,0,0,1,0,12,JP,0.0,Low,0,2,0.0039423984,Low Risk,No action required
2,"Goodman, Hendrix and Garcia",Financial Institution,Import/Export,Medium,CH,0,0,0,0,0,0.0,28,59430.99,2122.5353571428573,0,0,0,0,0,10,CH,0.0,Low,0,1,0.0023524046,Low Risk,No action required
3,Phillips-Hanson,NGO,NGO/Charity,High,AE,0,1,0,0,0,0.5,25,61924.06,2476.9624,22,7,0,1,0,8,AE,52.0,Critical,1,2,0.9977684,Critical,Compliance team intervention
4,"Kim, Anderson and Espinoza",Financial Institution,Defense/Arms,High,RU,1,0,0,1,1,0.0,29,210226.5,7249.189655172414,1,0,0,2,0,12,RU,8.5,High,1,2,0.9979023,Critical,Compliance team intervention
5,Marks-Thompson,Financial Institution,Financial Services,Medium,AU,0,0,0,0,1,0.0,22,61420.28,2791.830909090909,0,0,0,0,0,10,AU,1.5,Low,0,1,0.0025014707,Low Risk,No action required
6,Jones Inc,Corporate,NGO/Charity,High,AE,0,0,0,0,0,1.0,23,181771.64,7903.114782608695,0,0,1,2,0,11,AE,11.5,Critical,1,2,0.99587834,Critical,Compliance team intervention
7,Lambert-Ruiz,Individual,Energy/Oil,High,US,0,0,0,0,1,0.0,26,85070.08,3271.9261538461537,1,1,1,1,0,13,US,5.0,Medium,1,2,0.9984686,Critical,Compliance team intervention
8,Thompson Inc,NGO,Consulting,Low,CA,0,0,0,0,0,0.0,26,43633.21,1678.2003846153846,2,2,0,1,0,14,CA,4.0,Medium,1,0,0.9985796,Critical,Compliance team intervention
9,Vega-Randall,NGO,Financial Services,Medium,US,0,0,0,0,1,1.0,17,38554.41,2267.906470588235,0,0,0,0,0,11,US,11.5,Critical,1,1,0.99404067,Critical,Compliance team intervention
10,Edwards PLC,Corporate,Casino/Gambling,High,SY,0,0,0,1,0,0.5,25,327501.73,13100.0692,0,0,0,0,0,13,SY,7.0,High,1,2,0.997919,Critical,Compliance team intervention
11,Solis-Kemp,NGO,NGO/Charity,High,AF,0,0,0,0,0,0.0,22,242607.88,11027.630909090907,1,0,0,2,0,10,AF,2.0,Low,1,2,0.99790263,Critical,Compliance team intervention
12,Stein-Davis,NGO,Import/Export,Medium,SD,0,0,0,1,0,0.5,20,35571.72,1778.586,0,0,0,1,0,11,SD,7.0,High,1,1,0.996007,Critical,Compliance team intervention
13,Gonzalez-Jenkins,Financial Institution,Retail,Low,NL,0,0,0,0,0,0.0,26,46490.71,1788.1042307692308,1,0,0,0,0,12,NL,2.0,Low,1,0,0.9978052,Critical,Compliance team intervention
14,Harris-Walker,Individual,Real Estate,Medium,RU,0,0,0,1,0,0.0,31,63146.91,2036.9970967741936,0,0,0,2,0,11,RU,2.0,Low,0,1,0.0045560985,Low Risk,No action required
15,"Adkins, Howard and Mcdonald",Corporate,Energy/Oil,High,SG,0,0,0,0,1,0.0,25,131889.93,5275.5972,2,1,0,1,0,13,SG,5.5,High,1,2,0.9982653,Critical,Compliance team intervention
16,Estrada Ltd,Financial Institution,Energy/Oil,High,IR,0,0,1,1,1,0.0,21,194140.84,9244.801904761904,0,0,1,1,0,10,IR,7.0,High,1,2,0.991901,Critical,Compliance team intervention
17,"Stein, Webb and Smith",Financial Institution,Defense/Arms,High,NL,0,0,0,0,1,0.0,33,187925.78,5694.720606060606,0,0,0,1,0,13,NL,1.5,Low,0,2,0.0030869467,Low Risk,No action required
18,"Christian, Shepard and Wells",Financial Institution,Tech,Low,AE,1,0,0,0,0,0.0,24,80256.20999999999,3344.0087499999995,0,0,0,0,0,12,AE,3.0,Medium,1,0,0.9863733,Critical,Compliance team intervention
19,"James, Allen and Kim",Financial Institution,Defense/Arms,High,IN,0,0,0,0,1,0.0,26,249200.71,9584.642692307692,0,0,1,2,0,12,IN,3.0,Medium,0,2,0.0038379543,Low Risk,No action required
20,"Martinez, Griffin and Cox",Individual,Energy/Oil,High,DE,0,0,0,0,1,0.0,22,69781.13,3171.869545454545,1,1,0,2,0,12,DE,3.5,Medium,1,2,0.99790394,Critical,Compliance team intervention
21,Randall-Jones,Corporate,Consulting,Low,JP,0,0,0,0,0,0.5,22,37444.68,1702.030909090909,0,0,0,0,0,11,JP,5.0,Medium,1,0,0.9932238,Critical,Compliance team intervention
22,"Silva, Cherry and Klein",Individual,Casino/Gambling,High,UK,0,0,0,0,0,0.0,25,253158.09,10126.3236,1,0,0,1,0,12,UK,2.0,Low,1,2,0.99816173,Critical,Compliance team intervention
23,Williams-Phillips,NGO,Financial Services,Medium,FR,0,0,0,0,1,0.5,28,53613.33,1914.7617857142857,1,1,0,1,0,13,FR,8.5,High,1,1,0.99894947,Critical,Compliance team intervention
24,"Frost, Hill and Kaufman",Corporate,Casino/Gambling,High,SY,0,0,0,1,0,0.0,24,199372.38,8307.1825,0,0,1,0,0,10,SY,3.5,Medium,0,2,0.008647264,Low Risk,No action required
25,Shields PLC,Financial Institution,Crypto Exchange,High,SG,0,0,0,0,0,0.0,31,127938.62,4127.0522580645165,0,0,1,1,0,13,SG,1.5,Low,0,2,0.0031591994,Low Risk,No action required
26,Calderon Group,NGO,Crypto Exchange,High,IR,0,0,1,1,0,0.0,23,143706.19,6248.095217391305,0,0,0,2,0,11,IR,4.0,Medium,1,2,0.99141484,Critical,Compliance team intervention
27,"Bush, Stephens and York",Financial Institution,Energy/Oil,High,LB,0,0,0,0,1,0.0,31,264792.91,8541.706774193548,1,1,0,0,0,13,LB,3.5,Medium,1,2,0.9980111,Critical,Compliance team intervention
28,Villegas-Bishop,Financial Institution,Real Estate,Medium,IR,0,0,1,1,0,0.0,17,48583.65,2857.8617647058823,0,0,1,0,0,11,IR,5.5,High,1,1,0.99559844,Critical,Compliance team intervention
29,Smith-Miller,Corporate,Import/Export,Medium,RU,0,0,0,1,0,0.0,18,40758.06,2264.3366666666666,0,0,0,0,0,11,RU,2.0,Low,0,1,0.0052734036,Low Risk,No action required
30,"Moore, Ballard and Adams",NGO,Casino/Gambling,High,IR,0,0,1,1,0,1.0,28,90606.42,3235.9435714285714,1,0,0,1,0,12,IR,16.0,Critical,1,2,0.99843985,Critical,Compliance team intervention
31,Brown Inc,NGO,Casino/Gambling,High,LB,0,0,0,0,0,0.0,29,87717.11,3024.727931034483,2,0,0,3,0,13,LB,4.0,Medium,1,2,0.9974975,Critical,Compliance team intervention
32,Murray PLC,Financial Institution,Financial Services,Medium,FR,0,0,0,0,1,0.0,28,68158.55,2434.233928571429,1,1,0,2,0,11,FR,3.5,Medium,1,1,0.99766904,Critical,Compliance team intervention
33,Moss Ltd,Corporate,Real Estate,Medium,RU,0,0,0,1,0,0.0,23,30669.93,1333.4752173913043,0,0,0,2,0,11,RU,2.0,Low,0,1,0.0045931395,Low Risk,No action required
34,Williams-Lawson,Financial Institution,Financial Services,Medium,AF,0,0,0,0,1,0.0,24,48461.26,2019.2191666666668,0,0,0,0,0,9,AF,1.5,Low,0,1,0.0017627237,Low Risk,No action required
35,Washington-Johnson,Financial Institution,NGO/Charity,High,IR,0,0,1,1,0,0.0,25,67112.71,2684.5084,0,0,0,1,0,11,IR,4.0,Medium,1,2,0.98920375,Critical,Compliance team intervention
36,"Olson, Evans and Thomas",Individual,Crypto Exchange,High,IN,0,0,0,0,0,0.0,20,171326.51,8566.3255,1,0,0,1,0,10,IN,2.0,Low,1,2,0.9979825,Critical,Compliance team intervention
37,"Miller, Berg and Rice",NGO,Energy/Oil,High,SD,0,0,0,1,1,0.0,23,52392.98,2277.9556521739128,0,0,0,1,0,9,SD,3.5,Medium,0,2,0.004238881,Low Risk,No action required
38,"Hubbard, Obrien and Davis",Corporate,Real Estate,Medium,VE,0,0,0,1,0,0.5,29,35899.1,1237.9,0,0,0,3,0,13,VE,7.0,High,1,1,0.9969176,Critical,Compliance team intervention
39,White-Scott,NGO,NGO/Charity,High,FR,0,0,0,0,0,0.0,21,136808.96,6514.712380952381,0,0,1,1,0,12,FR,1.5,Low,0,2,0.004505496,Low Risk,No action required
40,Fowler and Sons,Individual,Real Estate,Medium,RU,0,0,0,1,0,0.0,23,46394.19,2017.138695652174,0,0,0,1,0,12,RU,2.0,Low,0,1,0.0061835446,Low Risk,No action required
41,"May, Jennings and Downs",Corporate,Casino/Gambling,High,NL,0,0,0,0,0,0.0,26,149133.88999999998,5735.918846153845,0,0,2,0,0,10,NL,3.0,Medium,0,2,0.0033736338,Low Risk,No action required
42,"Gates, Hicks and Frazier",Corporate,Crypto Exchange,High,NL,0,0,0,0,0,0.0,14,74797.81,5342.700714285714,0,0,0,0,0,10,NL,0.0,Low,0,2,0.0024720586,Low Risk,No action required
43,"Cox, Peck and Miranda",NGO,Crypto Exchange,High,SY,0,0,0,1,0,0.0,25,82454.35,3298.1740000000004,1,0,1,1,0,11,SY,5.5,High,1,2,0.9987877,Critical,Compliance team intervention
44,"Wilson, Garcia and Daniels",NGO,Real Estate,Medium,US,1,0,0,0,0,0.0,24,205943.35,8580.972916666668,0,0,0,0,0,12,US,3.0,Medium,1,1,0.9968086,Critical,Compliance team intervention
45,"Ryan, Lawson and Harris",Corporate,Financial Services,Medium,KP,0,0,1,1,1,0.0,20,41730.56,2086.528,0,0,0,0,0,12,KP,5.5,High,1,1,0.99112785,Critical,Compliance team intervention
46,"Castro, Manning and Berry",NGO,Retail,Low,NL,0,0,0,0,0,0.0,36,99537.42,2764.9283333333333,0,0,2,1,0,14,NL,3.0,Medium,0,0,0.0033292577,Low Risk,No action required
47,Rodriguez Ltd,NGO,NGO/Charity,High,DE,0,0,0,0,0,0.0,30,138207.66,4606.9220000000005,0,0,0,1,0,13,DE,0.0,Low,0,2,0.00321337,Low Risk,No action required
48,Hill-Luna,Financial Institution,Financial Services,Medium,KP,0,0,1,1,1,0.0,20,41154.41,2057.7205000000004,0,0,0,1,0,11,KP,5.5,High,1,1,0.9910817,Critical,Compliance team intervention
49,"Russell, Bradley and Ryan",Individual,Defense/Arms,High,AF,0,0,0,0,1,0.0,31,288249.56,9298.372903225809,0,0,1,1,0,10,AF,3.0,Medium,0,2,0.0030603122,Low Risk,No action required
50,Nelson-Alexander,NGO,Real Estate,Medium,SY,0,0,0,1,0,0.0,21,34873.62,1660.6485714285716,0,0,0,0,0,9,SY,2.0,Low,0,1,0.004204669,Low Risk,No action required
51,"Eaton, Hurley and Mullins",Individual,Casino/Gambling,High,AU,0,0,0,0,0,0.0,20,136050.9,6802.545,1,0,0,1,0,12,AU,2.0,Low,1,2,0.99816614,Critical,Compliance team intervention
52,Gray-Sanford,Financial Institution,Defense/Arms,High,FR,0,0,0,0,1,0.0,27,204938.25000000003,7590.305555555557,0,0,0,0,0,11,FR,1.5,Low,0,2,0.0031811194,Low Risk,No action required
53,Johnson LLC,Individual,Defense/Arms,High,IR,0,0,1,1,1,0.0,25,171203.57,6848.1428000000005,1,0,1,1,0,11,IR,9.0,High,1,2,0.9983542,Critical,Compliance team intervention
54,"Ramos, Keller and Rodgers",Corporate,NGO/Charity,High,AF,0,0,0,0,0,0.5,28,182923.4,6532.978571428571,0,0,0,3,0,12,AF,5.0,Medium,1,2,0.9943634,Critical,Compliance team intervention
55,Rivera-Guzman,NGO,Defense/Arms,High,SD,0,0,0,1,1,0.5,22,120942.17,5497.371363636364,1,1,0,3,0,8,SD,10.5,Critical,1,2,0.99833703,Critical,Compliance team intervention
56,Buckley-Goodman,Financial Institution,Defense/Arms,High,CN,0,0,0,0,1,0.0,16,187399.16000000003,11712.447500000002,0,0,0,0,0,11,CN,1.5,Low,0,2,0.004426501,Low Risk,No action required
57,"Snyder, Hines and Thompson",Financial Institution,Retail,Low,SY,0,0,0,1,0,0.0,20,35145.51,1757.2755000000002,0,0,0,1,0,7,SY,2.0,Low,0,0,0.004484679,Low Risk,No action required
58,"Davis, Ballard and Schmidt",Individual,Import/Export,Medium,AF,0,0,0,0,0,0.0,20,41180.22,2059.011,0,0,0,0,0,10,AF,0.0,Low,0,1,0.0020397836,Low Risk,No action required
59,Tran-Novak,NGO,Consulting,Low,DE,0,0,0,0,0,0.0,22,43475.75,1976.1704545454545,0,0,0,1,0,10,DE,0.0,Low,0,0,0.0022777652,Low Risk,No action required
60,Cooke-James,Individual,Defense/Arms,High,VE,0,0,0,1,1,0.0,24,104855.7,4368.9875,0,0,0,2,0,10,VE,3.5,Medium,0,2,0.0069968877,Low Risk,No action required
61,Lee and Sons,Financial Institution,Retail,Low,CH,0,0,0,0,0,0.0,16,29869.04,1866.815,0,0,0,0,0,9,CH,0.0,Low,0,0,0.0015991689,Low Risk,No action required
62,Fernandez-Brewer,Individual,Retail,Low,US,0,0,0,0,0,0.0,20,62676.58,3133.829,1,1,0,0,0,12,US,2.0,Low,1,0,0.9987099,Critical,Compliance team intervention
63,Powell-Santiago,NGO,NGO/Charity,High,LB,0,0,0,0,0,0.0,31,172626.56,5568.59870967742,0,0,0,2,0,12,LB,0.0,Low,0,2,0.0024336828,Low Risk,No action required
64,"Wilson, Cook and Miller",Individual,Import/Export,Medium,KP,0,0,1,1,0,0.0,23,34219.7,1487.8130434782609,0,0,0,1,0,13,KP,4.0,Medium,1,1,0.99346125,Critical,Compliance team intervention
65,Allen PLC,NGO,Consulting,Low,VE,0,0,0,1,0,0.0,26,49234.04,1893.616923076923,2,1,0,2,0,14,VE,6.0,High,1,0,0.99867815,Critical,Compliance team intervention
66,Mills-Browning,Financial Institution,Defense/Arms,High,CH,0,0,0,0,1,0.0,22,109608.82,4982.2190909090905,1,0,1,1,0,12,CH,5.0,Medium,1,2,0.997013,Critical,Compliance team intervention
67,"Kim, Gibbs and Cardenas",Corporate,Retail,Low,NL,0,0,0,0,0,0.5,24,56861.85,2369.24375,1,1,0,1,0,12,NL,7.0,High,1,0,0.9987165,Critical,Compliance team intervention
68,Vaughan and Sons,NGO,Real Estate,Medium,UK,1,0,0,0,0,0.0,28,219390.91,7835.389642857143,0,0,0,0,0,13,UK,3.0,Medium,1,1,0.99682045,Critical,Compliance team intervention
69,Juarez PLC,Individual,Financial Services,Medium,AF,0,0,0,0,1,0.0,28,71073.71,2538.346785714286,0,0,0,2,0,11,AF,1.5,Low,0,1,0.0024190787,Low Risk,No action required
70,Lewis-Allen,NGO,Defense/Arms,High,AE,0,0,0,0,1,0.0,27,215133.91,7967.922592592593,0,0,0,2,0,11,AE,1.5,Low,0,2,0.0031811194,Low Risk,No action required
71,"Hawkins, Harris and Peters",Corporate,Casino/Gambling,High,CN,0,0,0,0,0,0.5,28,297767.87,10634.566785714283,0,0,1,2,0,13,CN,6.5,High,1,2,0.9959985,Critical,Compliance team intervention
72,Smith Group,Financial Institution,Tech,Low,JP,0,0,0,0,0,0.0,28,53086.71,1895.9539285714288,0,0,0,1,0,11,JP,0.0,Low,0,0,0.0019948427,Low Risk,No action required
73,Gomez-Mason,NGO,Consulting,Low,US,0,0,0,0,0,0.0,27,64344.62,2383.1340740740743,0,0,0,1,0,11,US,0.0,Low,0,0,0.0026041847,Low Risk,No action required
74,"Sutton, Wright and Maxwell",NGO,Casino/Gambling,High,CH,0,0,0,0,0,0.0,16,180471.77,11279.485625,0,0,0,1,0,9,CH,0.0,Low,0,2,0.004156895,Low Risk,No action required
75,"Hunter, Green and Gardner",NGO,Casino/Gambling,High,SY,0,0,0,1,0,0.0,35,160233.4,4578.097142857143,1,0,1,1,0,14,SY,5.5,High,1,2,0.99853337,Critical,Compliance team intervention
76,Jarvis and Sons,Individual,Consulting,Low,FR,0,0,0,0,0,0.0,22,61634.53,2801.5695454545453,1,0,0,0,0,11,FR,2.0,Low,1,0,0.99786997,Critical,Compliance team intervention
77,"Kelly, Johnson and Brooks",Financial Institution,Financial Services,Medium,DE,0,0,0,0,1,0.0,25,60835.09,2433.4036,1,0,1,0,0,13,DE,5.0,Medium,1,1,0.9984794,Critical,Compliance team intervention
78,"Roach, Thomas and Richardson",Corporate,Crypto Exchange,High,SD,0,0,0,1,0,0.5,24,111437.49,4643.228749999999,0,0,1,0,0,10,SD,8.5,High,1,2,0.9973794,Critical,Compliance team intervention
79,Roberson-Medina,NGO,Financial Services,Medium,UK,0,0,0,0,1,1.0,19,47533.63,2501.77,0,0,0,2,0,10,UK,11.5,Critical,1,1,0.99498415,Critical,Compliance team intervention
80,Wallace Ltd,Financial Institution,Retail,Low,US,0,0,0,0,0,0.0,30,41733.41,1391.1136666666669,0,0,0,1,0,13,US,0.0,Low,0,0,0.0031238045,Low Risk,No action required
81,"Lynch, Calderon and Glover",Individual,NGO/Charity,High,AE,0,0,0,0,0,0.0,27,114268.33,4232.16037037037,1,0,0,2,0,12,AE,2.0,Low,1,2,0.99704784,Critical,Compliance team intervention
82,Walker-Norman,NGO,Energy/Oil,High,VE,1,0,0,1,1,0.0,22,164025.71,7455.71409090909,1,0,0,3,0,13,VE,8.5,High,1,2,0.9988158,Critical,Compliance team intervention
83,"Moore, Gardner and Bray",Individual,NGO/Charity,High,IR,0,0,1,1,0,0.0,23,65370.48,2842.194782608696,0,0,0,1,0,11,IR,4.0,Medium,1,2,0.9931925,Critical,Compliance team intervention
84,Moreno-Sanders,Individual,Financial Services,Medium,IN,0,0,0,0,1,0.0,24,39058.66,1627.4441666666664,0,0,0,1,0,10,IN,1.5,Low,0,1,0.0018432585,Low Risk,No action required
85,Myers-Wood,NGO,Import/Export,Medium,AU,0,0,0,0,0,0.0,27,57450.84,2127.808888888889,0,0,0,3,0,12,AU,0.0,Low,0,1,0.002461905,Low Risk,No action required
86,Gibson-Nunez,Financial Institution,Casino/Gambling,High,FR,0,0,0,0,0,0.0,20,82318.38,4115.919,0,0,0,2,0,10,FR,0.0,Low,0,2,0.002939236,Low Risk,No action required
87,Weiss PLC,NGO,Energy/Oil,High,IN,0,0,0,0,1,0.5,24,189076.12,7878.171666666666,0,0,0,2,0,9,IN,6.5,High,1,2,0.9953159,Critical,Compliance team intervention
88,Richards-Burns,Corporate,Real Estate,Medium,SG,0,0,0,0,0,0.5,20,30581.06,1529.053,2,0,0,0,0,10,SG,9.0,High,1,1,0.99788195,Critical,Compliance team intervention
89,"Hoffman, Bailey and Tate",Corporate,Import/Export,Medium,US,0,0,0,0,0,0.0,19,52077.91,2740.9426315789474,0,0,0,2,0,9,US,0.0,Low,0,1,0.002204321,Low Risk,No action required
90,Garcia-Baker,Financial Institution,Crypto Exchange,High,IR,0,0,1,1,0,0.0,26,165154.95,6352.113461538462,0,0,0,1,0,10,IR,4.0,Medium,1,2,0.99045146,Critical,Compliance team intervention
91,Richardson-Richardson,Individual,Import/Export,Medium,AF,0,0,0,0,0,0.0,19,23989.58,1262.6094736842103,0,0,0,0,0,11,AF,0.0,Low,0,1,0.0018410762,Low Risk,No action required
92,Foster Inc,NGO,Retail,Low,JP,0,0,0,0,0,0.5,24,47638.9,1984.9541666666669,0,0,0,0,0,11,JP,5.0,Medium,1,0,0.99344677,Critical,Compliance team intervention
93,"Moreno, Reyes and Wright",Individual,Import/Export,Medium,SY,0,0,0,1,0,0.0,29,63491.83,2189.3734482758623,0,0,0,0,0,13,SY,2.0,Low,0,1,0.007984085,Low Risk,No action required
94,"Lewis, Welch and Charles",Individual,Retail,Low,NL,0,1,0,0,0,0.0,25,199520.24,7980.8096,16,5,1,1,0,8,NL,36.5,Critical,1,0,0.9995902,Critical,Compliance team intervention
95,"Jenkins, Harper and Edwards",Individual,Real Estate,Medium,SD,0,0,0,1,0,0.0,30,60070.26,2002.342,1,0,0,1,0,13,SD,4.0,Medium,1,1,0.9985846,Critical,Compliance team intervention
96,Young Inc,Financial Institution,Import/Export,Medium,VE,0,0,0,1,0,0.0,24,49966.44,2081.935,0,0,0,1,0,12,VE,2.0,Low,0,1,0.0070560165,Low Risk,No action required
97,Powell-Johnson,NGO,Energy/Oil,High,SY,0,1,0,1,1,1.0,21,101529.8,4834.752380952381,18,3,1,2,0,8,SY,54.0,Critical,1,2,0.99821943,Critical,Compliance team intervention
98,Clarke LLC,Corporate,NGO/Charity,High,SG,0,0,0,0,0,0.0,25,92957.42,3718.2968,0,0,0,2,0,11,SG,0.0,Low,0,2,0.003485388,Low Risk,No action required
99,Ford-Chen,Individual,Casino/Gambling,High,AF,0,0,0,0,0,0.0,29,222034.0,7656.3448275862065,1,0,0,1,0,13,AF,2.0,Low,1,2,0.9981756,Critical,Compliance team intervention
100,"Moore, Joyce and Morrison",Financial Institution,NGO/Charity,High,CH,0,0,0,0,0,0.0,24,118067.81,4919.4920833333335,0,0,0,1,0,9,CH,0.0,Low,0,2,0.0018595761,Low Risk,No action required
101,"Jones, Smith and Kent",Corporate,NGO/Charity,High,VE,0,0,0,1,0,0.0,25,78488.18,3139.5271999999995,0,0,0,0,0,10,VE,2.0,Low,0,2,0.007361859,Low Risk,No action required
102,Munoz-Zuniga,Financial Institution,Consulting,Low,SG,0,0,0,0,0,0.0,17,46455.84,2732.696470588236,0,0,0,1,0,11,SG,0.0,Low,0,0,0.002654655,Low Risk,No action required
103,"Martin, Cooper and Coleman",Individual,Casino/Gambling,High,CA,0,0,0,0,0,0.0,25,139045.58000000002,5561.823200000001,2,0,0,0,0,12,CA,4.0,Medium,1,2,0.9977992,Critical,Compliance team intervention
104,"Hudson, Monroe and Pierce",Financial Institution,NGO/Charity,High,AU,0,0,0,0,0,0.0,27,251051.37,9298.198888888888,0,0,0,1,0,11,AU,0.0,Low,0,2,0.0033057167,Low Risk,No action required
105,Schmidt Inc,Corporate,Real Estate,Medium,AE,0,0,0,0,0,0.5,21,68707.29000000001,3271.7757142857145,1,0,0,1,0,11,AE,7.0,High,1,1,0.999275,Critical,Compliance team intervention
106,"Conner, Carter and Yang",Financial Institution,Import/Export,Medium,LB,0,0,0,0,0,0.0,27,40286.36,1492.0874074074077,1,1,0,1,0,13,LB,2.0,Low,1,1,0.9983359,Critical,Compliance team intervention
107,"Mckinney, Torres and Stewart",Financial Institution,Defense/Arms,High,RU,0,0,0,1,1,0.0,25,129006.11,5160.2444,0,0,0,0,0,12,RU,3.5,Medium,0,2,0.0070808018,Low Risk,No action required
108,Castro-Nguyen,Individual,Real Estate,Medium,IR,0,0,1,1,0,0.0,24,46262.630000000005,1927.6095833333336,1,0,0,3,0,13,IR,6.0,High,1,1,0.9984692,Critical,Compliance team intervention
109,Johnson Inc,Corporate,Defense/Arms,High,AE,0,0,0,0,1,0.0,31,114563.51,3695.5970967741937,1,1,0,2,0,13,AE,3.5,Medium,1,2,0.99757844,Critical,Compliance team intervention
110,Kelley-Klein,Financial Institution,Financial Services,Medium,SG,0,0,0,0,1,0.0,22,40623.11,1846.505,1,0,0,2,0,13,SG,3.5,Medium,1,1,0.99822956,Critical,Compliance team intervention
111,Marshall Inc,NGO,Real Estate,Medium,CN,0,0,0,0,0,0.0,29,64529.07,2225.140344827586,0,0,0,3,0,10,CN,0.0,Low,0,1,0.0025040647,Low Risk,No action required
112,Little Inc,NGO,Retail,Low,FR,0,0,0,0,0,0.0,29,66051.37,2277.633448275862,1,1,0,0,0,11,FR,2.0,Low,1,0,0.9970522,Critical,Compliance team intervention
113,Wang-Fletcher,Corporate,Consulting,Low,AE,0,0,0,0,0,1.0,24,43734.58,1822.2741666666668,2,1,0,1,0,13,AE,14.0,Critical,1,0,0.9989197,Critical,Compliance team intervention
114,"Cherry, Watson and Rich",Individual,Tech,Low,AU,0,0,0,0,0,0.0,26,35034.0,1347.4615384615386,0,0,0,2,0,10,AU,0.0,Low,0,0,0.001944222,Low Risk,No action required
115,Bartlett Group,Individual,NGO/Charity,High,SG,0,0,0,0,0,0.0,26,139737.91,5374.535,1,0,1,3,0,12,SG,3.5,Medium,1,2,0.99756396,Critical,Compliance team intervention
116,Gibson-Bird,NGO,Financial Services,Medium,VE,0,0,0,1,1,1.0,27,59957.83,2220.6603703703704,1,1,0,3,0,12,VE,15.5,Critical,1,1,0.99879396,Critical,Compliance team intervention
117,Lee-Olson,Corporate,Real Estate,Medium,VE,1,0,0,1,0,0.0,31,349461.86,11272.96322580645,1,0,0,0,0,13,VE,7.0,High,1,1,0.9996835,Critical,Compliance team intervention
118,Ortega-Acevedo,Corporate,NGO/Charity,High,SD,0,0,0,1,0,0.0,29,66658.33,2298.563103448276,1,0,1,3,0,11,SD,5.5,High,1,2,0.996549,Critical,Compliance team intervention
119,Dickson PLC,NGO,Tech,Low,DE,0,0,0,0,0,0.0,26,49161.38,1890.8223076923075,0,0,0,0,0,13,DE,0.0,Low,0,0,0.0035791986,Low Risk,No action required
120,"Contreras, Ferguson and Hunt",Financial Institution,Financial Services,Medium,RU,0,0,0,1,1,0.0,16,36756.14,2297.25875,0,0,0,1,0,9,RU,3.5,Medium,0,1,0.0051294537,Low Risk,No action required
121,Phillips PLC,Corporate,Defense/Arms,High,IN,0,0,0,0,1,1.0,18,99661.5,5536.75,0,0,0,0,0,10,IN,11.5,Critical,1,2,0.9939605,Critical,Compliance team intervention
122,Patel-White,Financial Institution,Casino/Gambling,High,SY,0,0,0,1,0,0.0,27,114252.57,4231.576666666667,1,0,0,0,0,13,SY,4.0,Medium,1,2,0.998321,Critical,Compliance team intervention
123,Stevens-Gray,NGO,Casino/Gambling,High,US,0,0,0,0,0,0.5,24,96560.09,4023.337083333333,0,0,0,3,0,12,US,5.0,Medium,1,2,0.99550605,Critical,Compliance team intervention
124,Smith and Sons,Financial Institution,Real Estate,Medium,RU,0,0,0,1,0,0.0,23,41823.84,1818.4278260869564,0,0,0,1,0,11,RU,2.0,Low,0,1,0.005351638,Low Risk,No action required
125,"Kim, Mccoy and Moore",NGO,Retail,Low,AF,0,0,0,0,0,0.0,21,44619.69,2124.747142857143,1,1,0,2,0,10,AF,2.0,Low,1,0,0.9970843,Critical,Compliance team intervention
126,"Adkins, Rose and Huber",Individual,Consulting,Low,JP,0,0,0,0,0,0.0,28,61676.64,2202.7371428571428,0,0,0,2,0,12,JP,0.0,Low,0,0,0.0025949194,Low Risk,No action required
127,Hill Group,Corporate,Financial Services,Medium,SG,0,0,0,0,1,1.0,23,39987.61,1738.591739130435,0,0,0,4,0,9,SG,11.5,Critical,1,1,0.9926658,Critical,Compliance team intervention
128,Acosta and Sons,Financial Institution,Crypto Exchange,High,KP,0,0,1,1,0,0.0,17,68550.51,4032.3829411764714,0,0,0,0,0,11,KP,4.0,Medium,1,2,0.9933462,Critical,Compliance team intervention
129,"Walker, Palmer and Dawson",NGO,Retail,Low,LB,0,0,0,0,0,0.0,32,63551.25,1985.9765625,0,0,0,3,0,13,LB,0.0,Low,0,0,0.0027198028,Low Risk,No action required
130,Vargas and Sons,Financial Institution,Import/Export,Medium,IR,1,0,1,1,0,0.0,22,155793.41999999998,7081.51909090909,0,0,0,0,0,12,IR,7.0,High,1,1,0.9988336,Critical,Compliance team intervention
131,Boone Ltd,Corporate,Real Estate,Medium,SD,0,0,0,1,0,0.0,27,51973.74,1924.9533333333327,1,1,0,0,0,13,SD,4.0,Medium,1,1,0.9985201,Critical,Compliance team intervention
132,Holmes Ltd,Individual,Consulting,Low,CN,0,0,0,0,0,0.0,23,26533.57,1153.6334782608697,0,0,0,1,0,13,CN,0.0,Low,0,0,0.0034318522,Low Risk,No action required
133,Landry PLC,Financial Institution,Energy/Oil,High,SG,0,0,0,0,1,0.0,27,127195.23,4710.934444444444,0,0,0,1,0,12,SG,1.5,Low,0,2,0.001604656,Low Risk,No action required
134,Boyd LLC,Financial Institution,Crypto Exchange,High,SY,0,0,0,1,0,0.0,28,157644.62,5630.165,0,0,1,1,0,12,SY,3.5,Medium,0,2,0.006110638,Low Risk,No action required
135,Wallace LLC,NGO,Energy/Oil,High,FR,0,0,0,0,1,0.0,23,139264.87,6054.994347826087,0,0,1,3,0,11,FR,3.0,Medium,0,2,0.0035428957,Low Risk,No action required
136,Myers PLC,NGO,Casino/Gambling,High,SG,0,0,0,0,0,0.0,22,147669.65,6712.256818181818,1,1,0,1,0,11,SG,2.0,Low,1,2,0.99803704,Critical,Compliance team intervention
137,Walsh-Weber,Individual,Import/Export,Medium,CA,0,0,0,0,0,0.0,18,25727.92,1429.328888888889,1,0,0,2,0,10,CA,2.0,Low,1,1,0.99654704,Critical,Compliance team intervention
138,Jimenez Ltd,Individual,NGO/Charity,High,SD,0,0,0,1,0,0.0,24,212005.37,8833.557083333333,1,0,0,1,0,12,SD,4.0,Medium,1,2,0.99859625,Critical,Compliance team intervention
139,Ramos LLC,Individual,Tech,Low,JP,0,0,0,0,0,0.0,20,36748.98,1837.449,0,0,0,0,0,11,JP,0.0,Low,0,0,0.0017699829,Low Risk,No action required
140,"Campbell, Miller and Sweeney",Financial Institution,Consulting,Low,IR,0,0,1,1,0,0.0,33,64451.12,1953.0642424242424,0,0,0,0,0,12,IR,4.0,Medium,1,0,0.9915964,Critical,Compliance team intervention
141,"Washington, Dean and Moon",Financial Institution,Import/Export,Medium,US,0,0,0,0,0,0.0,27,39394.78,1459.065925925926,0,0,0,0,0,12,US,0.0,Low,0,1,0.0021697145,Low Risk,No action required
142,Phillips-Williams,Financial Institution,Real Estate,Medium,AF,0,0,0,0,0,0.0,28,53540.18,1912.1492857142855,0,0,0,0,0,11,AF,0.0,Low,0,1,0.0018918837,Low Risk,No action required
143,Campbell Group,Corporate,Real Estate,Medium,DE,0,0,0,0,0,0.0,26,57812.07,2223.541153846154,0,0,0,2,0,11,DE,0.0,Low,0,1,0.0031058963,Low Risk,No action required
144,Reed Inc,Financial Institution,Tech,Low,IN,0,0,0,0,0,0.0,19,42497.89,2236.731052631579,1,0,0,1,0,13,IN,2.0,Low,1,0,0.9984641,Critical,Compliance team intervention
145,"Lawson, Simpson and Lawson",Corporate,Import/Export,Medium,AF,0,0,0,0,0,0.5,23,47547.5,2067.282608695652,2,1,0,0,0,11,AF,9.0,High,1,1,0.9984824,Critical,Compliance team intervention
146,Adams Ltd,NGO,Tech,Low,NL,0,0,0,0,0,0.5,24,42741.17,1780.8820833333332,0,0,0,2,0,12,NL,5.0,Medium,1,0,0.9938257,Critical,Compliance team intervention
147,Young and Sons,Corporate,Energy/Oil,High,RU,0,0,0,1,1,0.5,31,239370.01,7721.613225806452,1,1,0,0,0,14,RU,10.5,Critical,1,2,0.9987733,Critical,Compliance team intervention
148,Orozco-Moore,NGO,Real Estate,Medium,AF,0,0,0,0,0,0.0,24,39237.99,1634.91625,1,1,1,2,0,12,AF,3.5,Medium,1,1,0.99748945,Critical,Compliance team intervention
149,Hughes Group,Individual,Retail,Low,SD,0,0,0,1,0,0.0,30,67320.77,2244.025666666667,0,0,0,1,0,11,SD,2.0,Low,0,0,0.004969516,Low Risk,No action required
150,Hinton-Murillo,Financial Institution,Retail,Low,IR,0,0,1,1,0,0.0,28,50445.75,1801.633928571429,0,0,0,1,0,12,IR,4.0,Medium,1,0,0.9904407,Critical,Compliance team intervention
151,"Dean, Baker and Allen",Corporate,Casino/Gambling,High,AE,0,0,0,0,0,0.5,24,232266.97000000003,9677.790416666669,0,0,1,1,0,11,AE,6.5,High,1,2,0.99600667,Critical,Compliance team intervention
152,Hansen Group,Financial Institution,Energy/Oil,High,CH,0,0,0,0,1,0.0,25,269361.66,10774.4664,0,0,1,3,0,9,CH,3.0,Medium,0,2,0.003881317,Low Risk,No action required
153,Henderson LLC,Corporate,Tech,Low,AU,0,0,0,0,0,1.0,33,61712.55,1870.0772727272729,1,0,0,1,0,13,AU,12.0,Critical,1,0,0.9988727,Critical,Compliance team intervention
154,"Mendoza, Pope and Johnson",Corporate,Financial Services,Medium,CH,1,0,0,0,1,0.5,19,216614.61,11400.76894736842,0,0,0,2,0,11,CH,9.5,High,1,1,0.99933964,Critical,Compliance team intervention
155,Mercado Group,NGO,Crypto Exchange,High,FR,0,0,0,0,0,0.0,22,194345.3,8833.877272727272,0,0,0,2,0,12,FR,0.0,Low,0,2,0.004574496,Low Risk,No action required
156,Briggs-Davis,Financial Institution,Tech,Low,US,0,0,0,0,0,0.0,35,67275.91,1922.1688571428567,0,0,0,2,0,11,US,0.0,Low,0,0,0.0017119967,Low Risk,No action required
157,"Cook, Lewis and Summers",Financial Institution,Crypto Exchange,High,AE,0,0,0,0,0,0.0,33,168317.02,5100.515757575758,2,1,1,4,0,14,AE,5.5,High,1,2,0.9977003,Critical,Compliance team intervention
158,Stevens Inc,Individual,Import/Export,Medium,CA,0,0,0,0,0,0.0,16,60877.74,3804.85875,0,0,0,1,0,10,CA,0.0,Low,0,1,0.0059539215,Low Risk,No action required
159,"Warren, Brock and Lee",Financial Institution,Casino/Gambling,High,SG,0,0,0,0,0,0.0,26,91364.38,3514.014615384616,0,0,0,2,0,12,SG,0.0,Low,0,2,0.0028354295,Low Risk,No action required
160,Fields-Tran,Individual,Tech,Low,KP,0,0,1,1,0,0.0,29,63054.71000000001,2174.3003448275863,0,0,1,1,0,11,KP,5.5,High,1,0,0.9942331,Critical,Compliance team intervention
161,Martin Inc,Individual,Casino/Gambling,High,CN,0,0,0,0,0,0.0,25,185973.05,7438.922,0,0,0,0,0,10,CN,0.0,Low,0,2,0.003986937,Low Risk,No action required
162,Hogan and Sons,Financial Institution,Real Estate,Medium,US,0,0,0,0,0,0.0,19,33377.44,1756.7073684210527,1,1,0,1,0,10,US,2.0,Low,1,1,0.9969428,Critical,Compliance team intervention
163,Thomas-Schwartz,Financial Institution,Consulting,Low,NL,0,0,0,0,0,0.0,23,42487.06,1847.2634782608693,0,0,0,0,0,11,NL,0.0,Low,0,0,0.0018356574,Low Risk,No action required
164,Beltran and Sons,NGO,Consulting,Low,US,0,1,0,0,0,0.5,28,179745.62,6419.486428571428,21,5,0,0,0,8,US,50.0,Critical,1,0,0.99970883,Critical,Compliance team intervention
165,Walsh-Harvey,Corporate,Real Estate,Medium,IR,0,0,1,1,0,0.5,27,48199.62,1785.1711111111113,0,0,0,3,0,11,IR,9.0,High,1,1,0.9954007,Critical,Compliance team intervention
166,Ward-Brooks,NGO,Real Estate,Medium,VE,0,0,0,1,0,0.0,28,56241.59,2008.6282142857144,0,0,0,1,0,12,VE,2.0,Low,0,1,0.0060326303,Low Risk,No action required
167,Hudson PLC,NGO,Financial Services,Medium,AU,0,0,0,0,1,0.0,33,70561.98,2138.241818181818,0,0,1,3,0,13,AU,3.0,Medium,0,1,0.003668326,Low Risk,No action required
168,Garcia-King,Corporate,Consulting,Low,SD,0,0,0,1,0,0.0,31,82019.96,2645.8051612903228,1,0,0,0,0,13,SD,4.0,Medium,1,0,0.9984971,Critical,Compliance team intervention
169,Lopez-Kennedy,Corporate,Defense/Arms,High,UK,0,0,0,0,1,0.0,25,135342.38,5413.6952,1,0,0,0,0,12,UK,3.5,Medium,1,2,0.9977475,Critical,Compliance team intervention
170,Dalton LLC,Financial Institution,Retail,Low,JP,0,0,0,0,0,0.0,18,58331.37,3240.631666666666,0,0,1,1,0,8,JP,1.5,Low,0,0,0.005649765,Low Risk,No action required
171,"Ramirez, Banks and Mendoza",Financial Institution,Crypto Exchange,High,SD,0,0,0,1,0,0.0,33,183607.81,5563.873030303031,0,0,0,2,0,12,SD,2.0,Low,0,2,0.005017916,Low Risk,No action required
172,"Smith, Nguyen and Stokes",Individual,Financial Services,Medium,CH,0,0,0,0,1,0.0,31,75522.28,2436.202580645161,0,0,1,3,0,13,CH,3.0,Medium,0,1,0.003188904,Low Risk,No action required
173,Keith-Wagner,Corporate,Import/Export,Medium,UK,0,0,0,0,0,0.0,32,60807.75,1900.2421875,1,0,0,0,0,12,UK,2.0,Low,1,1,0.99734807,Critical,Compliance team intervention
174,Williams-Logan,Individual,NGO/Charity,High,AF,0,0,0,0,0,0.0,27,125697.15,4655.45,0,0,0,1,0,14,AF,0.0,Low,0,2,0.0033144257,Low Risk,No action required
175,Jennings and Sons,NGO,Crypto Exchange,High,JP,0,0,0,0,0,0.0,34,268794.96,7905.734117647059,0,0,0,2,0,13,JP,0.0,Low,0,2,0.004381473,Low Risk,No action required
176,Bruce-Maynard,Individual,Casino/Gambling,High,RU,0,0,0,1,0,0.0,27,207854.66,7698.320740740741,0,0,0,1,0,11,RU,2.0,Low,0,2,0.006795916,Low Risk,No action required
177,Kennedy-Mckinney,Financial Institution,Tech,Low,AF,0,0,0,0,0,0.0,30,68789.96,2292.998666666667,1,0,0,1,0,15,AF,2.0,Low,1,0,0.99782264,Critical,Compliance team intervention
178,Gordon-Ball,Individual,Casino/Gambling,High,CN,0,0,0,0,0,0.0,28,100737.61,3597.7717857142857,0,0,1,0,0,13,CN,1.5,Low,0,2,0.0030911362,Low Risk,No action required
179,Mccarthy-Phillips,Financial Institution,NGO/Charity,High,IR,1,0,1,1,0,0.0,26,168328.44,6474.170769230769,0,0,2,1,0,11,IR,10.0,High,1,2,0.9937475,Critical,Compliance team intervention
180,Rodriguez Inc,Individual,Consulting,Low,VE,0,0,0,1,0,0.0,17,48022.83,2824.8723529411764,0,0,1,1,0,12,VE,3.5,Medium,0,0,0.008111397,Low Risk,No action required
181,"Pierce, Wilson and Pugh",NGO,Consulting,Low,FR,0,0,0,0,0,0.5,28,41158.91,1469.9610714285716,0,0,0,1,0,11,FR,5.0,Medium,1,0,0.9938366,Critical,Compliance team intervention
182,Hunt and Sons,Financial Institution,Casino/Gambling,High,SG,0,0,0,0,0,0.0,29,279592.38,9641.11655172414,0,0,1,2,0,12,SG,1.5,Low,0,2,0.0034574314,Low Risk,No action required
183,Hernandez-Reyes,Financial Institution,Financial Services,Medium,AU,0,0,0,0,1,0.0,15,42252.58,2816.838666666667,0,0,0,0,0,8,AU,1.5,Low,0,1,0.0023556366,Low Risk,No action required
184,"Smith, Vaughan and Rogers",NGO,Crypto Exchange,High,SY,0,0,0,1,0,0.0,22,133690.08000000002,6076.821818181819,0,0,0,1,0,10,SY,2.0,Low,0,2,0.006596833,Low Risk,No action required
185,Hodges LLC,Financial Institution,Consulting,Low,KP,0,0,1,1,0,0.0,31,70792.04,2283.614193548387,0,0,0,4,0,13,KP,4.0,Medium,1,0,0.9890491,Critical,Compliance team intervention
186,Miller and Sons,Financial Institution,Financial Services,Medium,JP,0,0,0,0,1,0.0,26,62079.93,2387.6896153846155,0,0,1,1,0,12,JP,3.0,Medium,0,1,0.003761109,Low Risk,No action required
187,Weaver Inc,Financial Institution,Retail,Low,CA,0,0,0,0,0,0.0,30,74155.95,2471.865,0,0,1,2,0,13,CA,1.5,Low,0,0,0.0030492626,Low Risk,No action required
188,Klein-Sanders,Individual,Defense/Arms,High,CH,0,0,0,0,1,0.0,27,132508.52000000002,4907.722962962964,0,0,1,0,0,11,CH,3.0,Medium,0,2,0.0013656957,Low Risk,No action required
189,Hernandez-Ortega,NGO,Energy/Oil,High,UK,1,0,0,0,1,0.0,25,167491.59,6699.6636,1,0,0,2,0,14,UK,6.5,High,1,2,0.9985293,Critical,Compliance team intervention
190,"Jenkins, Knox and Powell",Individual,Consulting,Low,CA,0,0,0,0,0,0.0,25,54657.2,2186.288,0,0,0,2,0,9,CA,0.0,Low,0,0,0.0024022507,Low Risk,No action required
191,Shields Group,Financial Institution,Defense/Arms,High,JP,0,0,0,0,1,0.0,17,280090.3,16475.899999999998,0,0,1,0,0,10,JP,3.0,Medium,0,2,0.004080924,Low Risk,No action required
192,Buck-Martin,Corporate,Casino/Gambling,High,DE,0,0,0,0,0,0.0,25,169266.95,6770.678000000001,0,0,0,0,0,12,DE,0.0,Low,0,2,0.0043851878,Low Risk,No action required
193,Rodriguez Group,NGO,Real Estate,Medium,LB,0,0,0,0,0,0.0,35,48952.84,1398.6525714285715,0,0,0,4,0,13,LB,0.0,Low,0,1,0.0028766557,Low Risk,No action required
194,Simmons PLC,Financial Institution,Real Estate,Medium,KP,0,0,1,1,0,0.0,30,59176.41,1972.547,0,0,0,3,0,13,KP,4.0,Medium,1,1,0.9933962,Critical,Compliance team intervention
195,Bailey-West,Financial Institution,NGO/Charity,High,IR,0,0,1,1,0,0.0,20,69062.72,3453.136,1,0,1,1,0,9,IR,7.5,High,1,2,0.9986338,Critical,Compliance team intervention
196,Nichols Group,NGO,Consulting,Low,KP,0,0,1,1,0,0.0,19,49136.52,2586.1326315789474,2,1,2,0,0,12,KP,11.0,Critical,1,0,0.9985411,Critical,Compliance team intervention
197,"Brown, Alexander and Ramsey",Corporate,Crypto Exchange,High,SD,0,0,0,1,0,0.0,20,122890.99,6144.549499999999,0,0,0,2,0,9,SD,2.0,Low,0,2,0.006578531,Low Risk,No action required
198,White-Cannon,Corporate,Retail,Low,KP,0,0,1,1,0,0.0,26,54735.5,2105.2115384615386,0,0,0,2,0,11,KP,4.0,Medium,1,0,0.9915018,Critical,Compliance team intervention
199,Mccullough Group,Financial Institution,Casino/Gambling,High,SG,0,0,0,0,0,0.0,20,158383.6,7919.18,1,0,0,1,0,11,SG,2.0,Low,1,2,0.9981772,Critical,Compliance team intervention
200,Mccall LLC,NGO,Financial Services,Medium,US,0,0,0,0,1,0.0,25,50151.56,2006.0624,0,0,0,1,0,11,US,1.5,Low,0,1,0.0023607374,Low Risk,No action required
201,"Mcmillan, Lopez and Silva",Financial Institution,Crypto Exchange,High,AF,0,0,0,0,0,0.0,26,185161.1,7121.58076923077,0,0,0,0,0,12,AF,0.0,Low,0,2,0.0037903558,Low Risk,No action required
202,"Fox, Davis and Riley",Corporate,Consulting,Low,RU,0,0,0,1,0,0.0,23,41049.55,1784.763043478261,0,0,0,0,0,12,RU,2.0,Low,0,0,0.005514279,Low Risk,No action required
203,Harrison PLC,NGO,Retail,Low,IR,0,0,1,1,0,0.5,18,37314.24,2073.0133333333333,1,1,0,0,0,11,IR,11.0,Critical,1,0,0.99855644,Critical,Compliance team intervention
204,Gallagher-Espinoza,Corporate,Import/Export,Medium,VE,1,0,0,1,0,1.0,25,96660.66,3866.4264,1,0,0,1,0,12,VE,17.0,Critical,1,1,0.99937624,Critical,Compliance team intervention
205,Adams PLC,NGO,Defense/Arms,High,IR,0,0,1,1,1,0.0,27,203967.69,7554.358888888889,1,0,0,2,0,13,IR,7.5,High,1,2,0.9985013,Critical,Compliance team intervention
206,Fletcher-Knight,Financial Institution,Tech,Low,CH,0,0,0,0,0,0.0,23,42964.56,1868.0243478260868,0,0,2,1,0,9,CH,3.0,Medium,0,0,0.0019437965,Low Risk,No action required
207,Cobb Inc,Financial Institution,Tech,Low,JP,0,0,0,0,0,0.0,33,44580.68,1350.929696969697,0,0,0,1,0,10,JP,0.0,Low,0,0,0.0019292231,Low Risk,No action required
208,Walker and Sons,Individual,Financial Services,Medium,SD,1,0,0,1,1,0.0,17,133653.49,7861.969999999999,0,0,0,0,0,10,SD,6.5,High,1,1,0.99667066,Critical,Compliance team intervention
209,"Green, Edwards and Washington",NGO,Tech,Low,IN,0,0,0,0,0,1.0,32,69697.17,2178.0365625,1,0,0,1,0,13,IN,12.0,Critical,1,0,0.9992207,Critical,Compliance team intervention
210,Phillips-Howard,NGO,NGO/Charity,High,AF,0,0,0,0,0,0.0,18,74327.91,4129.328333333334,0,0,0,1,0,11,AF,0.0,Low,0,2,0.003741103,Low Risk,No action required
211,"Kane, Howell and Waller",Corporate,Energy/Oil,High,AF,0,0,0,0,1,0.0,19,41377.38,2177.756842105263,0,0,0,2,0,9,AF,1.5,Low,0,2,0.001964941,Low Risk,No action required
212,Wolf-King,NGO,Import/Export,Medium,CH,0,0,0,0,0,0.5,27,72300.35,2677.790740740741,0,0,0,0,0,11,CH,5.0,Medium,1,1,0.9951096,Critical,Compliance team intervention
213,"Morris, Jackson and Jones",Financial Institution,Financial Services,Medium,IR,0,0,1,1,1,0.0,19,28411.84,1495.36,2,1,0,2,0,9,IR,9.5,High,1,1,0.9973042,Critical,Compliance team intervention
214,"Edwards, Deleon and Horn",Corporate,Defense/Arms,High,RU,0,0,0,1,1,0.0,20,51428.89,2571.4445,0,0,0,1,0,10,RU,3.5,Medium,0,2,0.0045079286,Low Risk,No action required
215,Moss-Wells,Corporate,Financial Services,Medium,SY,0,0,0,1,1,0.5,25,51674.7,2066.9880000000003,0,0,0,1,0,11,SY,8.5,High,1,1,0.9970522,Critical,Compliance team intervention
216,Smith Group,Corporate,Defense/Arms,High,AU,0,0,0,0,1,0.0,28,132713.71,4739.775357142857,0,0,0,2,0,11,AU,1.5,Low,0,2,0.0017108097,Low Risk,No action required
217,"Nelson, Martinez and Callahan",NGO,Real Estate,Medium,SD,0,0,0,1,0,1.0,28,61341.94,2190.783571428572,0,0,1,1,0,11,SD,13.5,Critical,1,1,0.99737227,Critical,Compliance team intervention
218,Lambert-Simmons,Financial Institution,Consulting,Low,IN,0,0,0,0,0,0.0,23,29140.22,1266.9660869565218,0,0,0,0,0,10,IN,0.0,Low,0,0,0.0016585158,Low Risk,No action required
219,Page PLC,Individual,NGO/Charity,High,AU,1,0,0,0,0,0.0,22,161797.87,7354.448636363636,1,1,0,1,0,11,AU,5.0,Medium,1,2,0.99810493,Critical,Compliance team intervention
220,Woods Group,Individual,Import/Export,Medium,SG,0,0,0,0,0,0.0,33,56348.21,1707.5215151515151,0,0,0,1,0,13,SG,0.0,Low,0,1,0.0032490985,Low Risk,No action required
221,Griffin-Brooks,Corporate,Energy/Oil,High,CA,0,0,0,0,1,0.0,17,104950.01,6173.53,0,0,0,0,0,11,CA,1.5,Low,0,2,0.003407347,Low Risk,No action required
222,Lee-Stewart,Individual,Consulting,Low,VE,0,0,0,1,0,0.0,32,52997.86,1656.183125,0,0,0,3,0,12,VE,2.0,Low,0,0,0.004908507,Low Risk,No action required
223,Simmons-Keller,NGO,Defense/Arms,High,SY,0,0,0,1,1,0.0,21,136031.28,6477.68,0,0,2,2,0,10,SY,6.5,High,0,2,0.007787622,Low Risk,No action required
224,"Moses, Hoover and Roberson",Financial Institution,Casino/Gambling,High,AE,0,0,0,0,0,0.0,23,250011.43,10870.062173913044,0,0,0,1,0,11,AE,0.0,Low,0,2,0.0044247448,Low Risk,No action required
225,Kirby PLC,Individual,NGO/Charity,High,SD,0,0,0,1,0,0.0,28,118717.25,4239.901785714285,0,0,0,0,0,11,SD,2.0,Low,0,2,0.005908486,Low Risk,No action required
226,Adams-Davis,Individual,Tech,Low,LB,0,0,0,0,0,0.0,18,50028.12,2779.34,1,0,0,1,0,11,LB,2.0,Low,1,0,0.9978987,Critical,Compliance team intervention
227,"Martinez, Schmidt and Collins",Individual,Crypto Exchange,High,SG,0,0,0,0,0,0.0,21,119496.39,5690.3042857142855,0,0,0,0,0,9,SG,0.0,Low,0,2,0.0026346194,Low Risk,No action required
228,Williams Group,Corporate,Financial Services,Medium,IN,0,0,0,0,1,0.0,30,63090.73,2103.0243333333333,0,0,0,1,0,12,IN,1.5,Low,0,1,0.0026588165,Low Risk,No action required
229,Pittman-Hughes,Corporate,Defense/Arms,High,IN,0,0,0,0,1,0.0,23,146322.68,6361.855652173913,0,0,0,1,0,11,IN,1.5,Low,0,2,0.0041111005,Low Risk,No action required
230,Hernandez-Campbell,Financial Institution,NGO/Charity,High,DE,0,0,0,0,0,0.0,37,169520.78,4581.642702702703,0,0,0,0,0,11,DE,0.0,Low,0,2,0.0025201677,Low Risk,No action required
231,"Dean, King and Shea",Individual,Defense/Arms,High,IR,0,0,1,1,1,0.0,23,212852.47,9254.455217391303,0,0,0,1,0,12,IR,5.5,High,1,2,0.9929507,Critical,Compliance team intervention
232,"Black, Harvey and Mcfarland",Financial Institution,Defense/Arms,High,SY,0,0,0,1,1,0.0,26,119734.94,4605.1900000000005,0,0,0,2,0,12,SY,3.5,Medium,0,2,0.0071368064,Low Risk,No action required
233,Thompson Inc,Individual,NGO/Charity,High,IR,1,0,1,1,0,0.0,24,134037.37,5584.890416666666,0,0,0,0,0,9,IR,7.0,High,1,2,0.99381083,Critical,Compliance team intervention
234,Kelley-Gonzalez,Corporate,Tech,Low,AF,0,0,0,0,0,0.0,16,23214.25,1450.890625,1,0,0,0,0,10,AF,2.0,Low,1,0,0.99651295,Critical,Compliance team intervention
235,"Cook, Abbott and Williams",NGO,Consulting,Low,KP,0,0,1,1,0,1.0,19,36260.05,1908.4236842105263,0,0,0,0,0,10,KP,14.0,Critical,1,0,0.99496126,Critical,Compliance team intervention
236,Wallace LLC,Financial Institution,Defense/Arms,High,RU,1,0,0,1,1,0.0,28,130217.89,4650.638928571429,0,0,0,3,0,10,RU,6.5,High,1,2,0.97948235,Critical,Compliance team intervention
237,Davis Ltd,Financial Institution,Defense/Arms,High,KP,0,0,1,1,1,0.0,32,386305.1,12072.034375,1,0,0,1,0,14,KP,7.5,High,1,2,0.99842775,Critical,Compliance team intervention
238,Cooper Ltd,Individual,Real Estate,Medium,AU,0,0,0,0,0,0.0,26,37594.13,1445.9280769230768,1,1,0,2,0,13,AU,2.0,Low,1,1,0.9984573,Critical,Compliance team intervention
239,Adams Group,NGO,Consulting,Low,RU,0,0,0,1,0,0.0,23,52750.47,2293.498695652174,0,0,0,1,0,10,RU,2.0,Low,0,0,0.004856302,Low Risk,No action required
240,Velazquez-Davis,Individual,Defense/Arms,High,CA,0,0,0,0,1,0.0,30,84858.90000000001,2828.63,0,0,1,0,0,14,CA,3.0,Medium,0,2,0.0020817698,Low Risk,No action required
241,Jones Inc,NGO,Defense/Arms,High,FR,0,0,0,0,1,0.0,27,74777.6,2769.540740740741,0,0,0,2,0,11,FR,1.5,Low,0,2,0.0009796167,Low Risk,No action required
242,Orr Inc,Corporate,NGO/Charity,High,JP,0,0,0,0,0,0.5,23,196356.25,8537.228260869566,0,0,1,2,0,10,JP,6.5,High,1,2,0.99543947,Critical,Compliance team intervention
243,Thompson-Castro,Corporate,Retail,Low,RU,0,0,0,1,0,0.0,27,50227.76,1860.2874074074075,0,0,0,5,0,13,RU,2.0,Low,0,0,0.006584919,Low Risk,No action required
244,Holt-Finley,Individual,Defense/Arms,High,CH,0,0,0,0,1,0.0,28,110650.2,3951.792857142857,0,0,0,5,0,11,CH,1.5,Low,0,2,0.0022463985,Low Risk,No action required
245,Butler-Lozano,Individual,Casino/Gambling,High,SY,0,0,0,1,0,0.0,28,137241.63,4901.486785714286,0,0,0,1,0,12,SY,2.0,Low,0,2,0.0036004626,Low Risk,No action required
246,Ferguson Group,Individual,Real Estate,Medium,AU,0,0,0,0,0,0.0,41,97360.71,2374.651463414634,0,0,1,4,0,13,AU,1.5,Low,0,1,0.003188904,Low Risk,No action required
247,"Bush, Luna and Benson",Corporate,Energy/Oil,High,FR,0,0,0,0,1,0.5,30,201531.32,6717.710666666667,1,0,0,0,0,13,FR,8.5,High,1,2,0.99850154,Critical,Compliance team intervention
248,"Horton, Hampton and Riley",NGO,Import/Export,Medium,UK,0,0,0,0,0,0.5,28,62602.71,2235.8110714285717,1,0,0,1,0,13,UK,7.0,High,1,1,0.99905854,Critical,Compliance team intervention
249,Lewis-Walker,NGO,Financial Services,Medium,CA,0,0,0,0,1,0.0,17,20404.38,1200.2576470588235,0,0,0,3,0,10,CA,1.5,Low,0,1,0.0016150146,Low Risk,No action required
250,"Lee, Vargas and Anderson",Individual,Real Estate,Medium,SY,0,0,0,1,0,0.0,23,48831.65,2123.115217391304,0,0,1,0,0,12,SY,3.5,Medium,0,1,0.0071534324,Low Risk,No action required
251,"Shea, Hess and Harper",NGO,Retail,Low,JP,0,0,0,0,0,0.0,24,37799.97,1574.99875,0,0,0,1,0,12,JP,0.0,Low,0,0,0.0022493342,Low Risk,No action required
252,Davis-Salinas,Corporate,Retail,Low,SD,0,0,0,1,0,0.0,31,41807.24,1348.6206451612902,1,0,0,0,0,11,SD,4.0,Medium,1,0,0.9975694,Critical,Compliance team intervention
253,Mcgee PLC,Individual,Defense/Arms,High,IR,0,0,1,1,1,0.0,30,110319.24,3677.308,0,0,0,2,0,11,IR,5.5,High,1,2,0.989131,Critical,Compliance team intervention
254,Saunders-Contreras,Financial Institution,Energy/Oil,High,KP,0,1,1,1,1,0.0,26,99945.21,3844.046538461538,19,7,0,0,0,8,KP,46.5,Critical,1,2,0.9982249,Critical,Compliance team intervention
255,"Simpson, Taylor and David",Corporate,Retail,Low,VE,0,0,0,1,0,1.0,22,49850.82,2265.9463636363635,0,0,1,0,0,10,VE,13.5,Critical,1,0,0.9959699,Critical,Compliance team intervention
256,Hill-Greer,Financial Institution,Retail,Low,RU,0,0,0,1,0,0.0,24,42088.17,1753.67375,0,0,0,5,0,9,RU,2.0,Low,0,0,0.0038882592,Low Risk,No action required
257,Reid Group,Corporate,Defense/Arms,High,AE,0,0,0,0,1,0.0,20,74827.95,3741.3975,1,0,1,0,0,9,AE,5.0,Medium,1,2,0.99805295,Critical,Compliance team intervention
258,Mejia-Rivera,Individual,NGO/Charity,High,IR,0,0,1,1,0,0.0,22,123443.32,5611.06,0,0,1,1,0,12,IR,5.5,High,1,2,0.99268484,Critical,Compliance team intervention
259,Harris and Sons,Financial Institution,Retail,Low,CN,0,0,0,0,0,0.0,28,56954.54,2034.0907142857145,0,0,0,2,0,12,CN,0.0,Low,0,0,0.0019916669,Low Risk,No action required
260,Lozano-Thompson,Financial Institution,Casino/Gambling,High,SD,0,0,0,1,0,0.0,24,107861.64,4494.235,0,0,0,3,0,11,SD,2.0,Low,0,2,0.007920919,Low Risk,No action required
261,Martin-Pitts,Corporate,Energy/Oil,High,SG,0,0,0,0,1,0.0,20,136351.71,6817.585499999999,0,0,0,0,0,11,SG,1.5,Low,0,2,0.004255868,Low Risk,No action required
262,Douglas-Robbins,Corporate,Tech,Low,SG,0,0,0,0,0,0.5,30,73987.3,2466.2433333333333,2,0,0,3,0,15,SG,9.0,High,1,0,0.9987249,Critical,Compliance team intervention
263,Alvarez-Obrien,Individual,NGO/Charity,High,AE,0,0,0,0,0,0.0,26,170402.91999999998,6553.958461538461,2,0,0,2,0,12,AE,4.0,Medium,1,2,0.9977963,Critical,Compliance team intervention
264,Smith Ltd,Financial Institution,Retail,Low,AU,0,0,0,0,0,0.0,23,40585.94,1764.606086956522,0,0,0,1,0,9,AU,0.0,Low,0,0,0.0018190407,Low Risk,No action required
265,Murphy LLC,Individual,Tech,Low,CA,0,0,0,0,0,0.0,32,66606.99,2081.4684375,0,0,0,0,0,12,CA,0.0,Low,0,0,0.0023307998,Low Risk,No action required
266,Schroeder-Hall,Individual,Energy/Oil,High,CA,0,0,0,0,1,0.0,30,173495.26,5783.175333333334,1,0,1,0,0,15,CA,5.0,Medium,1,2,0.9979693,Critical,Compliance team intervention
267,Bass-Matthews,Financial Institution,Casino/Gambling,High,IR,0,0,1,1,0,0.0,35,178407.43,5097.355142857143,0,0,0,2,0,13,IR,4.0,Medium,1,2,0.99133587,Critical,Compliance team intervention
268,"Berry, Gutierrez and Todd",NGO,Retail,Low,LB,0,0,0,0,0,0.0,28,54082.05,1931.501785714286,0,0,0,2,0,13,LB,0.0,Low,0,0,0.0028527009,Low Risk,No action required
269,Phelps-Burns,Corporate,Financial Services,Medium,AU,0,0,0,0,1,0.0,24,37735.68,1572.32,0,0,0,4,0,11,AU,1.5,Low,0,1,0.0018059856,Low Risk,No action required
270,Mendoza LLC,Individual,Real Estate,Medium,US,0,0,0,0,0,0.0,25,42761.39,1710.4556,0,0,0,2,0,13,US,0.0,Low,0,1,0.0032183973,Low Risk,No action required
271,Washington Inc,Corporate,Casino/Gambling,High,AF,0,0,0,0,0,0.0,30,98582.65,3286.088333333333,1,0,0,0,0,13,AF,2.0,Low,1,2,0.9977513,Critical,Compliance team intervention
272,Figueroa LLC,Individual,Real Estate,Medium,SD,0,0,0,1,0,0.0,27,61668.16,2284.0059259259256,0,0,0,1,0,11,SD,2.0,Low,0,1,0.0054174573,Low Risk,No action required
273,"Marsh, Carson and Alexander",Corporate,Crypto Exchange,High,NL,0,0,0,0,0,0.0,20,109123.19,5456.1595,0,0,1,1,0,9,NL,1.5,Low,0,2,0.0024668342,Low Risk,No action required
274,Boyer LLC,NGO,Crypto Exchange,High,VE,0,0,0,1,0,0.0,31,264636.7,8536.667741935484,0,0,1,0,0,13,VE,3.5,Medium,0,2,0.009327538,Low Risk,No action required
275,Crawford Group,Corporate,NGO/Charity,High,CA,0,0,0,0,0,0.0,22,86968.06,3953.093636363636,0,0,0,2,0,11,CA,0.0,Low,0,2,0.0033592721,Low Risk,No action required
276,Patel Inc,Financial Institution,Energy/Oil,High,VE,0,0,0,1,1,0.0,25,186977.1,7479.084,0,0,0,2,0,10,VE,3.5,Medium,0,2,0.007883208,Low Risk,No action required
277,"Lewis, Moreno and Tucker",NGO,Crypto Exchange,High,AU,0,0,0,0,0,0.0,17,112942.15,6643.655882352941,0,0,0,1,0,10,AU,0.0,Low,0,2,0.0040133283,Low Risk,No action required
278,Delgado LLC,NGO,Energy/Oil,High,DE,0,0,0,0,1,0.0,22,214487.98,9749.453636363636,0,0,0,0,0,13,DE,1.5,Low,0,2,0.005592656,Low Risk,No action required
279,Lambert-Terry,NGO,Import/Export,Medium,VE,0,0,0,1,0,1.0,23,35990.69,1564.8126086956522,0,0,1,2,0,10,VE,13.5,Critical,1,1,0.99544454,Critical,Compliance team intervention
280,"Valentine, Floyd and Griffin",Corporate,Defense/Arms,High,CH,0,0,0,0,1,0.0,23,76876.5,3342.4565217391305,0,0,0,1,0,13,CH,1.5,Low,0,2,0.004295599,Low Risk,No action required
281,Wright LLC,NGO,Energy/Oil,High,RU,0,0,0,1,1,0.0,31,164411.34,5303.591612903226,1,0,0,4,0,13,RU,5.5,High,1,2,0.99810326,Critical,Compliance team intervention
282,"Carey, Holland and Anderson",Individual,Crypto Exchange,High,UK,0,0,0,0,0,0.0,37,273535.44,7392.84972972973,0,0,1,2,0,11,UK,1.5,Low,0,2,0.003187963,Low Risk,No action required
283,"Adams, Charles and Williams",Financial Institution,Casino/Gambling,High,IN,0,0,0,0,0,0.0,24,118914.9,4954.787499999999,0,0,0,1,0,11,IN,0.0,Low,0,2,0.0020581482,Low Risk,No action required
284,"Horton, Taylor and Vasquez",Individual,Retail,Low,FR,0,0,0,0,0,0.0,20,53572.02,2678.601,0,0,0,2,0,10,FR,0.0,Low,0,0,0.0020851693,Low Risk,No action required
285,Young-Gilbert,Corporate,Import/Export,Medium,NL,0,0,0,0,0,0.5,20,36419.5,1820.975,1,0,0,2,0,11,NL,7.0,High,1,1,0.99802905,Critical,Compliance team intervention
286,Hall-Cook,Financial Institution,Tech,Low,NL,0,0,0,0,0,0.0,26,48998.65,1884.5634615384613,1,1,0,3,0,13,NL,2.0,Low,1,0,0.9983954,Critical,Compliance team intervention
287,"Webster, Hall and Tyler",Corporate,Consulting,Low,UK,0,0,0,0,0,0.0,24,42089.17,1753.715416666667,0,0,0,2,0,12,UK,0.0,Low,0,0,0.001991265,Low Risk,No action required
288,Garza-Yates,NGO,Energy/Oil,High,DE,1,0,0,0,1,0.0,26,128605.01,4946.346538461539,3,2,0,2,0,14,DE,10.5,Critical,1,2,0.99699557,Critical,Compliance team intervention
289,Lewis Inc,Financial Institution,Retail,Low,AF,0,0,0,0,0,0.0,28,57067.34,2038.1192857142855,0,0,0,0,0,11,AF,0.0,Low,0,0,0.0019076974,Low Risk,No action required
290,Walker-Marshall,NGO,Energy/Oil,High,CH,0,0,0,0,1,0.0,19,243347.52,12807.764210526317,0,0,2,0,0,12,CH,4.5,Medium,0,2,0.0046684383,Low Risk,No action required
291,Garcia-Jacobs,Individual,Retail,Low,NL,0,0,0,0,0,0.0,18,34028.14,1890.4522222222224,0,0,0,0,0,10,NL,0.0,Low,0,0,0.0015991689,Low Risk,No action required
292,Moreno-Mcgee,Individual,Defense/Arms,High,SG,0,0,0,0,1,0.0,31,257273.35,8299.140322580644,0,0,0,4,0,13,SG,1.5,Low,0,2,0.0042165006,Low Risk,No action required
293,Stephens Ltd,Individual,Casino/Gambling,High,NL,0,0,0,0,0,0.0,18,153943.99,8552.443888888889,1,0,0,1,0,11,NL,2.0,Low,1,2,0.9981772,Critical,Compliance team intervention
294,Sanchez Group,Corporate,Defense/Arms,High,UK,0,0,0,0,1,0.0,23,222053.72,9654.509565217391,0,0,0,2,0,9,UK,1.5,Low,0,2,0.0038481385,Low Risk,No action required
295,Nelson-Yang,NGO,Crypto Exchange,High,KP,0,0,1,1,0,0.0,34,321062.82,9443.02411764706,1,0,1,0,0,14,KP,7.5,High,1,2,0.9985045,Critical,Compliance team intervention
296,Nguyen-Payne,Financial Institution,Crypto Exchange,High,US,0,0,0,0,0,0.0,30,140200.82,4673.3606666666665,0,0,0,0,0,12,US,0.0,Low,0,2,0.0024526266,Low Risk,No action required
297,Jacobson Inc,NGO,Import/Export,Medium,CN,1,0,0,0,0,0.0,22,155088.1,7049.459090909091,0,0,0,0,2,11,CN,3.0,Medium,1,1,0.9963052,Critical,Compliance team intervention
298,"Stein, Harvey and Patton",Corporate,Crypto Exchange,High,SY,0,0,0,1,0,0.5,19,144424.11000000002,7601.268947368422,0,0,0,0,0,11,SY,7.0,High,1,2,0.997224,Critical,Compliance team intervention
299,"Lane, Rangel and Villegas",Corporate,Financial Services,Medium,SD,0,0,0,1,1,0.5,22,50130.6,2278.663636363636,0,0,0,1,0,11,SD,8.5,High,1,1,0.99654394,Critical,Compliance team intervention
300,"Austin, Gray and Moyer",Individual,Energy/Oil,High,CA,0,0,0,0,1,0.0,22,146521.06,6660.048181818182,1,0,0,1,0,11,CA,3.5,Medium,1,2,0.99796,Critical,Compliance team intervention
301,Lynch LLC,NGO,Import/Export,Medium,JP,0,0,0,0,0,0.5,17,41236.05,2425.65,0,0,1,0,0,10,JP,6.5,High,1,1,0.99518126,Critical,Compliance team intervention
302,"Barker, Beard and Benton",Corporate,Consulting,Low,IR,0,0,1,1,0,0.0,22,51900.62,2359.119090909091,0,0,0,1,0,11,IR,4.0,Medium,1,0,0.9916978,Critical,Compliance team intervention
303,Mcdonald and Sons,Corporate,Crypto Exchange,High,SY,0,0,0,1,0,0.0,30,141879.33000000002,4729.311000000001,0,0,0,4,0,13,SY,2.0,Low,0,2,0.004336885,Low Risk,No action required
304,Miller Group,NGO,Tech,Low,IN,0,0,0,0,0,0.0,26,52521.58,2020.0607692307688,0,0,0,1,0,13,IN,0.0,Low,0,0,0.0038598545,Low Risk,No action required
305,"Young, Moran and Wheeler",Financial Institution,Casino/Gambling,High,SG,0,0,0,0,0,0.0,30,102620.98,3420.699333333333,0,0,0,0,0,13,SG,0.0,Low,0,2,0.0028413907,Low Risk,No action required
306,Brown and Sons,Financial Institution,NGO/Charity,High,IR,0,0,1,1,0,0.0,21,94541.56,4501.979047619047,0,0,1,0,0,12,IR,5.5,High,1,2,0.9933774,Critical,Compliance team intervention
307,Hammond PLC,NGO,Defense/Arms,High,DE,0,0,0,0,1,0.0,22,70354.13,3197.9150000000004,0,0,0,1,0,11,DE,1.5,Low,0,2,0.003691692,Low Risk,No action required
308,Mcgrath-Carter,Financial Institution,Energy/Oil,High,CA,0,0,0,0,1,0.0,20,62896.25,3144.8125,1,1,1,2,0,11,CA,5.0,Medium,1,2,0.99811053,Critical,Compliance team intervention
309,"Williams, Jordan and Holt",Corporate,Import/Export,Medium,DE,0,0,0,0,0,0.5,26,56932.86,2189.7253846153844,0,0,0,2,0,10,DE,5.0,Medium,1,1,0.9956149,Critical,Compliance team intervention
310,Walker-Hicks,NGO,Tech,Low,CA,0,1,0,0,0,0.0,30,161222.37,5374.079,22,14,0,2,0,8,CA,47.0,Critical,1,0,0.9994505,Critical,Compliance team intervention
311,White Ltd,NGO,Real Estate,Medium,AU,0,0,0,0,0,0.0,30,62284.36,2076.1453333333334,0,0,0,2,0,13,AU,0.0,Low,0,1,0.0028047466,Low Risk,No action required
312,"Osborne, Wilson and James",Individual,Real Estate,Medium,LB,0,0,0,0,0,0.0,26,62332.9,2397.419230769231,0,0,0,0,0,13,LB,0.0,Low,0,1,0.0038757774,Low Risk,No action required
313,"Morgan, Taylor and Lester",NGO,Real Estate,Medium,AF,1,0,0,0,0,0.0,29,146949.21,5067.214137931034,0,0,0,2,0,12,AF,3.0,Medium,1,1,0.99388134,Critical,Compliance team intervention
314,Stevens Ltd,Individual,Defense/Arms,High,LB,0,0,0,0,1,0.0,23,136804.8,5948.034782608695,1,0,2,3,0,12,LB,6.5,High,1,2,0.9978192,Critical,Compliance team intervention
315,Wood PLC,Individual,Tech,Low,NL,0,0,0,0,0,0.0,26,56035.7,2155.2192307692308,1,0,0,2,0,13,NL,2.0,Low,1,0,0.9988876,Critical,Compliance team intervention
316,"Allen, Moreno and Mcclain",Individual,Real Estate,Medium,UK,0,0,0,0,0,0.0,16,40000.94,2500.05875,1,1,0,0,0,11,UK,2.0,Low,1,1,0.99807715,Critical,Compliance team intervention
317,Williams and Sons,NGO,Energy/Oil,High,FR,0,0,0,0,1,0.0,33,203229.07,6158.456666666667,0,0,0,3,0,10,FR,1.5,Low,0,2,0.0026618834,Low Risk,No action required
318,Brown Inc,Individual,NGO/Charity,High,US,0,0,0,0,0,0.0,26,60086.83,2311.0319230769232,0,0,0,2,0,14,US,0.0,Low,0,2,0.0018771404,Low Risk,No action required
319,Pierce-Williams,Financial Institution,Import/Export,Medium,IR,0,0,1,1,0,0.0,26,59243.5,2278.596153846154,1,0,1,2,0,12,IR,7.5,High,1,1,0.9984553,Critical,Compliance team intervention
320,"Wright, Castaneda and Nguyen",Individual,Tech,Low,RU,0,0,0,1,0,0.0,24,52426.83,2184.45125,0,0,0,2,0,9,RU,2.0,Low,0,0,0.0053921654,Low Risk,No action required
321,"Snyder, Hurst and Davis",NGO,Energy/Oil,High,SG,0,0,0,0,1,0.0,22,93206.94,4236.679090909091,1,1,1,2,0,12,SG,5.0,Medium,1,2,0.998116,Critical,Compliance team intervention
322,"Jones, Mercado and Galvan",NGO,Casino/Gambling,High,CA,0,0,0,0,0,0.0,25,163612.52,6544.5008,0,0,0,2,0,10,CA,0.0,Low,0,2,0.003849217,Low Risk,No action required
323,"Riggs, Watkins and Acosta",Corporate,Real Estate,Medium,NL,1,0,0,0,0,0.0,29,90883.05,3133.898275862069,1,0,0,3,0,14,NL,5.0,Medium,1,1,0.9988201,Critical,Compliance team intervention
324,Espinoza LLC,Financial Institution,NGO/Charity,High,US,0,0,0,0,0,0.0,16,20396.96,1274.81,0,0,0,0,0,10,US,0.0,Low,0,2,0.002333053,Low Risk,No action required
325,"Baker, Hansen and Acosta",NGO,Real Estate,Medium,AE,0,0,0,0,0,0.5,31,69836.15,2252.7790322580645,1,1,0,2,0,14,AE,7.0,High,1,1,0.9985038,Critical,Compliance team intervention
326,"Villarreal, Reeves and Cummings",Financial Institution,Energy/Oil,High,US,0,0,0,0,1,0.0,25,244851.88,9794.0752,1,0,0,2,0,13,US,3.5,Medium,1,2,0.99858034,Critical,Compliance team intervention
327,"Sloan, Harris and Diaz",NGO,Crypto Exchange,High,AE,0,0,0,0,0,0.0,36,159269.37,4424.149166666666,0,0,0,2,0,13,AE,0.0,Low,0,2,0.0026449503,Low Risk,No action required
328,Perry-Kemp,Individual,Tech,Low,SG,0,0,0,0,0,0.0,17,26863.6,1580.2117647058822,0,0,0,2,0,9,SG,0.0,Low,0,0,0.0015526371,Low Risk,No action required
329,Williams and Sons,Financial Institution,Defense/Arms,High,CH,0,0,0,0,1,0.0,26,74847.73,2878.758846153846,1,0,1,2,0,13,CH,5.0,Medium,1,2,0.9982199,Critical,Compliance team intervention
330,Travis-Herman,NGO,Casino/Gambling,High,UK,0,0,0,0,0,0.0,22,68604.74,3118.397272727273,1,0,0,2,0,11,UK,2.0,Low,1,2,0.9978951,Critical,Compliance team intervention
331,Jones Ltd,Corporate,Casino/Gambling,High,JP,0,0,0,0,0,1.0,28,220535.27,7876.259642857142,0,0,0,1,0,12,JP,10.0,High,1,2,0.99455786,Critical,Compliance team intervention
332,Campbell PLC,Corporate,Financial Services,Medium,CA,0,0,0,0,1,0.0,19,35756.37,1881.914210526316,0,0,0,1,0,11,CA,1.5,Low,0,1,0.002019235,Low Risk,No action required
333,Mendoza Ltd,Individual,Energy/Oil,High,IR,0,1,1,1,1,0.0,24,165447.81,6893.65875,20,3,1,4,0,6,IR,50.0,Critical,1,2,0.9982551,Critical,Compliance team intervention
334,Higgins-Williams,NGO,Crypto Exchange,High,RU,0,0,0,1,0,0.0,28,87284.55,3117.305357142857,1,0,0,1,0,11,RU,4.0,Medium,1,2,0.9978942,Critical,Compliance team intervention
335,Gregory Ltd,Individual,Financial Services,Medium,CH,0,0,0,0,1,0.0,22,55707.3,2532.15,0,0,0,0,0,11,CH,1.5,Low,0,1,0.003047512,Low Risk,No action required
336,"Anderson, Benson and Gonzalez",Financial Institution,Casino/Gambling,High,VE,1,0,0,1,0,0.0,19,90880.71,4783.195263157895,0,0,1,3,0,10,VE,6.5,High,1,2,0.97877824,Critical,Compliance team intervention
337,"Cook, Mcgee and Wong",Corporate,Tech,Low,CH,0,0,0,0,0,0.0,15,14939.19,995.946,0,0,0,0,0,8,CH,0.0,Low,0,0,0.0015991689,Low Risk,No action required
338,Saunders-Kelly,Individual,Casino/Gambling,High,IN,0,0,0,0,0,0.0,29,145641.69,5022.12724137931,0,0,0,2,0,12,IN,0.0,Low,0,2,0.001369225,Low Risk,No action required
339,Perez-Hart,Corporate,Real Estate,Medium,RU,0,0,0,1,0,0.0,25,60870.76,2434.8304000000003,1,0,1,0,0,13,RU,5.5,High,1,1,0.99878615,Critical,Compliance team intervention
340,Nelson Group,Corporate,Consulting,Low,SG,0,0,0,0,0,0.0,23,34663.22,1507.0965217391306,0,0,0,2,0,12,SG,0.0,Low,0,0,0.0020440212,Low Risk,No action required
341,Hoffman-Frost,Individual,Import/Export,Medium,JP,1,0,0,0,0,0.0,16,123489.96,7718.1225,0,0,0,0,1,10,JP,3.0,Medium,1,1,0.9960163,Critical,Compliance team intervention
342,Rivera-Mullins,Corporate,Real Estate,Medium,LB,0,0,0,0,0,0.0,20,38448.46,1922.423,0,0,0,1,0,10,LB,0.0,Low,0,1,0.0018244105,Low Risk,No action required
343,Robbins and Sons,NGO,Defense/Arms,High,IR,0,0,1,1,1,0.5,23,82680.43,3594.801304347826,0,0,0,2,0,10,IR,10.5,Critical,1,2,0.99667966,Critical,Compliance team intervention
344,"Abbott, Compton and Coleman",Corporate,Casino/Gambling,High,KP,0,0,1,1,0,1.0,29,131440.77,4532.440344827586,0,0,0,2,0,13,KP,14.0,Critical,1,2,0.9967519,Critical,Compliance team intervention
345,Stewart PLC,Corporate,Energy/Oil,High,SG,0,0,0,0,1,0.0,25,109231.12,4369.2448,0,0,0,1,0,11,SG,1.5,Low,0,2,0.0038357635,Low Risk,No action required
346,Watts-Hoffman,Financial Institution,Energy/Oil,High,AE,0,0,0,0,1,0.0,36,177750.56,4937.515555555556,0,0,0,4,0,11,AE,1.5,Low,0,2,0.0012675064,Low Risk,No action required
347,Lopez LLC,Individual,Consulting,Low,IR,0,0,1,1,0,0.0,23,63470.07,2759.568260869565,1,0,0,5,0,11,IR,6.0,High,1,0,0.99819595,Critical,Compliance team intervention
348,Harmon LLC,Individual,Consulting,Low,IN,0,0,0,0,0,0.0,28,53429.7,1908.2035714285716,0,0,0,0,0,13,IN,0.0,Low,0,0,0.0029380803,Low Risk,No action required
349,Lopez Ltd,NGO,Consulting,Low,LB,0,0,0,0,0,0.0,26,43860.54,1686.9438461538462,0,0,0,1,0,11,LB,0.0,Low,0,0,0.0024306388,Low Risk,No action required
350,"Miles, Schmidt and Parker",NGO,Defense/Arms,High,IR,0,0,1,1,1,1.0,19,148649.64,7823.665263157895,0,0,0,0,0,9,IR,15.5,Critical,1,2,0.99680746,Critical,Compliance team intervention
351,"Graves, Montgomery and Ryan",Corporate,Real Estate,Medium,IR,1,0,1,1,0,0.0,27,142083.81,5262.363333333334,2,1,0,0,0,13,IR,11.0,Critical,1,1,0.99960953,Critical,Compliance team intervention
352,"Grant, Brown and Williams",Corporate,NGO/Charity,High,NL,0,0,0,0,0,0.0,20,129692.03,6484.6015,0,0,0,0,0,10,NL,0.0,Low,0,2,0.0040133283,Low Risk,No action required
353,"Berry, Gomez and Gonzales",Individual,Financial Services,Medium,CA,0,0,0,0,1,0.0,23,58361.82,2537.4704347826087,0,0,0,1,0,10,CA,1.5,Low,0,1,0.0028235053,Low Risk,No action required
354,Anthony-Hopkins,NGO,Financial Services,Medium,CH,0,0,0,0,1,0.0,38,68817.24,1810.98,1,0,0,4,0,14,CH,3.5,Medium,1,1,0.998061,Critical,Compliance team intervention
355,"Brown, Gilbert and Eaton",Individual,Financial Services,Medium,SY,0,0,0,1,1,0.0,35,85974.64,2456.418285714285,0,0,0,2,0,13,SY,3.5,Medium,0,1,0.006810579,Low Risk,No action required
356,Rodriguez Inc,Financial Institution,Defense/Arms,High,KP,0,0,1,1,1,0.0,22,204166.57,9280.298636363636,0,0,0,1,0,12,KP,5.5,High,1,2,0.9929507,Critical,Compliance team intervention
357,Scott-Bryant,NGO,Financial Services,Medium,SY,0,0,0,1,1,0.0,29,56582.79,1951.1306896551723,0,0,0,3,0,14,SY,3.5,Medium,0,1,0.0068480833,Low Risk,No action required
358,Moran-Wade,Corporate,Consulting,Low,VE,0,0,0,1,0,0.0,29,68067.44,2347.153103448276,1,0,1,2,0,13,VE,5.5,High,1,0,0.99844956,Critical,Compliance team intervention
359,Huerta-Weaver,Financial Institution,Consulting,Low,CN,0,0,0,0,0,0.0,28,77562.3,2770.082142857143,0,0,0,1,0,12,CN,0.0,Low,0,0,0.002643856,Low Risk,No action required
360,Brown-Stephens,Individual,Energy/Oil,High,IN,0,0,0,0,1,0.0,22,119928.27,5451.285,0,0,0,0,0,10,IN,1.5,Low,0,2,0.0023802335,Low Risk,No action required
361,"French, Cannon and Villegas",Corporate,Import/Export,Medium,AE,1,0,0,0,0,0.0,22,234382.63,10653.755909090907,0,0,0,1,1,10,AE,3.0,Medium,1,1,0.9960691,Critical,Compliance team intervention
362,Fernandez-Meza,Individual,Crypto Exchange,High,CH,0,0,0,0,0,0.0,26,287973.07,11075.887307692308,0,0,1,3,0,12,CH,1.5,Low,0,2,0.003988175,Low Risk,No action required
363,Martin-Leblanc,Corporate,Casino/Gambling,High,CN,0,0,0,0,0,0.5,25,249218.37,9968.7348,0,0,1,4,0,10,CN,6.5,High,1,2,0.9953874,Critical,Compliance team intervention
364,Brown PLC,Financial Institution,Crypto Exchange,High,FR,0,0,0,0,0,0.0,25,132058.82,5282.352800000001,1,0,0,1,0,11,FR,2.0,Low,1,2,0.9977822,Critical,Compliance team intervention
365,"Shelton, Scott and Hoffman",Corporate,Tech,Low,AU,0,0,0,0,0,0.0,43,77787.83,1809.0193023255813,1,0,0,3,0,12,AU,2.0,Low,1,0,0.9971591,Critical,Compliance team intervention
366,Hansen-Thomas,NGO,Real Estate,Medium,CN,1,0,0,0,0,0.0,32,138866.13,4339.5665625,1,1,0,0,0,13,CN,5.0,Medium,1,1,0.9989343,Critical,Compliance team intervention
367,Mendez Inc,Individual,Retail,Low,SD,1,0,0,1,0,0.0,27,156764.4,5806.0888888888885,0,0,0,0,0,12,SD,5.0,Medium,1,0,0.9967217,Critical,Compliance team intervention
368,Curtis LLC,Financial Institution,Energy/Oil,High,JP,0,0,0,0,1,0.0,29,120190.34,4144.4944827586205,0,0,0,0,0,12,JP,1.5,Low,0,2,0.0022596053,Low Risk,No action required
369,Johnson Ltd,Corporate,Real Estate,Medium,IR,0,0,1,1,0,0.5,20,42174.68,2108.734,0,0,0,0,0,12,IR,9.0,High,1,1,0.9966785,Critical,Compliance team intervention
370,Nelson-Phillips,Corporate,Real Estate,Medium,IN,0,0,0,0,0,0.5,30,59835.34,1994.5113333333327,0,0,1,1,0,13,IN,6.5,High,1,1,0.99639386,Critical,Compliance team intervention
371,Hudson-Bell,NGO,Crypto Exchange,High,LB,0,0,0,0,0,0.0,28,543808.47,19421.73107142857,0,0,0,2,0,12,LB,0.0,Low,0,2,0.0034177254,Low Risk,No action required
372,"Smith, Mcfarland and Wilkinson",Individual,Financial Services,Medium,DE,0,0,0,0,1,0.0,23,38912.14,1691.8321739130436,0,0,0,2,0,11,DE,1.5,Low,0,1,0.0018538418,Low Risk,No action required
373,Gomez-Marks,NGO,Import/Export,Medium,CA,0,0,0,0,0,0.0,32,67168.41,2099.0128125,0,0,0,1,0,12,CA,0.0,Low,0,1,0.0026588165,Low Risk,No action required
374,Charles-Bruce,Individual,Consulting,Low,SD,0,0,0,1,0,0.0,26,53566.45,2060.248076923077,1,0,0,1,0,13,SD,4.0,Medium,1,0,0.998847,Critical,Compliance team intervention
375,"Shelton, Whitehead and Mack",Corporate,Energy/Oil,High,SY,0,0,0,1,1,0.0,29,132770.42,4578.2903448275865,0,0,0,2,0,11,SY,3.5,Medium,0,2,0.0055600214,Low Risk,No action required
376,Allen-Sweeney,Individual,Casino/Gambling,High,US,0,0,0,0,0,0.0,19,200639.76,10559.987368421052,0,0,0,3,0,12,US,0.0,Low,0,2,0.0047552944,Low Risk,No action required
377,"Hernandez, Willis and Hoffman",NGO,Crypto Exchange,High,JP,0,0,0,0,0,0.5,25,92677.0,3707.08,0,0,0,2,0,11,JP,5.0,Medium,1,2,0.99593335,Critical,Compliance team intervention
378,"Rogers, Flores and Nichols",NGO,Defense/Arms,High,SG,0,0,0,0,1,0.0,29,121380.27,4185.526551724138,0,0,1,3,0,12,SG,3.0,Medium,0,2,0.002281101,Low Risk,No action required
379,"Johnson, Russo and Rodgers",NGO,Import/Export,Medium,KP,0,0,1,1,0,0.0,27,58507.42,2166.9414814814813,0,0,0,1,0,12,KP,4.0,Medium,1,1,0.9946367,Critical,Compliance team intervention
380,Byrd Inc,NGO,Import/Export,Medium,CN,0,0,0,0,0,0.0,26,54897.37,2111.437307692308,1,1,0,2,0,12,CN,2.0,Low,1,1,0.99814045,Critical,Compliance team intervention
381,"Romero, Campos and Chambers",Individual,Import/Export,Medium,CA,0,0,0,0,0,0.0,23,44511.91,1935.3004347826088,0,0,0,2,0,12,CA,0.0,Low,0,1,0.002126098,Low Risk,No action required
382,Tate-Barton,Individual,Import/Export,Medium,CA,0,0,0,0,0,0.0,20,44653.69,2232.6845000000003,1,0,0,0,0,12,CA,2.0,Low,1,1,0.9979705,Critical,Compliance team intervention
383,"Shaffer, Lopez and Rivera",Individual,Casino/Gambling,High,IR,1,0,1,1,0,0.0,26,358538.51,13789.942692307694,1,1,0,1,0,13,IR,9.0,High,1,2,0.9987502,Critical,Compliance team intervention
384,Garza-Colon,Corporate,Real Estate,Medium,RU,0,0,0,1,0,0.0,23,55982.69,2434.03,0,0,0,0,0,11,RU,2.0,Low,0,1,0.006687635,Low Risk,No action required
385,"Mclaughlin, Hall and Hinton",Corporate,Consulting,Low,AF,0,0,0,0,0,0.0,32,69122.48,2160.0775,1,1,1,1,0,14,AF,3.5,Medium,1,0,0.99882334,Critical,Compliance team intervention
386,Mcclure Ltd,Financial Institution,Retail,Low,CN,0,0,0,0,0,0.0,20,37396.33,1869.8165,0,0,0,1,0,10,CN,0.0,Low,0,0,0.0017539598,Low Risk,No action required
387,"Hess, Marquez and Atkinson",NGO,Financial Services,Medium,JP,0,0,0,0,1,0.0,24,38216.78,1592.3658333333333,2,1,0,0,0,14,JP,5.5,High,1,1,0.99819595,Critical,Compliance team intervention
388,Castro Ltd,Individual,Real Estate,Medium,RU,0,0,0,1,0,0.0,19,45785.82,2409.78,1,0,0,1,0,11,RU,4.0,Medium,1,1,0.9985025,Critical,Compliance team intervention
389,Dean and Sons,Corporate,Crypto Exchange,High,LB,0,0,0,0,0,0.0,27,266098.52,9855.50074074074,0,0,0,3,0,12,LB,0.0,Low,0,2,0.0034177254,Low Risk,No action required
390,"Rios, Wright and Hancock",Corporate,Financial Services,Medium,CA,0,0,0,0,1,0.0,28,79520.38,2840.013571428572,0,0,1,1,0,12,CA,3.0,Medium,0,1,0.00421572,Low Risk,No action required
391,Harvey-Anderson,NGO,Retail,Low,UK,0,0,0,0,0,0.0,27,54805.3,2029.825925925926,1,0,0,0,0,12,UK,2.0,Low,1,0,0.9972807,Critical,Compliance team intervention
392,Jackson-Ray,Individual,Real Estate,Medium,FR,0,0,0,0,0,0.0,27,51820.87,1919.2914814814812,1,1,0,2,0,10,FR,2.0,Low,1,1,0.9969561,Critical,Compliance team intervention
393,Thornton LLC,Financial Institution,Import/Export,Medium,AF,0,0,0,0,0,0.0,26,57557.22,2213.7392307692307,0,0,0,2,0,14,AF,0.0,Low,0,1,0.0039569293,Low Risk,No action required
394,"Foster, Scott and Curtis",Individual,Import/Export,Medium,AU,0,0,0,0,0,0.0,29,75904.17,2617.385172413793,1,0,0,0,0,13,AU,2.0,Low,1,1,0.9982237,Critical,Compliance team intervention
395,"King, Murray and Mcdaniel",NGO,Retail,Low,AE,0,0,0,0,0,0.0,27,67248.78,2490.6955555555555,0,0,1,1,0,10,AE,1.5,Low,0,0,0.0028353147,Low Risk,No action required
396,Clark LLC,Individual,Real Estate,Medium,IR,0,0,1,1,0,0.0,34,70082.57,2061.2520588235298,1,0,0,2,0,11,IR,6.0,High,1,1,0.9979746,Critical,Compliance team intervention
397,"Wood, Gonzalez and Johnson",Corporate,Consulting,Low,SG,0,0,0,0,0,0.0,26,48339.39,1859.207307692308,0,0,0,1,0,11,SG,0.0,Low,0,0,0.0024306388,Low Risk,No action required
398,Schmitt Inc,NGO,Defense/Arms,High,LB,0,0,0,0,1,0.5,21,96818.0,4610.380952380952,0,0,1,0,0,11,LB,8.0,High,1,2,0.9961577,Critical,Compliance team intervention
399,"Patton, Johnson and Mendez",Corporate,Retail,Low,VE,0,0,0,1,0,0.5,23,55565.33,2415.8839130434785,0,0,0,0,0,12,VE,7.0,High,1,0,0.9968454,Critical,Compliance team intervention
400,English Ltd,Financial Institution,Consulting,Low,CH,0,0,0,0,0,0.0,23,42972.73,1868.379565217391,0,0,0,1,0,12,CH,0.0,Low,0,0,0.0023089116,Low Risk,No action required
401,Nelson-Owens,Corporate,Retail,Low,SG,0,0,0,0,0,0.5,39,79206.47,2030.935128205128,1,0,0,0,0,15,SG,7.0,High,1,0,0.99874264,Critical,Compliance team intervention
402,Lane Ltd,NGO,Energy/Oil,High,VE,0,0,0,1,1,0.0,24,235759.93,9823.330416666666,1,0,0,2,0,12,VE,5.5,High,1,2,0.99854124,Critical,Compliance team intervention
403,Li Ltd,Corporate,NGO/Charity,High,SY,1,1,0,1,0,0.5,25,154333.36000000002,6173.334400000001,21,7,1,1,0,8,SY,56.5,Critical,1,2,0.99852824,Critical,Compliance team intervention
404,Martin-Baker,Corporate,Crypto Exchange,High,DE,0,0,0,0,0,0.0,27,149694.93,5544.256666666666,0,0,0,2,0,13,DE,0.0,Low,0,2,0.0028118491,Low Risk,No action required
405,"Hardin, Sanchez and Stewart",Corporate,NGO/Charity,High,SG,1,0,0,0,0,0.0,17,114706.72,6747.454117647059,0,0,1,0,0,11,SG,4.5,Medium,1,2,0.9826942,Critical,Compliance team intervention
406,Cooley-Martinez,Individual,Consulting,Low,SG,0,0,0,0,0,0.0,22,29637.53,1347.1604545454545,1,0,0,2,0,12,SG,2.0,Low,1,0,0.9972621,Critical,Compliance team intervention
407,Adkins Ltd,Corporate,Real Estate,Medium,LB,0,0,0,0,0,0.0,22,46681.52,2121.887272727273,0,0,0,2,0,10,LB,0.0,Low,0,1,0.0020628201,Low Risk,No action required
408,Bender Ltd,Individual,Crypto Exchange,High,UK,0,0,0,0,0,0.0,27,151554.97,5613.147037037037,0,0,0,0,0,11,UK,0.0,Low,0,2,0.0024185153,Low Risk,No action required
409,Lee LLC,Financial Institution,Casino/Gambling,High,NL,0,0,0,0,0,0.0,26,113518.03,4366.078076923077,0,0,0,3,0,12,NL,0.0,Low,0,2,0.0027768868,Low Risk,No action required
410,"Gomez, Larsen and Morris",Individual,Real Estate,Medium,AE,0,0,0,0,0,0.0,30,43903.76,1463.4586666666669,1,1,0,0,0,14,AE,2.0,Low,1,1,0.99811745,Critical,Compliance team intervention
411,Lopez-Washington,Financial Institution,Tech,Low,AE,0,0,0,0,0,0.0,27,48687.46,1803.2392592592591,1,0,0,0,0,9,AE,2.0,Low,1,0,0.996926,Critical,Compliance team intervention
412,Hughes Inc,Individual,Import/Export,Medium,CH,0,0,0,0,0,0.0,19,24833.49,1307.0257894736842,0,0,0,1,0,9,CH,0.0,Low,0,1,0.0018244105,Low Risk,No action required
413,"Davis, Schmidt and Page",Corporate,Casino/Gambling,High,CH,0,0,0,0,0,0.0,20,245234.94,12261.747,1,0,0,2,0,11,CH,2.0,Low,1,2,0.9981772,Critical,Compliance team intervention
414,"Arnold, Carlson and Lewis",Financial Institution,Defense/Arms,High,UK,0,0,0,0,1,0.0,21,336785.53,16037.406190476191,0,0,0,2,0,11,UK,1.5,Low,0,2,0.00425815,Low Risk,No action required
415,"Elliott, Walton and Mcdaniel",NGO,Defense/Arms,High,RU,0,0,0,1,1,0.0,38,217672.87,5728.233421052632,0,0,0,0,0,13,RU,3.5,Medium,0,2,0.008531289,Low Risk,No action required
416,Becker PLC,Individual,Energy/Oil,High,CH,0,0,0,0,1,0.0,24,58221.9,2425.9125,0,0,0,0,0,12,CH,1.5,Low,0,2,0.0014212291,Low Risk,No action required
417,"Gill, Love and Zavala",Corporate,Financial Services,Medium,JP,0,0,0,0,1,1.0,28,56876.28,2031.2957142857144,0,0,0,1,0,11,JP,11.5,Critical,1,1,0.9943487,Critical,Compliance team intervention
418,Hernandez Inc,Financial Institution,Import/Export,Medium,US,1,0,0,0,0,0.0,32,228750.21,7148.4440625,1,1,0,2,1,14,US,5.0,Medium,1,1,0.99963355,Critical,Compliance team intervention
419,"Evans, Compton and Hill",NGO,Import/Export,Medium,RU,0,0,0,1,0,0.0,26,57647.5,2217.2115384615386,1,0,0,2,0,14,RU,4.0,Medium,1,1,0.99883944,Critical,Compliance team intervention
420,"Hogan, Hernandez and Hernandez",Individual,Crypto Exchange,High,SG,0,0,0,0,0,0.0,23,262389.32,11408.231304347826,1,1,0,0,0,10,SG,2.0,Low,1,2,0.99790263,Critical,Compliance team intervention
421,Anderson Ltd,Corporate,Real Estate,Medium,DE,0,0,0,0,0,0.0,24,55276.22,2303.175833333333,0,0,0,0,0,12,DE,0.0,Low,0,1,0.002162994,Low Risk,No action required
422,Rose-Murphy,NGO,Tech,Low,JP,0,0,0,0,0,0.5,23,48324.22,2101.053043478261,1,0,0,3,0,11,JP,7.0,High,1,0,0.9983919,Critical,Compliance team intervention
423,Allen-Jones,NGO,Energy/Oil,High,IN,1,0,0,0,1,0.0,24,105065.06,4377.7108333333335,1,1,0,2,0,10,IN,6.5,High,1,2,0.9978399,Critical,Compliance team intervention
424,Rosales and Sons,Individual,Retail,Low,SY,0,0,0,1,0,0.0,22,39768.8,1807.6727272727276,0,0,1,2,0,10,SY,3.5,Medium,0,0,0.004297741,Low Risk,No action required
425,"Torres, Fletcher and Burch",Individual,Casino/Gambling,High,SY,0,0,0,1,0,0.0,25,253053.87,10122.1548,0,0,0,1,0,12,SY,2.0,Low,0,2,0.009596918,Low Risk,No action required
426,"Francis, Ramsey and Lee",Corporate,Crypto Exchange,High,CH,0,0,0,0,0,0.0,23,260699.2,11334.747826086958,0,0,1,4,0,10,CH,1.5,Low,0,2,0.004079304,Low Risk,No action required
427,"Simmons, Davis and Fletcher",Financial Institution,Real Estate,Medium,CA,0,0,0,0,0,0.0,28,69550.27,2483.9382142857144,0,0,0,1,0,12,CA,0.0,Low,0,1,0.0028715406,Low Risk,No action required
428,"Hall, Ward and Morales",Individual,Crypto Exchange,High,KP,0,0,1,1,0,0.0,22,93204.66,4236.575454545455,1,0,0,2,0,12,KP,6.0,High,1,2,0.9984414,Critical,Compliance team intervention
429,"Lee, Ellis and Ortiz",Individual,Import/Export,Medium,AU,0,0,0,0,0,0.0,30,75589.36,2519.6453333333334,0,0,0,1,0,12,AU,0.0,Low,0,1,0.002783951,Low Risk,No action required
430,"Mejia, Turner and Alexander",Corporate,Defense/Arms,High,RU,0,0,0,1,1,0.5,21,105362.64,5017.268571428572,0,0,0,2,0,11,RU,8.5,High,1,2,0.9946662,Critical,Compliance team intervention
431,Goodwin-Johnson,Individual,Energy/Oil,High,VE,0,0,0,1,1,0.0,16,92274.17,5767.135625,0,0,0,1,0,8,VE,3.5,Medium,0,2,0.007047813,Low Risk,No action required
432,Fox PLC,NGO,Real Estate,Medium,CN,0,0,0,0,0,0.0,18,37496.75,2083.152777777778,0,0,0,0,0,11,CN,0.0,Low,0,1,0.0022382385,Low Risk,No action required
433,Morgan-Smith,Individual,Real Estate,Medium,LB,0,0,0,0,0,0.0,15,24833.79,1655.586,0,0,0,0,0,8,LB,0.0,Low,0,1,0.0016634125,Low Risk,No action required
434,"Scott, Bowers and Wallace",Financial Institution,Import/Export,Medium,SD,0,0,0,1,0,0.0,26,47153.64,1813.6015384615384,0,0,0,2,0,12,SD,2.0,Low,0,1,0.006511281,Low Risk,No action required
435,"Keller, Thomas and Harris",NGO,NGO/Charity,High,US,0,0,0,0,0,0.5,26,190702.6,7334.715384615385,0,0,1,0,0,11,US,6.5,High,1,2,0.99498415,Critical,Compliance team intervention
436,"Carroll, Davidson and Casey",Financial Institution,Energy/Oil,High,JP,0,0,0,0,1,0.0,34,175757.45,5169.336764705883,1,1,0,2,0,13,JP,3.5,Medium,1,2,0.997601,Critical,Compliance team intervention
437,"Ross, Simpson and Taylor",Financial Institution,Tech,Low,FR,0,0,0,0,0,0.0,25,62127.17,2485.0868,1,0,0,0,0,11,FR,2.0,Low,1,0,0.9980388,Critical,Compliance team intervention
438,Lang-Schroeder,Financial Institution,Energy/Oil,High,SY,0,0,0,1,1,0.0,21,136760.86,6512.421904761904,0,0,0,2,0,12,SY,3.5,Medium,0,2,0.008946246,Low Risk,No action required
439,Klein PLC,Financial Institution,Financial Services,Medium,CH,0,0,0,0,1,0.0,26,41972.75,1614.3365384615386,1,0,0,0,0,13,CH,3.5,Medium,1,1,0.99850225,Critical,Compliance team intervention
440,Parker Inc,Financial Institution,Defense/Arms,High,IN,0,0,0,0,1,0.0,21,74604.07,3552.5747619047625,0,0,0,0,0,12,IN,1.5,Low,0,2,0.0032457598,Low Risk,No action required
441,Burke-Esparza,Individual,Retail,Low,FR,0,0,0,0,0,0.0,23,39998.63,1739.0708695652172,1,0,0,1,0,12,FR,2.0,Low,1,0,0.997584,Critical,Compliance team intervention
442,"Lewis, Decker and Price",Individual,Energy/Oil,High,US,0,0,0,0,1,0.0,25,158178.98,6327.1592,0,0,0,0,0,11,US,1.5,Low,0,2,0.00409895,Low Risk,No action required
443,Bennett-Perry,Corporate,Import/Export,Medium,RU,0,0,0,1,0,1.0,30,50333.57,1677.7856666666669,0,0,0,2,0,12,RU,12.0,Critical,1,1,0.99586225,Critical,Compliance team intervention
444,Carr-Obrien,Individual,Tech,Low,VE,0,0,0,1,0,0.0,26,36890.91,1418.881153846154,0,0,0,5,0,11,VE,2.0,Low,0,0,0.0053290525,Low Risk,No action required
445,Brown Ltd,Individual,Tech,Low,UK,0,0,0,0,0,0.0,19,34361.07,1808.4773684210527,0,0,0,2,0,11,UK,0.0,Low,0,0,0.0017184893,Low Risk,No action required
446,"Peck, Nguyen and Lewis",NGO,NGO/Charity,High,AF,0,0,0,0,0,0.0,27,51281.42,1899.311851851852,0,0,0,0,0,12,AF,0.0,Low,0,2,0.002152834,Low Risk,No action required
447,Larson Inc,Financial Institution,Casino/Gambling,High,IR,0,0,1,1,0,0.0,30,317711.35,10590.378333333332,0,0,0,0,0,13,IR,4.0,Medium,1,2,0.9929173,Critical,Compliance team intervention
448,Gibbs-Anthony,Individual,Financial Services,Medium,CA,0,0,0,0,1,0.0,14,36678.94,2619.924285714286,0,0,0,1,0,9,CA,1.5,Low,0,1,0.00253569,Low Risk,No action required
449,Arnold Group,Financial Institution,Import/Export,Medium,AE,0,0,0,0,0,0.0,27,49947.33,1849.9011111111115,0,0,0,2,0,10,AE,0.0,Low,0,1,0.0018323673,Low Risk,No action required
450,"Finley, Velez and Romero",Financial Institution,Casino/Gambling,High,CA,0,0,0,0,0,0.0,32,160947.41,5029.6065625,0,0,0,1,0,11,CA,0.0,Low,0,2,0.0013821331,Low Risk,No action required
451,Elliott Inc,Individual,Energy/Oil,High,AF,0,0,0,0,1,0.0,24,62101.14,2587.5475,1,1,0,2,0,10,AF,3.5,Medium,1,2,0.99555063,Critical,Compliance team intervention
452,Taylor Ltd,NGO,Defense/Arms,High,AU,0,0,0,0,1,0.0,26,132634.22,5101.316153846154,0,0,0,1,0,12,AU,1.5,Low,0,2,0.0025247002,Low Risk,No action required
453,"Fernandez, Brown and Clark",Financial Institution,Consulting,Low,KP,0,0,1,1,0,0.0,20,42889.02,2144.451,0,0,0,1,0,10,KP,4.0,Medium,1,0,0.99145484,Critical,Compliance team intervention
454,Anderson-Wallace,Financial Institution,Defense/Arms,High,CH,0,0,0,0,1,0.0,30,148332.06,4944.402,1,0,0,3,0,14,CH,3.5,Medium,1,2,0.9960943,Critical,Compliance team intervention
455,Rodriguez and Sons,Financial Institution,NGO/Charity,High,VE,0,0,0,1,0,0.0,24,268784.07,11199.33625,1,0,1,2,0,10,VE,5.5,High,1,2,0.9983859,Critical,Compliance team intervention
456,Palmer-Williams,NGO,Financial Services,Medium,UK,0,0,0,0,1,0.0,25,53349.72,2133.9888,0,0,0,0,0,10,UK,1.5,Low,0,1,0.0023112833,Low Risk,No action required
457,"Taylor, Holland and Wood",Individual,Import/Export,Medium,CH,0,0,0,0,0,0.0,27,51275.14,1899.0792592592595,0,0,0,3,0,13,CH,0.0,Low,0,1,0.0029671534,Low Risk,No action required
458,"Gonzales, Jones and Garrett",NGO,Defense/Arms,High,AU,0,0,0,0,1,0.0,20,87373.01999999999,4368.651,0,0,0,1,0,11,AU,1.5,Low,0,2,0.0036552,Low Risk,No action required
459,Mitchell Inc,Financial Institution,Casino/Gambling,High,SG,0,0,0,0,0,0.0,19,57328.92,3017.311578947368,0,0,1,0,0,11,SG,1.5,Low,0,2,0.003391098,Low Risk,No action required
460,"Williamson, Simon and Adams",NGO,Financial Services,Medium,VE,0,0,0,1,1,0.5,23,50724.82,2205.426956521739,0,0,0,1,0,13,VE,8.5,High,1,1,0.9978077,Critical,Compliance team intervention
461,Norris Group,NGO,Real Estate,Medium,VE,0,0,0,1,0,0.0,30,69583.63,2319.4543333333336,0,0,0,0,0,11,VE,2.0,Low,0,1,0.0048403973,Low Risk,No action required
462,Young Ltd,NGO,Energy/Oil,High,SD,0,0,0,1,1,0.0,17,75533.64,4443.155294117647,0,0,0,2,0,12,SD,3.5,Medium,0,2,0.007316431,Low Risk,No action required
463,Brooks Group,Corporate,NGO/Charity,High,RU,0,0,0,1,0,0.0,34,356473.35,10484.510294117646,0,0,1,1,0,12,RU,3.5,Medium,0,2,0.0069449595,Low Risk,No action required
464,Spencer-Griffin,Individual,Defense/Arms,High,RU,0,0,0,1,1,0.0,23,172175.33,7485.883913043478,2,0,0,2,0,10,RU,7.5,High,1,2,0.99823356,Critical,Compliance team intervention
465,Phillips-Galloway,Financial Institution,Crypto Exchange,High,SG,0,0,0,0,0,0.0,27,50523.07,1871.2248148148149,0,0,0,0,0,11,SG,0.0,Low,0,2,0.0019559565,Low Risk,No action required
466,"Wells, Anderson and Stafford",Financial Institution,Tech,Low,FR,0,0,0,0,0,0.0,35,63250.03,1807.1437142857144,1,0,0,0,0,13,FR,2.0,Low,1,0,0.99804175,Critical,Compliance team intervention
467,Williams-Stewart,Corporate,NGO/Charity,High,KP,0,0,1,1,0,0.0,23,51592.09,2243.134347826087,0,0,0,1,0,11,KP,4.0,Medium,1,2,0.9879942,Critical,Compliance team intervention
468,Smith-Marquez,Individual,Tech,Low,FR,0,0,0,0,0,0.0,29,68124.75,2349.1293103448274,0,0,0,3,0,12,FR,0.0,Low,0,0,0.002260202,Low Risk,No action required
469,"Hernandez, Woods and Cooper",Corporate,NGO/Charity,High,DE,0,0,0,0,0,0.0,17,83493.56999999999,4911.386470588235,1,1,0,0,0,9,DE,2.0,Low,1,2,0.9963223,Critical,Compliance team intervention
470,Parker-King,Corporate,Defense/Arms,High,VE,0,0,0,1,1,0.5,21,144082.1,6861.052380952381,0,0,0,2,0,11,VE,8.5,High,1,2,0.99688053,Critical,Compliance team intervention
471,Chan-Smith,NGO,Consulting,Low,DE,0,0,0,0,0,0.0,29,39439.18,1359.971724137931,1,0,0,1,0,13,DE,2.0,Low,1,0,0.9982691,Critical,Compliance team intervention
472,Harrington Inc,NGO,Casino/Gambling,High,CH,0,0,0,0,0,1.0,27,222552.55,8242.687037037036,0,0,1,1,0,12,CH,11.5,Critical,1,2,0.9946202,Critical,Compliance team intervention
473,Flowers-Peters,Corporate,Tech,Low,KP,0,0,1,1,0,0.0,32,44732.88,1397.9025,0,0,0,0,0,10,KP,4.0,Medium,1,0,0.9872887,Critical,Compliance team intervention
474,"Bell, Perez and Chan",Corporate,Real Estate,Medium,KP,0,0,1,1,0,0.0,15,44142.61,2942.8406666666665,1,0,0,0,0,12,KP,6.0,High,1,1,0.99897563,Critical,Compliance team intervention
475,"Greer, Harrison and Smith",Individual,Financial Services,Medium,US,0,0,0,0,1,0.0,29,53479.22,1844.111034482759,0,0,0,4,0,13,US,1.5,Low,0,1,0.0029671534,Low Risk,No action required
476,Cain-Hernandez,NGO,Real Estate,Medium,AF,0,0,0,0,0,0.5,26,45918.91,1766.1119230769232,2,1,0,1,0,14,AF,9.0,High,1,1,0.999138,Critical,Compliance team intervention
477,Jordan Group,Financial Institution,Defense/Arms,High,UK,0,0,0,0,1,0.0,25,39001.55,1560.062,0,0,0,1,0,12,UK,1.5,Low,0,2,0.0033205668,Low Risk,No action required
478,Lopez Inc,Financial Institution,NGO/Charity,High,SY,0,0,0,1,0,0.0,21,120269.93,5727.139523809524,1,0,0,1,0,12,SY,4.0,Medium,1,2,0.9983456,Critical,Compliance team intervention
479,Bailey-Johnson,Financial Institution,Tech,Low,US,0,0,0,0,0,0.0,18,24085.82,1338.101111111111,0,0,0,0,0,9,US,0.0,Low,0,0,0.0015991689,Low Risk,No action required
480,Brown and Sons,Financial Institution,Crypto Exchange,High,UK,0,0,0,0,0,0.0,23,284734.25,12379.75,0,0,1,3,0,9,UK,1.5,Low,0,2,0.004079304,Low Risk,No action required
481,"Barnes, Palmer and Hernandez",NGO,Energy/Oil,High,AF,0,0,0,0,1,1.0,34,321639.15,9459.975,0,0,0,1,0,12,AF,11.5,Critical,1,2,0.99406886,Critical,Compliance team intervention
482,Johnson PLC,Corporate,Financial Services,Medium,CH,0,0,0,0,1,0.0,24,48526.98,2021.9575,0,0,0,2,0,10,CH,1.5,Low,0,1,0.0017114409,Low Risk,No action required
483,Combs Ltd,Corporate,Crypto Exchange,High,US,0,0,0,0,0,0.5,24,113502.15,4729.256249999999,0,0,0,0,0,11,US,5.0,Medium,1,2,0.993985,Critical,Compliance team intervention
484,Barrett-West,Individual,Consulting,Low,DE,0,0,0,0,0,0.0,19,37562.83,1976.9910526315791,2,2,0,0,0,13,DE,4.0,Medium,1,0,0.9985545,Critical,Compliance team intervention
485,"Gomez, Garner and Miller",NGO,Retail,Low,NL,0,0,0,0,0,0.5,15,26951.92,1796.7946666666664,0,0,0,1,0,11,NL,5.0,Medium,1,0,0.9936673,Critical,Compliance team intervention
486,"Hinton, Tucker and Simmons",Individual,Real Estate,Medium,DE,0,0,0,0,0,0.0,30,52420.38,1747.346,0,0,0,5,0,12,DE,0.0,Low,0,1,0.0020423108,Low Risk,No action required
487,Newman-Cabrera,NGO,Defense/Arms,High,UK,0,0,0,0,1,1.0,24,136531.74000000002,5688.822500000001,0,0,1,2,0,10,UK,13.0,Critical,1,2,0.99507624,Critical,Compliance team intervention
488,"Walton, Wang and Harper",Individual,Tech,Low,AU,0,0,0,0,0,0.0,30,69824.25,2327.475,0,0,0,2,0,12,AU,0.0,Low,0,0,0.0020202615,Low Risk,No action required
489,"Woods, Smith and Kim",Corporate,Real Estate,Medium,NL,0,0,0,0,0,0.0,20,29907.11,1495.3555,0,0,0,0,0,8,NL,0.0,Low,0,1,0.0016634125,Low Risk,No action required
490,Taylor Ltd,NGO,Real Estate,Medium,LB,0,0,0,0,0,0.0,18,32253.16,1791.8422222222223,0,0,1,1,0,9,LB,1.5,Low,0,1,0.0019495339,Low Risk,No action required
491,Marshall-Stevenson,Financial Institution,Real Estate,Medium,US,0,0,0,0,0,0.0,22,46771.84,2125.9927272727277,1,0,0,2,0,13,US,2.0,Low,1,1,0.99822897,Critical,Compliance team intervention
492,Garcia-Miller,Corporate,Financial Services,Medium,VE,1,0,0,1,1,1.0,25,246845.14,9873.8056,0,0,0,1,0,10,VE,16.5,Critical,1,1,0.9993781,Critical,Compliance team intervention
493,"Sullivan, Jacobs and Hopkins",Financial Institution,Retail,Low,FR,0,0,0,0,0,0.0,26,47732.62,1835.87,0,0,0,2,0,11,FR,0.0,Low,0,0,0.0021518131,Low Risk,No action required
494,Cooper LLC,Corporate,Retail,Low,KP,0,0,1,1,0,0.5,29,61383.6,2116.6758620689657,0,0,1,4,0,12,KP,10.5,Critical,1,0,0.9967229,Critical,Compliance team intervention
495,Rose-Lee,Financial Institution,Import/Export,Medium,CA,0,0,0,0,0,0.0,28,47467.21,1695.2575,4,2,0,2,0,15,CA,8.0,High,1,1,0.9981201,Critical,Compliance team intervention
496,Gonzalez-Bailey,Individual,Real Estate,Medium,AE,0,0,0,0,0,0.0,22,58341.98,2651.908181818182,0,0,1,1,0,9,AE,1.5,Low,0,1,0.002907371,Low Risk,No action required
497,"Gilmore, Petersen and Walsh",NGO,Defense/Arms,High,JP,0,0,0,0,1,0.0,27,274551.73,10168.582592592593,0,0,0,0,0,9,JP,1.5,Low,0,2,0.003173366,Low Risk,No action required
498,Miller-Baker,Financial Institution,Crypto Exchange,High,UK,0,0,0,0,0,0.0,32,141500.69,4421.8965625,0,0,1,0,0,10,UK,1.5,Low,0,2,0.0024676237,Low Risk,No action required
499,Gonzales LLC,NGO,Crypto Exchange,High,SY,0,0,0,1,0,0.0,23,203141.26,8832.228695652175,0,0,0,1,0,9,SY,2.0,Low,0,2,0.008214641,Low Risk,No action required
500,"Allen, Castillo and Thompson",Financial Institution,Casino/Gambling,High,CA,1,0,0,0,0,0.0,22,54392.61,2472.391363636364,0,0,0,0,0,12,CA,3.0,Medium,1,2,0.957148,Critical,Compliance team intervention
501,Patel-Avila,Financial Institution,Real Estate,Medium,NL,0,0,0,0,0,0.0,19,32512.22,1711.1694736842103,0,0,0,1,0,11,NL,0.0,Low,0,1,0.002019235,Low Risk,No action required
502,Robinson Group,NGO,Real Estate,Medium,SY,0,0,0,1,0,0.0,31,72474.28,2337.88,0,0,0,4,0,10,SY,2.0,Low,0,1,0.005239992,Low Risk,No action required
503,Ruiz and Sons,Financial Institution,Crypto Exchange,High,SG,0,0,0,0,0,0.0,30,325461.7,10848.723333333332,0,0,0,2,0,15,SG,0.0,Low,0,2,0.004381473,Low Risk,No action required
504,Grant-Thornton,Individual,Import/Export,Medium,RU,0,0,0,1,0,0.0,27,50139.85,1857.0314814814813,0,0,0,3,0,12,RU,2.0,Low,0,1,0.0052652485,Low Risk,No action required
505,Hart LLC,NGO,Energy/Oil,High,SD,0,0,0,1,1,0.0,26,70028.36,2693.3984615384616,0,0,1,3,0,12,SD,5.0,Medium,0,2,0.0044390196,Low Risk,No action required
506,Kidd Inc,Individual,Consulting,Low,DE,0,0,0,0,0,0.0,33,58996.24,1787.7648484848485,1,1,0,5,0,12,DE,2.0,Low,1,0,0.9971591,Critical,Compliance team intervention
507,Cain-Taylor,Individual,Energy/Oil,High,NL,0,0,0,0,1,0.0,32,169562.04,5298.81375,0,0,1,0,0,15,NL,3.0,Medium,0,2,0.002725654,Low Risk,No action required
508,"Rogers, Figueroa and Garcia",NGO,Energy/Oil,High,VE,0,0,0,1,1,1.0,24,195556.5,8148.1875,1,1,0,1,0,12,VE,15.5,Critical,1,2,0.9988619,Critical,Compliance team intervention
509,Hernandez and Sons,NGO,Casino/Gambling,High,SY,0,0,0,1,0,0.5,20,182551.07,9127.553499999998,0,0,0,1,0,9,SY,7.0,High,1,2,0.9969278,Critical,Compliance team intervention
510,Gonzalez-Brennan,Financial Institution,Energy/Oil,High,RU,0,0,0,1,1,0.0,23,155858.24,6776.445217391304,0,0,0,1,0,10,RU,3.5,Medium,0,2,0.007602731,Low Risk,No action required
511,Simpson-Browning,Corporate,Consulting,Low,VE,0,0,0,1,0,0.0,28,50628.78,1808.1707142857144,0,0,0,1,0,11,VE,2.0,Low,0,0,0.0050199707,Low Risk,No action required
512,Baker-Jones,Financial Institution,Real Estate,Medium,RU,0,0,0,1,0,0.0,23,34678.15,1507.7456521739132,0,0,0,1,0,12,RU,2.0,Low,0,1,0.006287488,Low Risk,No action required
513,Sanders LLC,Financial Institution,Consulting,Low,CA,0,0,0,0,0,0.0,31,71206.84,2296.9948387096774,0,0,0,0,0,12,CA,0.0,Low,0,0,0.0019725647,Low Risk,No action required
514,"Morris, Lane and Davis",Individual,Retail,Low,JP,0,0,0,0,0,0.0,30,75578.59,2519.286333333333,0,0,0,3,0,13,JP,0.0,Low,0,0,0.002762238,Low Risk,No action required
515,Anderson LLC,Financial Institution,Casino/Gambling,High,US,0,0,0,0,0,0.0,27,148947.78,5516.584444444445,0,0,1,3,0,11,US,1.5,Low,0,2,0.0021265512,Low Risk,No action required
516,"Moore, Davidson and Newton",Financial Institution,Financial Services,Medium,AF,0,0,0,0,1,0.0,17,25735.71,1513.865294117647,0,0,0,1,0,10,AF,1.5,Low,0,1,0.0018244105,Low Risk,No action required
517,Schwartz-Stewart,Financial Institution,Defense/Arms,High,KP,0,0,1,1,1,0.0,25,196732.76,7869.3104,0,0,0,2,0,11,KP,5.5,High,1,2,0.9925092,Critical,Compliance team intervention
518,"Snyder, Osborne and Pineda",Financial Institution,Consulting,Low,DE,0,0,0,0,0,0.0,27,68813.24,2548.6385185185186,1,1,0,2,0,11,DE,2.0,Low,1,0,0.9975623,Critical,Compliance team intervention
519,Jones-Erickson,Corporate,Energy/Oil,High,CH,0,0,0,0,1,0.0,27,92938.53,3442.1677777777777,0,0,0,3,0,13,CH,1.5,Low,0,2,0.0026795862,Low Risk,No action required
520,"Watkins, Kelly and Peterson",Individual,Retail,Low,US,0,0,0,0,0,0.0,27,43933.22,1627.1562962962964,1,1,0,2,0,11,US,2.0,Low,1,0,0.99684167,Critical,Compliance team intervention
521,"Tran, Lara and Mccarthy",NGO,Financial Services,Medium,DE,0,0,0,0,1,0.0,18,31720.4,1762.2444444444443,0,0,0,2,0,11,DE,1.5,Low,0,1,0.0017875179,Low Risk,No action required
522,"Miller, Price and Rivera",NGO,Consulting,Low,AU,0,0,0,0,0,0.0,28,56589.49,2021.053214285714,0,0,1,0,0,12,AU,1.5,Low,0,0,0.0021915045,Low Risk,No action required
523,Jones PLC,Corporate,Casino/Gambling,High,US,0,0,0,0,0,0.0,26,183679.43,7064.593461538461,2,1,1,2,0,15,US,5.5,High,1,2,0.9983742,Critical,Compliance team intervention
524,"Reynolds, Gray and Anderson",Financial Institution,Casino/Gambling,High,AF,0,0,0,0,0,0.0,32,230863.21,7214.4753125,0,0,0,0,0,12,AF,0.0,Low,0,2,0.0031324003,Low Risk,No action required
525,Newman and Sons,Corporate,Import/Export,Medium,AU,0,0,0,0,0,0.0,30,57017.31,1900.577,2,1,0,3,0,14,AU,4.0,Medium,1,1,0.998061,Critical,Compliance team intervention
526,Kirby LLC,Individual,Real Estate,Medium,AU,0,0,0,0,0,0.0,24,54747.46,2281.1441666666665,0,0,0,2,0,11,AU,0.0,Low,0,1,0.0018823041,Low Risk,No action required
527,Barnes-Johnson,Corporate,Retail,Low,NL,0,0,0,0,0,0.0,27,32735.59,1212.4292592592592,1,1,0,2,0,14,NL,2.0,Low,1,0,0.9980446,Critical,Compliance team intervention
528,Nelson-Hanson,Corporate,Real Estate,Medium,AF,0,0,0,0,0,0.0,34,74873.19,2202.152647058824,0,0,0,2,0,14,AF,0.0,Low,0,1,0.0031009836,Low Risk,No action required
529,Miller and Sons,Financial Institution,Casino/Gambling,High,AE,1,0,0,0,0,0.0,26,88998.66,3423.0253846153846,0,0,0,0,0,10,AE,3.0,Medium,1,2,0.9732607,Critical,Compliance team intervention
530,James LLC,Financial Institution,Energy/Oil,High,FR,0,0,0,0,1,0.0,27,148031.03,5482.63074074074,0,0,0,1,0,10,FR,1.5,Low,0,2,0.002041895,Low Risk,No action required
531,Moon-Harper,Corporate,NGO/Charity,High,LB,0,0,0,0,0,0.0,23,108299.65,4708.680434782608,0,0,0,0,0,12,LB,0.0,Low,0,2,0.0021884139,Low Risk,No action required
532,Moreno-Sanders,Financial Institution,Casino/Gambling,High,US,0,0,0,0,0,0.0,22,147388.33000000002,6699.469545454546,1,0,0,2,0,11,US,2.0,Low,1,2,0.99803704,Critical,Compliance team intervention
533,Harris-Rodriguez,Individual,Consulting,Low,AE,0,0,0,0,0,0.0,19,48374.29,2546.015263157895,1,0,0,1,0,13,AE,2.0,Low,1,0,0.99857605,Critical,Compliance team intervention
534,Obrien Ltd,Individual,Casino/Gambling,High,RU,0,0,0,1,0,0.0,22,59093.04,2686.0472727272727,1,0,0,1,0,9,RU,4.0,Medium,1,2,0.99763286,Critical,Compliance team intervention
535,"Herring, Rasmussen and Villa",Individual,Defense/Arms,High,RU,0,0,0,1,1,0.0,16,26582.81,1661.425625,0,0,0,0,0,9,RU,3.5,Medium,0,2,0.006772724,Low Risk,No action required
536,"Walker, Li and Ramsey",NGO,Real Estate,Medium,US,0,0,0,0,0,0.0,32,72379.23,2261.8509375,0,0,0,2,0,14,US,0.0,Low,0,1,0.0023544647,Low Risk,No action required
537,"Powell, Palmer and Sanders",Financial Institution,Import/Export,Medium,AU,0,0,0,0,0,0.0,31,38668.36,1247.3664516129031,0,0,0,1,0,12,AU,0.0,Low,0,1,0.0023069803,Low Risk,No action required
538,"Kane, Harris and Wright",Corporate,Tech,Low,SG,0,0,0,0,0,0.5,26,54147.81,2082.6080769230766,0,0,0,1,0,12,SG,5.0,Medium,1,0,0.9961682,Critical,Compliance team intervention
539,Moore Inc,Corporate,Energy/Oil,High,CH,0,0,0,0,1,0.0,38,432252.79,11375.073421052632,1,0,0,3,0,14,CH,3.5,Medium,1,2,0.9980111,Critical,Compliance team intervention
540,"Nolan, Rodriguez and Ruiz",Individual,Tech,Low,AE,0,0,0,0,0,0.0,30,79226.42,2640.8806666666665,0,0,0,1,0,12,AE,0.0,Low,0,0,0.0025631934,Low Risk,No action required
541,"Wood, Sanchez and Anderson",Financial Institution,Retail,Low,KP,0,0,1,1,0,0.0,29,55458.04,1912.346206896552,0,0,0,3,0,12,KP,4.0,Medium,1,0,0.9888713,Critical,Compliance team intervention
542,Hernandez PLC,Financial Institution,Retail,Low,IR,0,0,1,1,0,0.0,23,50467.58,2194.242608695652,0,0,1,1,0,11,IR,5.5,High,1,0,0.9928046,Critical,Compliance team intervention
543,Powers Ltd,Individual,Import/Export,Medium,DE,0,0,0,0,0,0.0,23,57193.66,2486.680869565217,0,0,0,2,0,11,DE,0.0,Low,0,1,0.002716556,Low Risk,No action required
544,Wagner-Clark,Financial Institution,Defense/Arms,High,AE,0,0,0,0,1,0.0,21,121262.05,5774.383333333333,0,0,0,0,0,9,AE,1.5,Low,0,2,0.0033795212,Low Risk,No action required
545,Hancock-Kim,Individual,Defense/Arms,High,JP,0,0,0,0,1,0.0,27,203286.06,7529.113333333334,1,1,0,3,0,13,JP,3.5,Medium,1,2,0.9981041,Critical,Compliance team intervention
546,Graham Group,NGO,Financial Services,Medium,IN,0,0,0,0,1,0.0,30,64424.69,2147.489666666667,0,0,0,5,0,11,IN,1.5,Low,0,1,0.0026419857,Low Risk,No action required
547,Warren LLC,Corporate,Import/Export,Medium,UK,0,0,0,0,0,0.5,21,51864.08,2469.7180952380954,1,1,0,3,0,11,UK,7.0,High,1,1,0.9987198,Critical,Compliance team intervention
548,"Ibarra, Wheeler and Thomas",Corporate,Financial Services,Medium,LB,0,0,0,0,1,0.0,31,65689.69,2119.0222580645163,2,1,0,1,0,14,LB,5.5,High,1,1,0.9982829,Critical,Compliance team intervention
549,Sheppard PLC,NGO,Retail,Low,IN,0,0,0,0,0,0.5,22,37158.7,1689.0318181818182,0,0,0,0,0,9,IN,5.0,Medium,1,0,0.9925041,Critical,Compliance team intervention
550,Martin-Anderson,Corporate,Energy/Oil,High,CH,0,0,0,0,1,0.0,23,167680.43000000002,7290.453478260871,0,0,0,0,0,12,CH,1.5,Low,0,2,0.004232584,Low Risk,No action required
551,"Anderson, Hayes and Rhodes",Individual,Retail,Low,IN,0,0,0,0,0,0.0,19,30046.92,1581.4168421052632,1,0,0,2,0,14,IN,2.0,Low,1,0,0.99811304,Critical,Compliance team intervention
552,Kidd Ltd,NGO,Energy/Oil,High,KP,0,0,1,1,1,0.0,28,181669.37,6488.191785714285,0,0,0,3,0,11,KP,5.5,High,1,2,0.98966205,Critical,Compliance team intervention
553,Reynolds-Johnson,NGO,Crypto Exchange,High,IR,0,0,1,1,0,1.0,25,85949.99,3437.9996,0,0,0,1,0,12,IR,14.0,Critical,1,2,0.9975405,Critical,Compliance team intervention
554,Roman-Garza,Financial Institution,NGO/Charity,High,CN,0,0,0,0,0,0.0,21,176247.02000000002,8392.71523809524,0,0,0,1,0,11,CN,0.0,Low,0,2,0.0044247448,Low Risk,No action required
555,"Mcbride, Mitchell and Stephens",Corporate,Financial Services,Medium,SG,0,0,0,0,1,0.0,24,62834.82,2618.1175,1,1,1,3,0,11,SG,5.0,Medium,1,1,0.998064,Critical,Compliance team intervention
556,Joseph-Silva,Financial Institution,Casino/Gambling,High,IR,0,0,1,1,0,0.0,25,165135.65,6605.426,2,0,0,0,0,13,IR,8.0,High,1,2,0.9988814,Critical,Compliance team intervention
557,Nguyen Inc,Individual,Retail,Low,CA,0,0,0,0,0,0.0,27,51325.42,1900.941481481481,0,0,0,1,0,10,CA,0.0,Low,0,0,0.0019899749,Low Risk,No action required
558,Huynh LLC,Corporate,NGO/Charity,High,AU,1,0,0,0,0,0.0,23,117556.55,5111.154347826087,2,0,0,1,0,13,AU,7.0,High,1,2,0.9981812,Critical,Compliance team intervention
559,Rivera PLC,Financial Institution,NGO/Charity,High,SY,0,0,0,1,0,0.0,23,107045.22,4654.14,0,0,0,0,0,11,SY,2.0,Low,0,2,0.008717073,Low Risk,No action required
560,Griffith Ltd,Corporate,Retail,Low,AF,0,0,0,0,0,0.0,25,36675.63,1467.0251999999998,1,0,0,3,0,11,AF,2.0,Low,1,0,0.99708825,Critical,Compliance team intervention
561,"Ochoa, Carr and Miller",Individual,Tech,Low,KP,0,0,1,1,0,0.0,18,29418.95,1634.3861111111112,0,0,0,1,0,8,KP,4.0,Medium,1,0,0.9874479,Critical,Compliance team intervention
562,Miller-Williams,Financial Institution,NGO/Charity,High,SG,0,1,0,0,0,0.0,29,327951.8,11308.68275862069,23,8,0,0,0,8,SG,49.0,Critical,1,2,0.997456,Critical,Compliance team intervention
563,Brown-Watson,NGO,Crypto Exchange,High,RU,0,0,0,1,0,1.0,23,284214.73,12357.162173913042,0,0,1,1,0,12,RU,13.5,Critical,1,2,0.9972639,Critical,Compliance team intervention
564,Barrett LLC,Financial Institution,Casino/Gambling,High,US,0,0,0,0,0,0.0,21,159933.84999999998,7615.897619047618,0,0,0,3,0,13,US,0.0,Low,0,2,0.0058111567,Low Risk,No action required
565,"Weaver, Hale and Gibson",Financial Institution,NGO/Charity,High,AU,0,0,0,0,0,0.0,26,174129.54,6697.29,0,0,1,1,0,12,AU,1.5,Low,0,2,0.003850413,Low Risk,No action required
566,"Carr, Crawford and Carr",Corporate,Import/Export,Medium,CH,0,0,0,0,0,0.0,27,50372.84,1865.660740740741,0,0,0,4,0,13,CH,0.0,Low,0,1,0.0029671534,Low Risk,No action required
567,Morales-Ramirez,Individual,Energy/Oil,High,DE,0,0,0,0,1,0.0,21,48450.5,2307.1666666666665,0,0,0,1,0,9,DE,1.5,Low,0,2,0.0014763493,Low Risk,No action required
568,Wilson-Holmes,NGO,Consulting,Low,SD,0,0,0,1,0,0.0,31,83494.55,2693.372580645161,0,0,0,1,0,12,SD,2.0,Low,0,0,0.0069748377,Low Risk,No action required
569,Mitchell LLC,NGO,Defense/Arms,High,SY,0,1,0,1,1,0.0,28,153616.9,5486.317857142857,18,8,0,0,0,8,SY,42.5,Critical,1,2,0.99750227,Critical,Compliance team intervention
570,"Anderson, Smith and Kim",Individual,Retail,Low,SG,0,0,0,0,0,0.0,26,47290.77,1818.8757692307693,0,0,0,0,0,11,SG,0.0,Low,0,0,0.002216262,Low Risk,No action required
571,"Rush, Hernandez and Watkins",Financial Institution,Crypto Exchange,High,UK,0,0,0,0,0,0.0,25,241836.23,9673.4492,0,0,2,0,0,10,UK,3.0,Medium,0,2,0.0040332284,Low Risk,No action required
572,"Ward, Bradford and Brown",Financial Institution,Consulting,Low,RU,0,0,0,1,0,0.0,23,48348.490000000005,2102.1082608695656,0,0,1,0,0,10,RU,3.5,Medium,0,0,0.005655158,Low Risk,No action required
573,"Alvarez, Long and Alvarado",Individual,Import/Export,Medium,FR,0,0,0,0,0,0.0,22,44627.4,2028.5181818181816,0,0,0,0,0,12,FR,0.0,Low,0,1,0.0021464997,Low Risk,No action required
574,Dalton-Sellers,NGO,Consulting,Low,AU,0,0,0,0,0,0.0,22,44075.39,2003.426818181818,0,0,0,1,0,9,AU,0.0,Low,0,0,0.0018850232,Low Risk,No action required
575,"Schmidt, Fisher and Hines",Corporate,Defense/Arms,High,AE,0,0,0,0,1,0.0,24,87720.58,3655.0241666666666,1,1,1,1,0,13,AE,5.0,Medium,1,2,0.9986436,Critical,Compliance team intervention
576,"Todd, Baker and Jones",Individual,Defense/Arms,High,AU,0,0,0,0,1,0.0,36,205145.38,5698.482777777778,0,0,1,1,0,13,AU,3.0,Medium,0,2,0.0031461378,Low Risk,No action required
577,"Gray, Gillespie and Garrett",Financial Institution,Retail,Low,NL,0,0,0,0,0,0.0,22,53124.33,2414.742272727273,0,0,0,2,0,12,NL,0.0,Low,0,0,0.0025340563,Low Risk,No action required
578,"George, Lopez and Rodriguez",Individual,Energy/Oil,High,FR,0,0,0,0,1,0.0,26,177833.27,6839.741153846154,0,0,0,2,0,11,FR,1.5,Low,0,2,0.0035280436,Low Risk,No action required
579,Miller Inc,Corporate,Defense/Arms,High,AU,0,0,0,0,1,0.0,27,112914.14,4182.005185185185,0,0,0,3,0,13,AU,1.5,Low,0,2,0.0026654722,Low Risk,No action required
580,Curry-Hatfield,Financial Institution,Financial Services,Medium,SD,0,0,0,1,1,0.0,14,19429.58,1387.8271428571427,0,0,0,0,0,10,SD,3.5,Medium,0,1,0.004253761,Low Risk,No action required
581,Smith Inc,Financial Institution,NGO/Charity,High,NL,0,0,0,0,0,0.0,23,138121.76,6005.293913043479,1,0,0,1,0,12,NL,2.0,Low,1,2,0.99784315,Critical,Compliance team intervention
582,"Chen, Romero and Kim",NGO,Consulting,Low,AF,0,0,0,0,0,0.0,38,81565.63,2146.463947368421,1,0,0,2,0,14,AF,2.0,Low,1,0,0.9982768,Critical,Compliance team intervention
583,"Smith, Powers and Coleman",NGO,Financial Services,Medium,KP,0,0,1,1,1,1.0,27,53802.9,1992.7,0,0,0,1,0,12,KP,15.5,Critical,1,1,0.99649954,Critical,Compliance team intervention
584,"Dawson, Smith and White",Individual,Import/Export,Medium,SG,0,0,0,0,0,0.0,30,80982.89,2699.4296666666664,0,0,0,0,0,11,SG,0.0,Low,0,1,0.0024392598,Low Risk,No action required
585,George and Sons,Corporate,Import/Export,Medium,JP,0,1,0,0,0,0.0,30,245487.92,8182.930666666667,21,9,0,0,1,8,JP,45.0,Critical,1,1,0.9996094,Critical,Compliance team intervention
586,"Reid, Sims and Smith",NGO,Tech,Low,LB,0,0,0,0,0,0.0,18,42422.12,2356.7844444444445,0,0,1,1,0,8,LB,1.5,Low,0,0,0.002471077,Low Risk,No action required
587,Stafford-Steele,Corporate,Crypto Exchange,High,CA,0,0,0,0,0,1.0,24,126191.71,5257.987916666666,0,0,0,2,0,12,CA,10.0,High,1,2,0.9951899,Critical,Compliance team intervention
588,"White, Winters and Garrett",Financial Institution,Retail,Low,AF,0,0,0,0,0,0.0,13,29433.43,2264.11,0,0,0,1,0,9,AF,0.0,Low,0,0,0.0018984211,Low Risk,No action required
589,"Gould, Cruz and Hodge",Financial Institution,Casino/Gambling,High,UK,0,0,0,0,0,0.0,35,211079.34,6030.838285714286,0,0,0,1,0,13,UK,0.0,Low,0,2,0.004025838,Low Risk,No action required
590,Monroe Inc,Individual,Tech,Low,SD,0,0,0,1,0,0.0,18,29428.07,1634.8927777777778,0,0,0,1,0,9,SD,2.0,Low,0,0,0.004484679,Low Risk,No action required
591,Hendrix Inc,Financial Institution,NGO/Charity,High,SG,0,0,0,0,0,0.0,27,98808.37,3659.569259259259,0,0,0,1,0,13,SG,0.0,Low,0,2,0.0032041827,Low Risk,No action required
592,Sherman-Lewis,Corporate,Consulting,Low,IR,0,0,1,1,0,0.0,16,16691.31,1043.206875,1,0,0,0,0,10,IR,6.0,High,1,0,0.9973616,Critical,Compliance team intervention
593,Schwartz LLC,Financial Institution,Real Estate,Medium,CH,0,0,0,0,0,0.0,19,25942.43,1365.391052631579,0,0,0,3,0,12,CH,0.0,Low,0,1,0.0020682684,Low Risk,No action required
594,"Foster, Thompson and Brown",NGO,Energy/Oil,High,CN,0,0,0,0,1,0.0,27,164922.76,6108.250370370371,0,0,0,3,0,13,CN,1.5,Low,0,2,0.0039959583,Low Risk,No action required
595,Morton-Moore,Financial Institution,Financial Services,Medium,DE,0,0,0,0,1,0.0,21,25381.7,1208.652380952381,1,0,0,0,0,12,DE,3.5,Medium,1,1,0.9973507,Critical,Compliance team intervention
596,Palmer Ltd,Corporate,Tech,Low,AF,0,0,0,0,0,0.5,26,34772.06,1337.386923076923,0,0,0,2,0,11,AF,5.0,Medium,1,0,0.9942846,Critical,Compliance team intervention
597,Brown LLC,Corporate,Retail,Low,AU,0,0,0,0,0,1.0,24,35761.78,1490.0741666666663,0,0,0,3,0,11,AU,10.0,High,1,0,0.9929234,Critical,Compliance team intervention
598,Kaiser LLC,Corporate,Real Estate,Medium,KP,0,0,1,1,0,0.5,35,69001.32,1971.466285714286,1,0,0,0,0,15,KP,11.0,Critical,1,1,0.9991059,Critical,Compliance team intervention
599,Roberts-Lee,Corporate,Defense/Arms,High,FR,0,0,0,0,1,0.0,21,84975.76000000001,4046.4647619047614,0,0,0,1,0,10,FR,1.5,Low,0,2,0.0032556774,Low Risk,No action required
600,"Greer, Stone and Garcia",Individual,Import/Export,Medium,UK,0,0,0,0,0,0.0,29,74914.06,2583.243448275862,0,0,0,1,0,11,UK,0.0,Low,0,1,0.0026793722,Low Risk,No action required
601,Johnson-Morris,NGO,Defense/Arms,High,CH,0,0,0,0,1,1.0,13,96600.1,7430.776923076924,0,0,0,1,0,8,CH,11.5,Critical,1,2,0.99534947,Critical,Compliance team intervention
602,Johnson-Brady,Financial Institution,Retail,Low,SY,0,0,0,1,0,0.0,32,60363.03,1886.3446875,0,0,0,2,0,13,SY,2.0,Low,0,0,0.0063847867,Low Risk,No action required
603,"Klein, Brown and Myers",NGO,Consulting,Low,LB,0,0,0,0,0,0.0,32,77837.56,2432.42375,0,0,1,1,0,12,LB,1.5,Low,0,0,0.0027686052,Low Risk,No action required
604,"Parker, Johnson and Welch",Corporate,Consulting,Low,CA,0,0,0,0,0,0.0,27,32989.28,1221.825185185185,0,0,0,0,0,13,CA,0.0,Low,0,0,0.0029380803,Low Risk,No action required
605,"Howard, Morgan and Stafford",Financial Institution,Import/Export,Medium,CA,0,0,0,0,0,0.0,31,67641.5,2181.983870967742,2,0,0,3,0,14,CA,4.0,Medium,1,1,0.9982014,Critical,Compliance team intervention
606,"Griffin, Davis and Davis",Financial Institution,NGO/Charity,High,CH,1,0,0,0,0,0.0,23,170998.85,7434.732608695653,0,0,0,0,0,10,CH,3.0,Medium,1,2,0.98042864,Critical,Compliance team intervention
607,"Jordan, Flores and Ross",Individual,Defense/Arms,High,SY,0,0,0,1,1,0.0,28,251717.68,8989.917142857143,0,0,0,3,0,12,SY,3.5,Medium,0,2,0.0069301073,Low Risk,No action required
608,Reed-Jensen,NGO,NGO/Charity,High,JP,0,0,0,0,0,0.0,20,249415.23,12470.7615,1,0,0,1,0,12,JP,2.0,Low,1,2,0.998237,Critical,Compliance team intervention
609,"Hendrix, Thomas and Fitzpatrick",Financial Institution,Retail,Low,CN,0,0,0,0,0,0.0,26,43709.61,1681.138846153846,0,0,0,1,0,12,CN,0.0,Low,0,0,0.002787367,Low Risk,No action required
610,"Goodman, Barnett and Taylor",NGO,Consulting,Low,SD,1,0,0,1,0,0.0,27,209980.15,7777.042592592592,0,0,0,0,0,12,SD,5.0,Medium,1,0,0.9972295,Critical,Compliance team intervention
611,"Ruiz, Schneider and Floyd",Corporate,Retail,Low,KP,0,0,1,1,0,0.0,15,35637.72,2375.848,1,0,0,1,0,9,KP,6.0,High,1,0,0.9982881,Critical,Compliance team intervention
612,Adams-Howard,NGO,Financial Services,Medium,NL,0,0,0,0,1,0.0,23,55277.45,2403.367391304348,1,0,0,0,0,12,NL,3.5,Medium,1,1,0.9979361,Critical,Compliance team intervention
613,Clark-Mendoza,Financial Institution,Financial Services,Medium,AE,0,0,0,0,1,0.0,27,51299.11,1899.967037037037,0,0,0,1,0,9,AE,1.5,Low,0,1,0.0020698858,Low Risk,No action required
614,Hernandez-Hughes,Individual,Import/Export,Medium,FR,0,0,0,0,0,0.0,17,20881.34,1228.3141176470588,0,0,0,1,0,10,FR,0.0,Low,0,1,0.0018244105,Low Risk,No action required
615,"Kelly, Fox and Powers",Individual,Import/Export,Medium,AE,0,0,0,0,0,0.0,25,53576.15,2143.0460000000003,0,0,1,0,0,10,AE,1.5,Low,0,1,0.0029860993,Low Risk,No action required
616,"Edwards, Smith and Lewis",Individual,Retail,Low,NL,0,0,0,0,0,0.0,24,49265.36,2052.7233333333334,0,0,0,1,0,12,NL,0.0,Low,0,0,0.0025859172,Low Risk,No action required
617,Harris Ltd,NGO,NGO/Charity,High,US,0,0,0,0,0,0.0,24,167664.8,6986.033333333333,2,0,0,2,0,13,US,4.0,Medium,1,2,0.9985669,Critical,Compliance team intervention
618,Alvarez-Hill,Corporate,Energy/Oil,High,NL,0,0,0,0,1,0.0,28,131283.92,4688.711428571429,0,0,0,1,0,13,NL,1.5,Low,0,2,0.0020231004,Low Risk,No action required
619,Johnson Inc,Financial Institution,Import/Export,Medium,KP,0,0,1,1,0,0.0,21,49705.17,2366.912857142857,0,0,0,0,0,8,KP,4.0,Medium,1,1,0.9909992,Critical,Compliance team intervention
620,Hubbard and Sons,NGO,Energy/Oil,High,LB,0,0,0,0,1,0.5,26,227675.03,8756.731923076923,2,0,0,2,0,13,LB,10.5,Critical,1,2,0.99880505,Critical,Compliance team intervention
621,"Marshall, Harris and Dunn",Corporate,NGO/Charity,High,SD,0,0,0,1,0,0.5,25,233913.87,9356.5548,0,0,0,1,0,11,SD,7.0,High,1,2,0.9971054,Critical,Compliance team intervention
622,Campbell-Wu,Financial Institution,Energy/Oil,High,US,0,0,0,0,1,0.0,23,279810.02,12165.653043478262,2,1,0,0,0,12,US,5.5,High,1,2,0.9980952,Critical,Compliance team intervention
623,Ramos Inc,Corporate,Defense/Arms,High,KP,0,0,1,1,1,0.0,27,254799.91,9437.033703703704,0,0,0,2,0,11,KP,5.5,High,1,2,0.990017,Critical,Compliance team intervention
624,Thomas and Sons,Corporate,Energy/Oil,High,CH,0,0,0,0,1,0.0,25,120378.98,4815.1592,1,1,0,3,0,14,CH,3.5,Medium,1,2,0.9980153,Critical,Compliance team intervention
625,Cook Group,Corporate,Real Estate,Medium,RU,0,0,0,1,0,0.0,20,45740.55,2287.0275,0,0,0,0,0,9,RU,2.0,Low,0,1,0.004766103,Low Risk,No action required
626,Smith-Santos,Individual,Energy/Oil,High,SD,0,0,0,1,1,0.0,12,81939.58,6828.298333333333,2,1,1,1,0,10,SD,9.0,High,1,2,0.99826765,Critical,Compliance team intervention
627,Baker and Sons,Corporate,Consulting,Low,NL,0,0,0,0,0,0.0,32,56610.62,1769.081875,1,0,0,3,0,14,NL,2.0,Low,1,0,0.9979831,Critical,Compliance team intervention
628,Jackson-Cunningham,NGO,Tech,Low,US,0,0,0,0,0,0.0,20,54976.46,2748.823,0,0,0,2,0,11,US,0.0,Low,0,0,0.0023077752,Low Risk,No action required
629,Harris-Gray,Financial Institution,Real Estate,Medium,AE,0,0,0,0,0,0.0,16,45796.78,2862.29875,0,0,0,0,0,10,AE,0.0,Low,0,1,0.003714135,Low Risk,No action required
630,Thomas Ltd,Individual,Tech,Low,CH,0,0,0,0,0,0.0,26,58573.08,2252.810769230769,0,0,1,1,0,12,CH,1.5,Low,0,0,0.0028799868,Low Risk,No action required
631,"Schmitt, Jones and Mathews",Individual,Real Estate,Medium,AF,0,0,0,0,0,0.0,28,48805.94,1743.0692857142858,0,0,0,1,0,12,AF,0.0,Low,0,1,0.0023795995,Low Risk,No action required
632,Bailey-Myers,NGO,Real Estate,Medium,VE,0,0,0,1,0,0.0,27,45192.09,1673.781111111111,0,0,0,2,0,12,VE,2.0,Low,0,1,0.0052652485,Low Risk,No action required
633,"Humphrey, Cohen and Carter",Financial Institution,Defense/Arms,High,NL,0,0,0,0,1,0.0,17,61702.78,3629.575294117647,2,0,1,1,0,12,NL,7.0,High,1,2,0.9982791,Critical,Compliance team intervention
634,"Reed, Butler and Burns",Financial Institution,Crypto Exchange,High,LB,1,0,0,0,0,0.0,19,164170.02,8640.527368421052,0,0,0,2,0,10,LB,3.0,Medium,1,2,0.9811621,Critical,Compliance team intervention
635,Fritz-Myers,NGO,Tech,Low,SD,0,0,0,1,0,0.0,26,53686.78,2064.876153846154,0,0,0,0,0,11,SD,2.0,Low,0,0,0.0068785343,Low Risk,No action required
636,Peterson-Moore,Financial Institution,Defense/Arms,High,RU,0,0,0,1,1,0.0,25,202916.72,8116.6688,1,0,1,0,0,12,RU,7.0,High,1,2,0.9985071,Critical,Compliance team intervention
637,Ingram Ltd,Corporate,Consulting,Low,US,0,0,0,0,0,0.5,20,30946.65,1547.3325,1,0,0,1,0,12,US,7.0,High,1,0,0.9984315,Critical,Compliance team intervention
638,"Pace, Wagner and Bowman",Corporate,Energy/Oil,High,LB,0,0,0,0,1,0.0,24,267606.24,11150.26,0,0,0,0,0,10,LB,1.5,Low,0,2,0.003971734,Low Risk,No action required
639,"Craig, Livingston and Pena",NGO,Financial Services,Medium,LB,0,0,0,0,1,0.0,26,56962.79,2190.8765384615385,0,0,0,2,0,11,LB,1.5,Low,0,1,0.0031058963,Low Risk,No action required
640,Bradford Inc,NGO,Import/Export,Medium,NL,0,0,0,0,0,0.0,17,30383.52,1787.2658823529412,0,0,0,2,0,8,NL,0.0,Low,0,1,0.0016150146,Low Risk,No action required
641,Yang Inc,Financial Institution,Retail,Low,AU,0,0,0,0,0,0.0,21,35168.86,1674.7076190476191,0,0,0,1,0,10,AU,0.0,Low,0,0,0.0017336675,Low Risk,No action required
642,Klein and Sons,Corporate,Real Estate,Medium,RU,0,0,0,1,0,0.5,16,23246.7,1452.9187499999998,1,1,0,0,0,10,RU,9.0,High,1,1,0.9981324,Critical,Compliance team intervention
643,"Burgess, Wallace and Griffin",NGO,Crypto Exchange,High,FR,0,0,0,0,0,0.0,29,77991.35,2689.3568965517243,0,0,0,2,0,12,FR,0.0,Low,0,2,0.0010109715,Low Risk,No action required
644,Kramer LLC,NGO,Defense/Arms,High,CA,0,0,0,0,1,0.0,36,226971.46,6304.762777777778,0,0,0,1,0,12,CA,1.5,Low,0,2,0.0030269355,Low Risk,No action required
645,"Jones, Vega and Williams",NGO,Defense/Arms,High,CH,0,0,0,0,1,0.0,22,105903.98,4813.817272727272,1,1,0,1,0,11,CH,3.5,Medium,1,2,0.9975775,Critical,Compliance team intervention
646,Avila-Brock,Corporate,Retail,Low,KP,0,0,1,1,0,0.0,27,69942.45,2590.461111111111,1,0,1,1,0,11,KP,7.5,High,1,0,0.9984856,Critical,Compliance team intervention
647,Fitzgerald-Garner,Corporate,Casino/Gambling,High,RU,0,0,0,1,0,0.0,29,60256.61,2077.8141379310346,0,0,0,1,0,11,RU,2.0,Low,0,2,0.00524174,Low Risk,No action required
648,Martin-Barrett,Financial Institution,NGO/Charity,High,AE,0,0,0,0,0,0.0,29,360036.13,12415.038965517242,1,0,1,2,0,12,AE,3.5,Medium,1,2,0.9975737,Critical,Compliance team intervention
649,Hicks and Sons,Individual,Crypto Exchange,High,DE,0,0,0,0,0,0.0,22,138456.69,6293.485909090909,1,0,1,1,0,13,DE,3.5,Medium,1,2,0.99855405,Critical,Compliance team intervention
650,"Scott, Peterson and Maxwell",Financial Institution,NGO/Charity,High,SD,0,0,0,1,0,0.0,28,256454.93,9159.104642857144,1,0,0,0,0,14,SD,4.0,Medium,1,2,0.99855787,Critical,Compliance team intervention
651,Warner-Gonzalez,Corporate,Consulting,Low,SY,0,0,0,1,0,0.0,21,40113.33,1910.158571428572,0,0,0,0,0,11,SY,2.0,Low,0,0,0.0044733207,Low Risk,No action required
652,Lawrence-Garcia,Individual,NGO/Charity,High,IR,0,0,1,1,0,0.0,32,324586.54000000004,10143.329375,0,0,0,0,0,11,IR,4.0,Medium,1,2,0.9899233,Critical,Compliance team intervention
653,Jarvis LLC,NGO,NGO/Charity,High,NL,0,0,0,0,0,0.0,14,61241.48,4374.391428571429,0,0,0,1,0,9,NL,0.0,Low,0,2,0.0033807084,Low Risk,No action required
654,"Mckay, Wheeler and Ellis",Corporate,Import/Export,Medium,CA,1,0,0,0,0,0.0,27,139765.92,5176.515555555556,0,0,0,2,0,12,CA,3.0,Medium,1,1,0.99388134,Critical,Compliance team intervention
655,Mccoy Group,Corporate,Crypto Exchange,High,AU,0,0,0,0,0,0.5,29,169649.8,5849.993103448275,0,0,0,1,0,12,AU,5.0,Medium,1,2,0.9940116,Critical,Compliance team intervention
656,"Mcbride, Solomon and Lane",Corporate,Energy/Oil,High,AU,0,0,0,0,1,0.5,28,281810.85,10064.673214285713,1,1,1,2,0,13,AU,10.0,High,1,2,0.9986369,Critical,Compliance team intervention
657,Osborn-Webb,Corporate,NGO/Charity,High,CN,0,0,0,0,0,0.0,27,195739.41,7249.607777777778,1,0,0,3,0,14,CN,2.0,Low,1,2,0.99810237,Critical,Compliance team intervention
658,Mendoza-Parrish,NGO,Import/Export,Medium,IR,0,0,1,1,0,0.0,27,55140.14,2042.2274074074076,0,0,0,0,0,13,IR,4.0,Medium,1,1,0.99211746,Critical,Compliance team intervention
659,"Logan, Gregory and Decker",Financial Institution,Real Estate,Medium,SG,0,0,0,0,0,0.0,33,79989.7,2423.930303030303,1,1,0,2,0,12,SG,2.0,Low,1,1,0.9976701,Critical,Compliance team intervention
660,White Inc,Financial Institution,Tech,Low,CN,0,0,0,0,0,0.0,14,22973.06,1640.9328571428573,0,0,0,1,0,10,CN,0.0,Low,0,0,0.0017539598,Low Risk,No action required
661,"Norton, Austin and Gardner",Corporate,Retail,Low,CH,0,1,0,0,0,0.0,23,165530.24,7196.966956521739,17,1,1,1,0,7,CH,38.5,Critical,1,0,0.9995603,Critical,Compliance team intervention
662,"Smith, Rivera and Nguyen",Financial Institution,Financial Services,Medium,AU,0,0,0,0,1,0.0,28,40322.87,1440.1025000000002,0,0,0,3,0,12,AU,1.5,Low,0,1,0.0021066163,Low Risk,No action required
663,Graham-Shea,Corporate,Casino/Gambling,High,SD,0,0,0,1,0,0.0,24,102586.03,4274.417916666666,1,1,0,3,0,12,SD,4.0,Medium,1,2,0.99842334,Critical,Compliance team intervention
664,Daniels and Sons,Corporate,Consulting,Low,CH,0,0,0,0,0,0.5,20,31080.45,1554.0225,0,0,0,1,0,11,CH,5.0,Medium,1,0,0.9936673,Critical,Compliance team intervention
665,"Lopez, Bell and Spears",Financial Institution,Energy/Oil,High,LB,1,1,0,0,1,0.0,29,174198.46,6006.843448275862,21,11,0,2,0,8,LB,49.5,Critical,1,2,0.9970788,Critical,Compliance team intervention
666,Williams Inc,NGO,Defense/Arms,High,SY,0,0,0,1,1,0.0,20,123926.38,6196.319,0,0,0,1,0,11,SY,3.5,Medium,0,2,0.0070040934,Low Risk,No action required
667,Miller-Barber,Individual,Defense/Arms,High,US,0,0,0,0,1,0.0,18,114676.47,6370.915,0,0,0,0,0,9,US,1.5,Low,0,2,0.0038621638,Low Risk,No action required
668,"Landry, Gomez and Moreno",Financial Institution,Import/Export,Medium,IR,0,0,1,1,0,0.0,26,40750.38,1567.3223076923075,0,0,1,7,0,13,IR,5.5,High,1,1,0.99378765,Critical,Compliance team intervention
669,Mendez-Baker,NGO,Defense/Arms,High,SG,0,0,0,0,1,0.0,20,73695.02,3684.751,1,0,1,0,0,11,SG,5.0,Medium,1,2,0.9982408,Critical,Compliance team intervention
670,Calhoun-Mitchell,Individual,Energy/Oil,High,CN,0,0,0,0,1,0.0,22,240237.19,10919.872272727273,0,0,0,3,0,10,CN,1.5,Low,0,2,0.0038481385,Low Risk,No action required
671,"Rodriguez, Coleman and Mckee",Financial Institution,Real Estate,Medium,VE,0,0,0,1,0,0.0,31,59681.64,1925.2141935483871,1,1,0,3,0,14,VE,4.0,Medium,1,1,0.99837744,Critical,Compliance team intervention
672,Martinez and Sons,Financial Institution,Tech,Low,FR,0,0,0,0,0,0.0,34,80058.22,2354.653529411765,0,0,0,1,0,12,FR,0.0,Low,0,0,0.0025206232,Low Risk,No action required
673,Bell-Turner,NGO,Casino/Gambling,High,US,0,0,0,0,0,0.5,28,112246.67,4008.809642857143,0,0,1,4,0,12,US,6.5,High,1,2,0.99393433,Critical,Compliance team intervention
674,Sparks-Gray,Corporate,Casino/Gambling,High,CH,0,0,0,0,0,0.0,29,180381.76,6220.060689655173,1,0,0,3,0,12,CH,2.0,Low,1,2,0.9972658,Critical,Compliance team intervention
675,Lester-Peterson,Financial Institution,Crypto Exchange,High,AE,0,0,0,0,0,0.0,26,215419.04,8285.347692307692,1,1,0,3,0,14,AE,2.0,Low,1,2,0.9984189,Critical,Compliance team intervention
676,"White, Santos and Arroyo",Individual,NGO/Charity,High,IR,0,0,1,1,0,0.0,30,159346.99,5311.566333333333,0,0,0,2,0,13,IR,4.0,Medium,1,2,0.99133587,Critical,Compliance team intervention
677,Hayes and Sons,Individual,Energy/Oil,High,AF,0,0,0,0,1,0.0,27,377764.32,13991.271111111111,0,0,0,1,0,11,AF,1.5,Low,0,2,0.0031811194,Low Risk,No action required
678,Robinson Inc,Corporate,Consulting,Low,CH,0,0,0,0,0,0.0,22,31439.53,1429.0695454545455,0,0,0,4,0,12,CH,0.0,Low,0,0,0.0020374418,Low Risk,No action required
679,Cunningham-Johnson,NGO,Crypto Exchange,High,VE,0,0,0,1,0,0.0,20,147486.6,7374.33,0,0,0,0,0,11,VE,2.0,Low,0,2,0.009443053,Low Risk,No action required
680,"Garrett, Esparza and Reed",Individual,Retail,Low,NL,0,0,0,0,0,0.0,28,61029.130000000005,2179.611785714286,0,0,1,1,0,12,NL,1.5,Low,0,0,0.004122404,Low Risk,No action required
681,Baker-Parsons,Individual,Energy/Oil,High,NL,0,0,0,0,1,0.0,27,374077.86,13854.735555555557,0,0,0,1,0,14,NL,1.5,Low,0,2,0.004422823,Low Risk,No action required
682,"Frazier, Johnson and Moreno",Corporate,Real Estate,Medium,AF,0,0,0,0,0,0.0,28,63668.26,2273.8664285714285,0,0,0,2,0,12,AF,0.0,Low,0,1,0.0020127574,Low Risk,No action required
683,Phillips Group,NGO,Retail,Low,VE,0,0,0,1,0,1.0,18,24745.13,1374.7294444444444,0,0,0,1,0,13,VE,12.0,Critical,1,0,0.9973864,Critical,Compliance team intervention
684,"Gray, Castaneda and Park",Corporate,NGO/Charity,High,RU,0,0,0,1,0,0.0,23,148210.56,6443.937391304347,0,0,0,0,0,12,RU,2.0,Low,0,2,0.009294544,Low Risk,No action required
685,Reynolds-Moss,Financial Institution,Tech,Low,SD,0,0,0,1,0,0.0,27,47700.67,1766.691481481481,0,0,0,0,0,12,SD,2.0,Low,0,0,0.0053796107,Low Risk,No action required
686,"Glover, Walker and Arellano",NGO,Real Estate,Medium,NL,0,0,0,0,0,0.0,27,49321.91,1826.7374074074075,0,0,0,2,0,11,NL,0.0,Low,0,1,0.0018368504,Low Risk,No action required
687,Boyd PLC,Individual,Tech,Low,NL,0,0,0,0,0,0.0,20,46231.13,2311.5565,0,0,0,1,0,10,NL,0.0,Low,0,0,0.0018984211,Low Risk,No action required
688,"Price, Kennedy and Cox",Individual,Financial Services,Medium,DE,0,0,0,0,1,0.0,22,43146.9,1961.2227272727275,0,0,0,2,0,10,DE,1.5,Low,0,1,0.002131582,Low Risk,No action required
689,Cain-Miller,Financial Institution,Energy/Oil,High,VE,0,0,0,1,1,0.0,29,271964.64,9378.09103448276,0,0,0,3,0,12,VE,3.5,Medium,0,2,0.0069301073,Low Risk,No action required
690,Griffin and Sons,NGO,Consulting,Low,UK,0,0,0,0,0,0.0,28,65073.82,2324.065,2,1,0,3,0,13,UK,4.0,Medium,1,0,0.9975516,Critical,Compliance team intervention
691,"Hernandez, Sheppard and Savage",NGO,Consulting,Low,IR,0,0,1,1,0,0.0,22,39913.98,1814.271818181818,0,0,0,1,0,10,IR,4.0,Medium,1,0,0.98774683,Critical,Compliance team intervention
692,Mendoza and Sons,Individual,Defense/Arms,High,CN,0,0,0,0,1,0.0,23,147115.58,6396.329565217391,0,0,0,1,0,10,CN,1.5,Low,0,2,0.0037151957,Low Risk,No action required
693,Dean LLC,Financial Institution,Energy/Oil,High,IR,0,0,1,1,1,0.0,23,183128.23,7962.096956521738,0,0,2,1,0,11,IR,8.5,High,1,2,0.99267817,Critical,Compliance team intervention
694,"Davenport, Williams and Smith",NGO,Financial Services,Medium,NL,0,0,0,0,1,0.0,22,50649.85,2302.265909090909,1,1,0,0,0,12,NL,3.5,Medium,1,1,0.9976279,Critical,Compliance team intervention
695,Richardson and Sons,Corporate,Tech,Low,LB,0,0,0,0,0,0.0,26,47971.380000000005,1845.053076923077,1,1,0,1,0,13,LB,2.0,Low,1,0,0.9985796,Critical,Compliance team intervention
696,Jones PLC,Corporate,Real Estate,Medium,SD,0,0,0,1,0,0.0,20,35907.16,1795.3580000000002,0,0,0,0,0,11,SD,2.0,Low,0,1,0.004706786,Low Risk,No action required
697,"Gonzalez, Hampton and Aguilar",Individual,Defense/Arms,High,SG,0,0,0,0,1,0.0,23,63942.69,2780.116956521739,0,0,0,1,0,12,SG,1.5,Low,0,2,0.0016495608,Low Risk,No action required
698,"Hess, Jenkins and Anderson",Financial Institution,Defense/Arms,High,SD,0,0,0,1,1,0.0,20,279838.3,13991.915,0,0,0,3,0,11,SD,3.5,Medium,0,2,0.009089241,Low Risk,No action required
699,Dawson-Young,Corporate,NGO/Charity,High,LB,0,0,0,0,0,0.0,39,152206.85,3902.739743589744,0,0,1,3,0,12,LB,1.5,Low,0,2,0.0022635316,Low Risk,No action required
700,Nelson Group,Financial Institution,Retail,Low,US,0,0,0,0,0,0.0,26,56219.24,2162.2784615384617,0,0,0,2,0,13,US,0.0,Low,0,0,0.0050078724,Low Risk,No action required
701,"Mcmillan, Snyder and Myers",NGO,Real Estate,Medium,CH,0,0,0,0,0,0.5,22,50992.9,2317.859090909091,1,0,0,2,0,13,CH,7.0,High,1,1,0.9987431,Critical,Compliance team intervention
702,"Martin, Taylor and Martin",NGO,NGO/Charity,High,IN,0,0,0,0,0,0.5,27,96819.38,3585.902962962963,0,0,1,2,0,11,IN,6.5,High,1,2,0.99440694,Critical,Compliance team intervention
703,Harrison-Anthony,NGO,Defense/Arms,High,SD,0,0,0,1,1,0.5,30,277796.06,9259.868666666667,0,0,0,0,0,13,SD,8.5,High,1,2,0.99697125,Critical,Compliance team intervention
704,Miller-Smith,Financial Institution,Retail,Low,LB,0,0,0,0,0,0.0,22,44429.02,2019.5009090909089,0,0,0,1,0,11,LB,0.0,Low,0,0,0.002086307,Low Risk,No action required
705,"Perez, Perez and Whitehead",Individual,Financial Services,Medium,AF,0,0,0,0,1,0.0,27,54609.08,2022.558518518519,1,1,0,0,0,13,AF,3.5,Medium,1,1,0.99814403,Critical,Compliance team intervention
706,Dillon Inc,Corporate,Import/Export,Medium,UK,0,0,0,0,0,0.0,25,50194.48,2007.7792,1,0,0,3,0,11,UK,2.0,Low,1,1,0.9973309,Critical,Compliance team intervention
707,Johnson-Diaz,NGO,NGO/Charity,High,SY,0,0,0,1,0,0.0,21,234532.21,11168.200476190475,1,0,0,1,0,13,SY,4.0,Medium,1,2,0.9988605,Critical,Compliance team intervention
708,Powell-Clark,Corporate,Energy/Oil,High,CN,0,0,0,0,1,1.0,23,146792.18,6382.268695652174,1,1,0,1,0,13,CN,13.5,Critical,1,2,0.9988714,Critical,Compliance team intervention
709,Roth PLC,Financial Institution,Energy/Oil,High,VE,1,0,0,1,1,0.0,18,203694.64,11316.368888888888,2,0,0,0,0,12,VE,10.5,Critical,1,2,0.99855167,Critical,Compliance team intervention
710,Walter and Sons,Financial Institution,Casino/Gambling,High,AF,0,0,0,0,0,0.0,23,412080.43,17916.540434782608,0,0,1,1,0,13,AF,1.5,Low,0,2,0.0059279944,Low Risk,No action required
711,Allen Group,NGO,Financial Services,Medium,AU,1,0,0,0,1,1.0,25,66471.12,2658.8448,2,1,1,0,0,13,AU,20.0,Critical,1,1,0.9991026,Critical,Compliance team intervention
712,Fuentes Ltd,Individual,Financial Services,Medium,AE,0,0,0,0,1,0.0,17,36309.29,2135.840588235294,0,0,0,0,0,9,AE,1.5,Low,0,1,0.0024513786,Low Risk,No action required
713,Baker-Bryant,NGO,Energy/Oil,High,IR,0,0,1,1,1,0.0,33,346139.48,10489.075151515151,0,0,0,3,0,13,IR,5.5,High,1,2,0.99264103,Critical,Compliance team intervention
714,Gallegos and Sons,NGO,Import/Export,Medium,FR,0,1,0,0,0,0.0,25,62689.13,2507.5652,21,5,0,2,0,8,FR,45.0,Critical,1,1,0.9978058,Critical,Compliance team intervention
715,Guzman Inc,Corporate,Real Estate,Medium,FR,0,0,0,0,0,0.5,27,46043.46,1705.3133333333333,0,0,0,0,0,12,FR,5.0,Medium,1,1,0.9943316,Critical,Compliance team intervention
716,Torres-Hernandez,NGO,Defense/Arms,High,IR,0,0,1,1,1,0.0,21,172379.46,8208.545714285714,0,0,0,1,0,9,IR,5.5,High,1,2,0.9917386,Critical,Compliance team intervention
717,Jones-Atkinson,NGO,Casino/Gambling,High,LB,0,0,0,0,0,0.5,41,291185.55000000005,7102.086585365855,0,0,0,1,0,13,LB,5.0,Medium,1,2,0.9955836,Critical,Compliance team intervention
718,Martin-Moore,Financial Institution,Consulting,Low,FR,0,0,0,0,0,0.0,28,48157.18,1719.8992857142855,0,0,0,1,0,14,FR,0.0,Low,0,0,0.0032220525,Low Risk,No action required
719,"Fuller, Pearson and Burns",NGO,Import/Export,Medium,CN,0,0,0,0,0,0.5,18,23670.08,1315.0044444444443,0,0,0,0,0,10,CN,5.0,Medium,1,1,0.9926152,Critical,Compliance team intervention
720,Reid-Alvarez,Financial Institution,Import/Export,Medium,CN,0,0,0,0,0,0.0,31,59613.94,1923.030322580645,0,0,0,0,0,12,CN,0.0,Low,0,1,0.002103487,Low Risk,No action required
721,Russell Ltd,Corporate,NGO/Charity,High,IN,0,0,0,0,0,0.0,17,132907.92,7818.112941176471,0,0,1,3,0,11,IN,1.5,Low,0,2,0.004692246,Low Risk,No action required
722,Sutton LLC,NGO,NGO/Charity,High,JP,0,0,0,0,0,0.0,28,128583.73,4592.276071428571,0,0,1,4,0,12,JP,1.5,Low,0,2,0.002563375,Low Risk,No action required
723,Reynolds Inc,Financial Institution,Real Estate,Medium,CN,0,0,0,0,0,0.0,17,24407.38,1435.7282352941174,2,0,0,1,0,11,CN,4.0,Medium,1,1,0.99723744,Critical,Compliance team intervention
724,Powell Inc,Corporate,Defense/Arms,High,FR,0,0,0,0,1,1.0,26,87912.62,3381.254615384615,0,0,0,1,0,10,FR,11.5,Critical,1,2,0.99516284,Critical,Compliance team intervention
725,Sanchez Ltd,NGO,Defense/Arms,High,US,0,0,0,0,1,0.5,17,45919.71,2701.159411764706,1,0,0,1,0,10,US,8.5,High,1,2,0.99760026,Critical,Compliance team intervention
726,Williams-Davis,Financial Institution,Import/Export,Medium,LB,0,0,0,0,0,0.0,27,48348.92,1790.700740740741,0,0,0,1,0,11,LB,0.0,Low,0,1,0.0020749487,Low Risk,No action required
727,Anderson-Rivera,NGO,Casino/Gambling,High,SD,0,0,0,1,0,0.0,19,107816.56,5674.555789473684,0,0,0,0,0,11,SD,2.0,Low,0,2,0.0068896185,Low Risk,No action required
728,Fernandez-Bush,NGO,Retail,Low,IN,0,0,0,0,0,0.0,19,25122.3,1322.2263157894736,0,0,0,2,0,11,IN,0.0,Low,0,0,0.0017184893,Low Risk,No action required
729,"Morris, Sims and Edwards",Individual,Crypto Exchange,High,SG,0,0,0,0,0,0.0,30,64601.46,2153.382,0,0,0,0,0,11,SG,0.0,Low,0,2,0.0016493009,Low Risk,No action required
730,Myers and Sons,NGO,Financial Services,Medium,UK,0,0,0,0,1,1.0,26,59196.03,2276.7703846153845,0,0,1,1,0,10,UK,13.0,Critical,1,1,0.9952667,Critical,Compliance team intervention
731,Davis Inc,Financial Institution,Consulting,Low,SY,1,1,0,1,0,0.0,22,95130.24,4324.101818181818,19,6,0,2,0,8,SY,46.0,Critical,1,0,0.99888414,Critical,Compliance team intervention
732,Wright-Vance,Corporate,Tech,Low,FR,0,0,0,0,0,0.0,20,40268.77,2013.4385,0,0,0,1,0,10,FR,0.0,Low,0,0,0.0018396615,Low Risk,No action required
733,Henderson-Eaton,Individual,Consulting,Low,KP,0,0,1,1,0,0.0,24,61021.37,2542.5570833333336,0,0,0,1,0,11,KP,4.0,Medium,1,0,0.992789,Critical,Compliance team intervention
734,"Farley, Foley and Dodson",Financial Institution,Financial Services,Medium,UK,1,0,0,0,1,0.0,28,178630.21000000002,6379.6503571428575,0,0,1,3,0,12,UK,6.0,High,1,1,0.99638087,Critical,Compliance team intervention
735,"Porter, Allen and Hartman",Individual,Import/Export,Medium,AF,0,0,0,0,0,0.0,31,50170.81,1618.4132258064517,1,1,0,1,0,14,AF,2.0,Low,1,1,0.9982835,Critical,Compliance team intervention
736,Williams-Diaz,Corporate,NGO/Charity,High,NL,0,0,0,0,0,0.5,29,103526.85,3569.8913793103447,0,0,0,2,0,13,NL,5.0,Medium,1,2,0.99491346,Critical,Compliance team intervention
737,French PLC,Individual,Retail,Low,SD,0,0,0,1,0,0.0,15,36701.18,2446.7453333333333,0,0,0,0,0,11,SD,2.0,Low,0,0,0.006458712,Low Risk,No action required
738,"Travis, Turner and Henderson",Individual,Import/Export,Medium,CN,0,0,0,0,0,0.0,23,32710.8,1422.208695652174,1,0,0,3,0,13,CN,2.0,Low,1,1,0.9982352,Critical,Compliance team intervention
739,Reed-Knight,Individual,Consulting,Low,AE,0,0,0,0,0,0.0,31,52270.52,1686.1458064516128,0,0,0,0,0,13,AE,0.0,Low,0,0,0.0028484666,Low Risk,No action required
740,Mcbride Group,Individual,Real Estate,Medium,SG,0,0,0,0,0,0.0,21,34059.73,1621.891904761905,0,0,0,3,0,11,SG,0.0,Low,0,1,0.001766838,Low Risk,No action required
741,"Jensen, Bell and Fischer",Corporate,Defense/Arms,High,SY,0,0,0,1,1,1.0,20,160793.79,8039.6895,0,0,0,2,0,9,SY,13.5,Critical,1,2,0.99680746,Critical,Compliance team intervention
742,Dodson-Reynolds,NGO,Financial Services,Medium,CH,0,0,0,0,1,0.0,15,23513.33,1567.5553333333337,1,0,0,1,0,9,CH,3.5,Medium,1,1,0.9969428,Critical,Compliance team intervention
743,Alexander-Mckenzie,Individual,Crypto Exchange,High,RU,0,0,0,1,0,0.0,27,107465.3,3980.196296296296,0,0,0,2,0,13,RU,2.0,Low,0,2,0.0065145013,Low Risk,No action required
744,"Keller, Rosario and Moore",Financial Institution,Financial Services,Medium,CA,0,0,0,0,1,0.0,25,47886.68,1915.4672,2,0,1,0,0,13,CA,7.0,High,1,1,0.99840015,Critical,Compliance team intervention
745,"Munoz, Anderson and Rios",NGO,Retail,Low,UK,0,0,0,0,0,0.0,31,46488.33,1499.623548387097,1,0,0,0,0,13,UK,2.0,Low,1,0,0.99804175,Critical,Compliance team intervention
746,Martin-Phillips,Financial Institution,Casino/Gambling,High,CH,0,0,0,0,0,0.0,26,107400.23,4130.778076923077,0,0,0,1,0,11,CH,0.0,Low,0,2,0.0033931502,Low Risk,No action required
747,"Hartman, Nelson and Burns",Individual,Financial Services,Medium,AF,0,0,0,0,1,0.0,28,43863.43,1566.5510714285715,0,0,0,0,0,13,AF,1.5,Low,0,1,0.0030559478,Low Risk,No action required
748,"Herrera, Reynolds and Stuart",Corporate,Real Estate,Medium,AU,1,0,0,0,0,0.0,24,190914.53,7954.772083333333,0,0,0,0,0,10,AU,3.0,Medium,1,1,0.99634874,Critical,Compliance team intervention
749,Miller-Shaffer,Financial Institution,Energy/Oil,High,NL,0,0,0,0,1,0.0,27,147645.12,5468.337777777778,0,0,0,2,0,10,NL,1.5,Low,0,2,0.0020335403,Low Risk,No action required
750,Day and Sons,NGO,Casino/Gambling,High,FR,0,0,0,0,0,0.5,26,95260.06,3663.848461538461,1,1,0,1,0,12,FR,7.0,High,1,2,0.9985752,Critical,Compliance team intervention
751,Choi-Short,Corporate,Import/Export,Medium,RU,0,1,0,1,0,1.0,29,110100.8,3796.579310344828,22,5,0,1,0,8,RU,59.0,Critical,1,1,0.99932957,Critical,Compliance team intervention
752,Foster Ltd,Corporate,Casino/Gambling,High,RU,0,0,0,1,0,0.0,31,254096.84,8196.672258064516,0,0,0,3,0,12,RU,2.0,Low,0,2,0.006865478,Low Risk,No action required
753,Smith and Sons,Individual,Real Estate,Medium,JP,0,0,0,0,0,0.0,17,23436.71,1378.63,0,0,0,0,0,10,JP,0.0,Low,0,1,0.0016634125,Low Risk,No action required
754,Watts and Sons,NGO,Real Estate,Medium,KP,0,0,1,1,0,0.0,22,50100.31,2277.286818181818,0,0,0,1,0,12,KP,4.0,Medium,1,1,0.99148786,Critical,Compliance team intervention
755,"Ferguson, Edwards and Smith",Individual,Tech,Low,CN,0,0,0,0,0,0.0,17,33904.44,1994.378823529412,0,0,0,0,0,9,CN,0.0,Low,0,0,0.00167732,Low Risk,No action required
756,Cook-Malone,Individual,Casino/Gambling,High,AE,0,0,0,0,0,0.0,22,94358.92,4289.041818181819,0,0,0,2,0,11,AE,0.0,Low,0,2,0.0033592721,Low Risk,No action required
757,Walter-Leonard,Corporate,Energy/Oil,High,JP,1,0,0,0,1,0.0,25,115761.21,4630.4484,1,0,0,2,0,10,JP,6.5,High,1,2,0.99799335,Critical,Compliance team intervention
758,Small PLC,NGO,Casino/Gambling,High,IN,0,0,0,0,0,1.0,13,135343.99,10411.076153846154,0,0,0,1,0,9,IN,10.0,High,1,2,0.9955245,Critical,Compliance team intervention
759,Murphy LLC,Corporate,Casino/Gambling,High,NL,0,0,0,0,0,0.0,23,190446.46,8280.280869565217,0,0,1,0,0,12,NL,1.5,Low,0,2,0.0046665864,Low Risk,No action required
760,"Myers, Guzman and Barrett",Corporate,Defense/Arms,High,AE,0,0,0,0,1,0.0,20,107956.2,5397.81,0,0,1,1,0,11,AE,3.0,Medium,0,2,0.0027472551,Low Risk,No action required
761,Collier-Wright,NGO,Consulting,Low,US,0,0,0,0,0,0.5,20,41785.78,2089.289,3,0,0,1,0,10,US,11.0,Critical,1,0,0.99834776,Critical,Compliance team intervention
762,Roberts LLC,Individual,Retail,Low,CA,0,0,0,0,0,0.0,29,53254.16,1836.350344827586,0,0,0,2,0,11,CA,0.0,Low,0,0,0.0017659198,Low Risk,No action required
763,"Rogers, Wilson and Gutierrez",NGO,NGO/Charity,High,LB,0,0,0,0,0,0.0,27,100201.22,3711.156296296296,1,1,0,3,0,11,LB,2.0,Low,1,2,0.9972785,Critical,Compliance team intervention
764,"Bishop, Anderson and Gibbs",NGO,Crypto Exchange,High,SY,0,0,0,1,0,0.0,22,99057.67,4502.621363636364,0,0,0,1,0,11,SY,2.0,Low,0,2,0.009417041,Low Risk,No action required
765,Moyer Ltd,Corporate,NGO/Charity,High,AU,0,0,0,0,0,0.0,26,105326.5,4051.019230769231,0,0,0,0,0,11,AU,0.0,Low,0,2,0.0031524028,Low Risk,No action required
766,Mathews PLC,Financial Institution,Energy/Oil,High,IN,0,0,0,0,1,0.0,28,194920.78,6961.456428571429,0,0,0,0,0,12,IN,1.5,Low,0,2,0.0031619999,Low Risk,No action required
767,Harris-Dixon,Individual,NGO/Charity,High,FR,0,0,0,0,0,0.0,15,87190.12000000001,5812.674666666668,0,0,0,0,0,7,FR,0.0,Low,0,2,0.0032565673,Low Risk,No action required
768,Thomas-Martin,Individual,Tech,Low,CH,0,1,0,0,0,0.0,29,110941.24,3825.56,24,13,1,0,0,6,CH,52.5,Critical,1,0,0.99891543,Critical,Compliance team intervention
769,Thornton LLC,Financial Institution,Energy/Oil,High,AU,0,0,0,0,1,0.0,30,190119.97,6337.332333333334,0,0,0,0,0,11,AU,1.5,Low,0,2,0.0029276963,Low Risk,No action required
770,Barrett-Hernandez,Individual,Crypto Exchange,High,US,0,0,0,0,0,0.0,21,108845.19,5183.104285714286,0,0,1,0,0,9,US,1.5,Low,0,2,0.0025043027,Low Risk,No action required
771,Moore-Roach,Corporate,Tech,Low,KP,0,0,1,1,0,0.0,21,41909.29,1995.680476190476,1,0,0,0,0,13,KP,6.0,High,1,0,0.99849534,Critical,Compliance team intervention
772,Clark-Brown,Financial Institution,Casino/Gambling,High,SY,0,0,0,1,0,0.0,24,362866.86,15119.4525,0,0,0,2,0,11,SY,2.0,Low,0,2,0.009375883,Low Risk,No action required
773,Reyes-Bennett,Individual,NGO/Charity,High,AF,0,0,0,0,0,0.0,33,174949.74,5301.507272727273,0,0,0,3,0,13,AF,0.0,Low,0,2,0.0027260752,Low Risk,No action required
774,Todd Group,Financial Institution,Financial Services,Medium,US,0,0,0,0,1,0.0,27,50410.68,1867.0622222222223,0,0,0,2,0,12,US,1.5,Low,0,1,0.0021066163,Low Risk,No action required
775,"Kelly, Garcia and Thompson",Corporate,Import/Export,Medium,AU,0,0,0,0,0,0.0,21,39024.72,1858.32,1,0,0,0,0,11,AU,2.0,Low,1,1,0.996935,Critical,Compliance team intervention
776,"Young, George and Erickson",Financial Institution,Consulting,Low,CN,0,0,0,0,0,0.0,25,57804.47,2312.1788,0,0,0,2,0,10,CN,0.0,Low,0,0,0.0017479272,Low Risk,No action required
777,Moody-Petersen,Individual,Consulting,Low,DE,0,0,0,0,0,0.0,22,31472.83,1430.583181818182,0,0,0,0,0,9,DE,0.0,Low,0,0,0.0016386104,Low Risk,No action required
778,"Flynn, Bowman and Stewart",Individual,Consulting,Low,FR,0,0,0,0,0,0.0,27,56120.74,2078.545925925926,1,1,0,1,0,11,FR,2.0,Low,1,0,0.99772507,Critical,Compliance team intervention
779,"Alvarado, Taylor and Black",Individual,Defense/Arms,High,FR,0,0,0,0,1,0.0,20,465545.74,23277.287,1,1,0,2,0,11,FR,3.5,Medium,1,2,0.99810565,Critical,Compliance team intervention
780,Huerta-Black,NGO,Real Estate,Medium,CN,0,0,0,0,0,0.0,32,60029.23,1875.9134375,2,0,0,1,0,13,CN,4.0,Medium,1,1,0.9982835,Critical,Compliance team intervention
781,Norris Ltd,Individual,Crypto Exchange,High,RU,0,0,0,1,0,0.0,28,171158.02,6112.786428571429,0,0,0,0,0,12,RU,2.0,Low,0,2,0.0062575527,Low Risk,No action required
782,"Holmes, Peters and Fischer",NGO,NGO/Charity,High,AF,0,0,0,0,0,0.0,22,214856.84,9766.22,0,0,0,0,0,9,AF,0.0,Low,0,2,0.0039987564,Low Risk,No action required
783,Ford LLC,Individual,Financial Services,Medium,IN,0,0,0,0,1,0.0,26,32992.89,1268.9573076923075,1,0,0,2,0,14,IN,3.5,Medium,1,1,0.9984573,Critical,Compliance team intervention
784,"Pruitt, Johnson and Miranda",Financial Institution,NGO/Charity,High,FR,0,0,0,0,0,0.0,35,206338.34,5895.381142857143,1,0,0,1,0,14,FR,2.0,Low,1,2,0.99800843,Critical,Compliance team intervention
785,Robinson Inc,Financial Institution,Import/Export,Medium,NL,0,0,0,0,0,0.0,23,47565.86,2068.080869565217,0,0,0,2,0,12,NL,0.0,Low,0,1,0.002423375,Low Risk,No action required
786,Walker and Sons,Financial Institution,Import/Export,Medium,SY,0,0,0,1,0,0.0,17,28041.99,1649.5288235294115,0,0,0,1,0,10,SY,2.0,Low,0,1,0.0046643014,Low Risk,No action required
787,Nguyen PLC,NGO,Energy/Oil,High,CA,0,0,0,0,1,0.0,31,78595.8,2535.3483870967743,1,0,0,1,0,13,CA,3.5,Medium,1,2,0.99648005,Critical,Compliance team intervention
788,Gibson Group,Corporate,Crypto Exchange,High,AE,0,0,0,0,0,0.0,18,100199.56,5566.642222222222,0,0,1,0,0,10,AE,1.5,Low,0,2,0.0027472654,Low Risk,No action required
789,"Curtis, Vargas and Taylor",NGO,Defense/Arms,High,US,0,0,0,0,1,0.0,18,89225.13,4956.951666666667,0,0,0,0,0,11,US,1.5,Low,0,2,0.0018780152,Low Risk,No action required
790,"Martinez, Miller and Bridges",Corporate,Energy/Oil,High,SD,0,0,0,1,1,1.0,17,60936.02,3584.4717647058824,0,0,0,1,0,9,SD,13.5,Critical,1,2,0.99724776,Critical,Compliance team intervention
791,"Khan, Rogers and Bell",NGO,Retail,Low,AE,0,0,0,0,0,0.0,24,41422.23,1725.9262500000002,0,0,0,1,0,12,AE,0.0,Low,0,0,0.0022493342,Low Risk,No action required
792,"Carroll, Keller and Cardenas",Financial Institution,Financial Services,Medium,NL,0,0,0,0,1,0.0,29,55477.99,1913.0341379310344,0,0,0,5,0,13,NL,1.5,Low,0,1,0.0029671534,Low Risk,No action required
793,"Hunt, Chung and Stone",Corporate,Casino/Gambling,High,SD,0,0,0,1,0,0.0,19,66207.04,3484.5810526315786,1,0,0,1,0,11,SD,4.0,Medium,1,2,0.9987074,Critical,Compliance team intervention
794,"Kirk, Lin and Mcfarland",Financial Institution,Energy/Oil,High,FR,0,0,0,0,1,0.0,22,111253.49,5056.976818181818,0,0,2,1,0,11,FR,4.5,Medium,0,2,0.0020722363,Low Risk,No action required
795,"Anderson, Alexander and Clark",Individual,NGO/Charity,High,VE,0,0,0,1,0,0.0,24,75189.98,3132.915833333333,0,0,0,2,0,12,VE,2.0,Low,0,2,0.007170704,Low Risk,No action required
796,Hernandez and Sons,Individual,Retail,Low,US,0,0,0,0,0,0.0,22,46777.81,2126.264090909091,1,1,0,0,0,13,US,2.0,Low,1,0,0.9982114,Critical,Compliance team intervention
797,Tucker Group,NGO,Consulting,Low,SD,0,0,0,1,0,0.0,30,76802.18,2560.0726666666665,0,0,0,2,0,11,SD,2.0,Low,0,0,0.005711813,Low Risk,No action required
798,Brown-Baker,NGO,NGO/Charity,High,JP,0,0,0,0,0,0.0,21,108952.44,5188.211428571429,1,1,0,0,0,12,JP,2.0,Low,1,2,0.9977373,Critical,Compliance team intervention
799,Jackson Inc,NGO,Financial Services,Medium,AU,0,0,0,0,1,0.5,21,45961.31,2188.6338095238093,0,0,0,0,0,10,AU,6.5,High,1,1,0.9947068,Critical,Compliance team intervention
800,"Banks, Henry and Mckinney",NGO,Import/Export,Medium,CN,0,0,0,0,0,0.0,18,37118.15,2062.1194444444445,1,0,0,2,0,10,CN,2.0,Low,1,1,0.9971591,Critical,Compliance team intervention
801,Evans-Kerr,Financial Institution,Crypto Exchange,High,JP,0,0,0,0,0,0.0,24,201849.13,8410.380416666665,0,0,0,1,0,12,JP,0.0,Low,0,2,0.0047213105,Low Risk,No action required
802,"Thomas, Henry and Miller",Individual,Casino/Gambling,High,FR,0,0,0,0,0,0.0,22,74881.08,3403.685454545455,0,0,1,2,0,12,FR,1.5,Low,0,2,0.0033939113,Low Risk,No action required
803,Dean-Potter,Financial Institution,Retail,Low,LB,0,0,0,0,0,0.0,24,48707.03,2029.4595833333333,0,0,0,1,0,13,LB,0.0,Low,0,0,0.0032054973,Low Risk,No action required
804,"Atkins, Bass and Greene",Corporate,NGO/Charity,High,SD,0,0,0,1,0,0.5,23,155263.58,6750.590434782608,0,0,0,1,0,12,SD,7.0,High,1,2,0.99710876,Critical,Compliance team intervention
805,Gentry and Sons,Corporate,Consulting,Low,VE,0,0,0,1,0,0.0,24,33482.83,1395.1179166666668,0,0,0,0,0,12,VE,2.0,Low,0,0,0.005372438,Low Risk,No action required
806,"Hayden, Martin and Jordan",Individual,Crypto Exchange,High,AF,0,0,0,0,0,0.0,34,285131.28,8386.214117647058,0,0,0,1,0,13,AF,0.0,Low,0,2,0.004381473,Low Risk,No action required
807,"King, Rivera and Harrison",Individual,Defense/Arms,High,CN,0,0,0,0,1,0.0,20,150341.4,7517.07,0,0,0,0,0,11,CN,1.5,Low,0,2,0.004426501,Low Risk,No action required
808,"Huffman, Hudson and Evans",NGO,Import/Export,Medium,SY,0,0,0,1,0,0.0,25,45502.33,1820.0932,0,0,0,1,0,10,SY,2.0,Low,0,1,0.005197658,Low Risk,No action required
809,Perry-Murphy,NGO,Energy/Oil,High,AU,0,0,0,0,1,0.5,18,108340.38,6018.91,0,0,0,0,0,11,AU,6.5,High,1,2,0.9947172,Critical,Compliance team intervention
810,"Clark, Taylor and Green",Individual,Energy/Oil,High,DE,1,0,0,0,1,0.0,20,142758.36000000002,7137.918000000001,0,0,0,3,0,12,DE,4.5,Medium,1,2,0.9821884,Critical,Compliance team intervention
811,"Frye, Strong and Edwards",Individual,Casino/Gambling,High,SD,0,0,0,1,0,0.0,23,121279.49,5273.021304347826,0,0,1,0,0,10,SD,3.5,Medium,0,2,0.0059813503,Low Risk,No action required
812,Norton PLC,Corporate,Retail,Low,JP,0,0,0,0,0,1.0,35,82662.48999999999,2361.7854285714284,1,1,0,0,0,13,JP,12.0,Critical,1,0,0.9987533,Critical,Compliance team intervention
813,"Rogers, Moore and Daniels",NGO,Crypto Exchange,High,AE,0,0,0,0,0,0.0,31,206098.71,6648.345483870968,0,0,1,1,0,12,AE,1.5,Low,0,2,0.0031820661,Low Risk,No action required
814,Foster LLC,Individual,Financial Services,Medium,SG,0,0,0,0,1,0.0,26,49536.53,1905.2511538461536,1,1,0,2,0,13,SG,3.5,Medium,1,1,0.9984573,Critical,Compliance team intervention
815,Scott Group,Corporate,Casino/Gambling,High,VE,0,0,0,1,0,1.0,23,119747.71,5206.422173913044,1,1,0,1,0,11,VE,14.0,Critical,1,2,0.9985739,Critical,Compliance team intervention
816,Carey Group,Corporate,Energy/Oil,High,JP,0,0,0,0,1,0.0,27,154556.33000000002,5724.308518518519,0,0,0,1,0,11,JP,1.5,Low,0,2,0.0023629093,Low Risk,No action required
817,"Barton, Ortiz and Johnson",Financial Institution,Consulting,Low,VE,0,0,0,1,0,0.0,26,62450.14,2401.9284615384613,0,0,0,3,0,12,VE,2.0,Low,0,0,0.0072123483,Low Risk,No action required
818,"Mcdonald, Chang and Wilson",Financial Institution,Crypto Exchange,High,IR,0,0,1,1,0,0.0,25,94260.02,3770.4008,0,0,0,3,0,13,IR,4.0,Medium,1,2,0.99436694,Critical,Compliance team intervention
819,Finley-Higgins,Corporate,Crypto Exchange,High,FR,0,0,0,0,0,0.0,19,111342.69,5860.1415789473685,0,0,0,1,0,11,FR,0.0,Low,0,2,0.0036588763,Low Risk,No action required
820,"Chavez, Johnston and Hicks",Corporate,Energy/Oil,High,VE,0,0,0,1,1,0.0,28,71972.19,2570.4353571428574,1,1,1,2,0,14,VE,7.0,High,1,2,0.99740463,Critical,Compliance team intervention
821,Ford-Wood,NGO,Casino/Gambling,High,RU,0,0,0,1,0,0.0,25,130564.24,5222.5696,0,0,0,2,0,11,RU,2.0,Low,0,2,0.0066831578,Low Risk,No action required
822,Snyder PLC,NGO,Import/Export,Medium,LB,0,1,0,0,0,0.0,12,59973.45,4997.787499999999,11,4,0,3,0,7,LB,25.0,Critical,1,1,0.9990965,Critical,Compliance team intervention
823,Thomas Group,Corporate,Import/Export,Medium,SD,0,0,0,1,0,0.0,30,62281.81,2076.0603333333333,0,0,0,1,0,13,SD,2.0,Low,0,1,0.0075414823,Low Risk,No action required
824,Nelson-Hart,Corporate,Crypto Exchange,High,CA,1,0,0,0,0,0.0,19,124895.24,6573.433684210526,0,0,1,0,0,11,CA,4.5,Medium,1,2,0.9826942,Critical,Compliance team intervention
825,Fields-Diaz,Individual,Tech,Low,US,0,0,0,0,0,0.0,24,53144.74,2214.3641666666667,2,0,0,2,0,12,US,4.0,Medium,1,0,0.9978472,Critical,Compliance team intervention
826,Clark Group,NGO,Retail,Low,AF,0,0,0,0,0,0.5,34,48047.18,1413.1523529411766,2,1,0,2,0,14,AF,9.0,High,1,0,0.9987264,Critical,Compliance team intervention
827,Tucker-Wright,NGO,Energy/Oil,High,CN,0,0,0,0,1,0.0,20,100879.79,5043.9895,0,0,0,0,0,13,CN,1.5,Low,0,2,0.0024101762,Low Risk,No action required
828,Allen Ltd,Corporate,Tech,Low,VE,0,1,0,1,0,0.0,20,231111.41,11555.5705,13,4,0,0,0,8,VE,31.0,Critical,1,0,0.9995974,Critical,Compliance team intervention
829,Ortiz-Hernandez,Financial Institution,Casino/Gambling,High,VE,0,0,0,1,0,0.0,29,221770.91,7647.27275862069,1,1,2,1,0,14,VE,7.0,High,1,2,0.9985744,Critical,Compliance team intervention
830,Yang PLC,Corporate,Retail,Low,DE,0,0,0,0,0,0.5,25,41829.04,1673.1616,1,1,0,1,0,12,DE,7.0,High,1,0,0.99858046,Critical,Compliance team intervention
831,Rivera-Lopez,Individual,Consulting,Low,CA,0,0,0,0,0,0.0,22,55728.19,2533.099545454545,0,0,0,1,0,12,CA,0.0,Low,0,0,0.003230669,Low Risk,No action required
832,Brown LLC,NGO,Crypto Exchange,High,SD,0,1,0,1,0,0.0,27,188596.13,6985.041851851852,17,5,0,1,0,8,SD,39.0,Critical,1,2,0.99785537,Critical,Compliance team intervention
833,Jones-Dyer,Financial Institution,Real Estate,Medium,DE,0,0,0,0,0,0.0,23,47021.41,2044.4091304347828,1,0,0,1,0,12,DE,2.0,Low,1,1,0.997638,Critical,Compliance team intervention
834,Harmon-Kennedy,Financial Institution,Consulting,Low,NL,1,0,0,0,0,0.0,23,92376.57,4016.3726086956526,0,0,0,1,0,11,NL,3.0,Medium,1,0,0.9874893,Critical,Compliance team intervention
835,Castaneda-Carter,Individual,Crypto Exchange,High,FR,0,0,0,0,0,0.0,29,197075.01,6795.6900000000005,0,0,1,0,0,10,FR,1.5,Low,0,2,0.0032072451,Low Risk,No action required
836,Gomez-Jackson,Financial Institution,Import/Export,Medium,IR,0,0,1,1,0,0.0,25,41855.32,1674.2128,0,0,0,0,0,12,IR,4.0,Medium,1,1,0.990849,Critical,Compliance team intervention
837,Jensen and Sons,NGO,Real Estate,Medium,VE,0,1,0,1,0,0.0,24,56672.22,2361.3425,17,5,1,3,0,6,VE,40.5,Critical,1,1,0.9981067,Critical,Compliance team intervention
838,Johnston and Sons,NGO,Defense/Arms,High,CA,1,0,0,0,1,0.0,23,170087.09,7395.090869565217,0,0,0,3,0,12,CA,4.5,Medium,1,2,0.9821977,Critical,Compliance team intervention
839,Hall and Sons,NGO,NGO/Charity,High,CA,0,0,0,0,0,0.0,25,146355.38,5854.215200000001,0,0,0,2,0,11,CA,0.0,Low,0,2,0.003993141,Low Risk,No action required
840,"Garcia, Johnson and Davis",Corporate,Import/Export,Medium,CN,1,0,0,0,0,0.0,30,145831.01,4861.033666666667,0,0,0,3,0,11,CN,3.0,Medium,1,1,0.98951626,Critical,Compliance team intervention
841,Riggs PLC,Corporate,Retail,Low,DE,0,0,0,0,0,0.0,23,27024.17,1174.9639130434784,1,1,0,0,0,12,DE,2.0,Low,1,0,0.99735034,Critical,Compliance team intervention
842,"Diaz, Morrison and Brown",NGO,Import/Export,Medium,VE,0,0,0,1,0,0.0,32,63485.26,1983.914375,1,0,1,2,0,14,VE,5.5,High,1,1,0.99880683,Critical,Compliance team intervention
843,"Bradshaw, Cook and Richardson",Financial Institution,Energy/Oil,High,RU,0,0,0,1,1,0.0,19,34568.76,1819.408421052632,1,0,0,2,0,12,RU,5.5,High,1,2,0.9986582,Critical,Compliance team intervention
844,Barnes-Carter,Financial Institution,Energy/Oil,High,CH,0,0,0,0,1,0.0,22,360595.92,16390.723636363637,1,0,0,0,0,12,CH,3.5,Medium,1,2,0.9980952,Critical,Compliance team intervention
845,Brown Inc,Individual,Casino/Gambling,High,NL,1,0,0,0,0,0.0,30,409302.02,13643.400666666665,0,0,0,2,0,13,NL,3.0,Medium,1,2,0.9821144,Critical,Compliance team intervention
846,Harrison Ltd,Individual,Real Estate,Medium,SD,0,0,0,1,0,0.0,28,63355.59,2262.699642857143,0,0,1,3,0,13,SD,3.5,Medium,0,1,0.006190024,Low Risk,No action required
847,Johnson and Sons,Individual,Casino/Gambling,High,LB,0,0,0,0,0,0.0,23,215241.82,9358.34,2,1,1,4,0,12,LB,5.5,High,1,2,0.9982034,Critical,Compliance team intervention
848,Lucas Ltd,Financial Institution,Real Estate,Medium,VE,0,0,0,1,0,0.0,28,79042.16,2822.934285714286,0,0,1,0,0,11,VE,3.5,Medium,0,1,0.0072109145,Low Risk,No action required
849,Nunez Ltd,Financial Institution,Financial Services,Medium,KP,0,0,1,1,1,0.0,24,63874.62,2661.4425,0,0,0,2,0,13,KP,5.5,High,1,1,0.99323297,Critical,Compliance team intervention
850,"Murphy, Brown and Johnson",Individual,Import/Export,Medium,RU,0,0,0,1,0,0.0,15,40808.73,2720.582,1,1,1,0,0,9,RU,5.5,High,1,1,0.99839574,Critical,Compliance team intervention
851,Stone Ltd,Financial Institution,Import/Export,Medium,CA,0,0,0,0,0,0.0,22,58065.63,2639.346818181818,0,0,0,2,0,10,CA,0.0,Low,0,1,0.0023408094,Low Risk,No action required
852,Mcintosh Group,Individual,Defense/Arms,High,AE,0,0,0,0,1,0.0,19,124631.52,6559.553684210527,0,0,0,1,0,10,AE,1.5,Low,0,2,0.0038621638,Low Risk,No action required
853,Morse PLC,Individual,Real Estate,Medium,SY,0,0,0,1,0,0.0,19,40799.18,2147.325263157895,0,0,0,0,0,10,SY,2.0,Low,0,1,0.0062610907,Low Risk,No action required
854,Green-Miller,Individual,Import/Export,Medium,DE,0,0,0,0,0,0.0,31,59706.55,1926.017741935484,0,0,0,1,0,11,DE,0.0,Low,0,1,0.0020116083,Low Risk,No action required
855,"Dean, Spence and Porter",Corporate,Defense/Arms,High,AF,1,0,0,0,1,0.5,21,190869.03,9089.001428571428,1,0,0,1,0,13,AF,11.5,Critical,1,2,0.9989104,Critical,Compliance team intervention
856,"Brown, Erickson and Hill",Financial Institution,NGO/Charity,High,IN,0,0,0,0,0,0.0,19,190161.9,10008.52105263158,1,1,1,0,0,10,IN,3.5,Medium,1,2,0.99802244,Critical,Compliance team intervention
857,"Coleman, Hall and Lewis",Individual,NGO/Charity,High,CA,0,0,0,0,0,0.0,33,233615.16,7079.2472727272725,1,0,0,1,0,13,CA,2.0,Low,1,2,0.99800926,Critical,Compliance team intervention
858,Hamilton and Sons,Financial Institution,NGO/Charity,High,SY,0,0,0,1,0,0.0,31,93331.09,3010.680322580645,0,0,1,1,0,12,SY,3.5,Medium,0,2,0.0057885307,Low Risk,No action required
859,Smith LLC,Individual,Financial Services,Medium,NL,0,0,0,0,1,0.0,30,79988.11,2666.2703333333334,0,0,0,2,0,12,NL,1.5,Low,0,1,0.0023555458,Low Risk,No action required
860,"Solomon, Wells and Baxter",Individual,Crypto Exchange,High,NL,0,0,0,0,0,0.0,15,108875.38,7258.358666666667,1,0,0,0,0,12,NL,2.0,Low,1,2,0.99816614,Critical,Compliance team intervention
861,Castaneda-Thomas,Individual,Energy/Oil,High,NL,0,0,0,0,1,0.0,22,156212.36,7100.561818181817,0,0,0,3,0,11,NL,1.5,Low,0,2,0.0040939795,Low Risk,No action required
862,Sanders Inc,Individual,Casino/Gambling,High,SD,0,0,0,1,0,0.0,28,201150.41,7183.943214285714,0,0,1,2,0,11,SD,3.5,Medium,0,2,0.006610221,Low Risk,No action required
863,Brown-Adams,Financial Institution,NGO/Charity,High,JP,0,0,0,0,0,0.0,30,90299.68,3009.989333333333,1,1,0,2,0,13,JP,2.0,Low,1,2,0.99741876,Critical,Compliance team intervention
864,Roth-Peck,Corporate,NGO/Charity,High,AU,0,0,0,0,0,0.5,29,165908.49000000002,5720.982413793105,1,0,0,3,0,14,AU,7.0,High,1,2,0.99857414,Critical,Compliance team intervention
865,Carrillo-Wilcox,Financial Institution,Defense/Arms,High,SY,0,0,0,1,1,0.0,26,235411.29,9054.280384615386,0,0,0,1,0,12,SY,3.5,Medium,0,2,0.007989662,Low Risk,No action required
866,Trujillo Ltd,NGO,Crypto Exchange,High,KP,0,0,1,1,0,0.0,29,223969.34,7723.080689655172,2,0,1,0,0,14,KP,9.5,High,1,2,0.9985744,Critical,Compliance team intervention
867,Deleon and Sons,NGO,Import/Export,Medium,UK,0,0,0,0,0,0.0,28,52096.0,1860.571428571429,1,0,0,0,0,12,UK,2.0,Low,1,1,0.99742895,Critical,Compliance team intervention
868,Smith-Rivera,NGO,Crypto Exchange,High,SD,0,0,0,1,0,1.0,24,355582.33,14815.930416666668,1,0,0,1,0,13,SD,14.0,Critical,1,2,0.9991505,Critical,Compliance team intervention
869,"Smith, Larson and Roth",Corporate,Casino/Gambling,High,LB,0,0,0,0,0,0.5,21,95064.21,4526.867142857143,0,0,0,0,0,10,LB,5.0,Medium,1,2,0.99565023,Critical,Compliance team intervention
870,"Jackson, Hamilton and Cantrell",Financial Institution,Retail,Low,DE,0,0,0,0,0,0.0,21,50546.07,2406.9557142857143,0,0,1,0,0,10,DE,1.5,Low,0,0,0.0024480054,Low Risk,No action required
871,Huber PLC,NGO,NGO/Charity,High,US,0,0,0,0,0,1.0,20,307457.36,15372.868,0,0,0,0,0,11,US,10.0,High,1,2,0.99595535,Critical,Compliance team intervention
872,Morris-Green,Individual,Financial Services,Medium,DE,1,0,0,0,1,0.0,22,58288.12,2649.46,0,0,0,1,0,10,DE,4.5,Medium,1,1,0.9711719,Critical,Compliance team intervention
873,Richardson-Johnson,NGO,NGO/Charity,High,DE,0,0,0,0,0,1.0,26,177554.71000000002,6829.027307692309,0,0,0,0,0,12,DE,10.0,High,1,2,0.99509203,Critical,Compliance team intervention
874,Sanchez-Hill,Corporate,Crypto Exchange,High,AE,0,0,0,0,0,1.0,27,95340.9,3531.144444444444,0,0,0,0,0,11,AE,10.0,High,1,2,0.9943539,Critical,Compliance team intervention
875,Horton Group,NGO,Casino/Gambling,High,FR,0,0,0,0,0,0.0,35,264429.18,7555.119428571428,1,0,1,1,0,14,FR,3.5,Medium,1,2,0.99810815,Critical,Compliance team intervention
876,Hoffman PLC,Individual,NGO/Charity,High,RU,0,0,0,1,0,0.0,23,49244.81,2141.078695652174,1,0,0,1,0,11,RU,4.0,Medium,1,2,0.9985434,Critical,Compliance team intervention
877,Sanchez-Shaw,Corporate,Tech,Low,CA,0,0,0,0,0,0.5,31,76448.27,2466.073225806452,0,0,0,4,0,12,CA,5.0,Medium,1,0,0.99462706,Critical,Compliance team intervention
878,Estes PLC,Corporate,Energy/Oil,High,VE,0,0,0,1,1,0.5,24,231297.83,9637.409583333334,0,0,0,1,0,12,VE,8.5,High,1,2,0.9971897,Critical,Compliance team intervention
879,"Martin, Cain and Novak",Corporate,NGO/Charity,High,RU,0,0,0,1,0,0.0,26,143136.23,5505.239615384616,0,0,0,3,0,13,RU,2.0,Low,0,2,0.00774021,Low Risk,No action required
880,"Mcgee, Duffy and White",NGO,Defense/Arms,High,IN,0,0,0,0,1,0.0,19,56960.58,2997.9252631578943,0,0,0,1,0,8,IN,1.5,Low,0,2,0.0029846488,Low Risk,No action required
881,Johnson LLC,NGO,Defense/Arms,High,CN,0,0,0,0,1,0.0,26,102784.22,3953.239230769231,0,0,0,1,0,11,CN,1.5,Low,0,2,0.00331521,Low Risk,No action required
882,Washington-Austin,Financial Institution,Retail,Low,CN,0,0,0,0,0,0.0,30,64681.47,2156.049,1,0,0,1,0,13,CN,2.0,Low,1,0,0.9987656,Critical,Compliance team intervention
883,Lynch Inc,NGO,Tech,Low,SD,0,0,0,1,0,1.0,29,64395.2,2220.5241379310346,0,0,0,0,0,11,SD,12.0,Critical,1,0,0.9967637,Critical,Compliance team intervention
884,Gonzales Ltd,Financial Institution,Energy/Oil,High,JP,1,0,0,0,1,0.0,30,126392.98,4213.099333333334,1,0,0,1,0,12,JP,6.5,High,1,2,0.9972905,Critical,Compliance team intervention
885,Chavez Ltd,Corporate,Import/Export,Medium,US,0,0,0,0,0,0.5,22,56627.21,2573.964090909091,0,0,0,0,0,11,US,5.0,Medium,1,1,0.99550664,Critical,Compliance team intervention
886,"Rivera, Ross and Smith",Corporate,Energy/Oil,High,KP,1,0,1,1,1,1.0,27,189623.06,7023.076296296296,0,0,1,1,0,12,KP,20.0,Critical,1,2,0.9965467,Critical,Compliance team intervention
887,Rodriguez Group,NGO,Real Estate,Medium,CA,0,0,0,0,0,0.0,23,32194.55,1399.763043478261,3,3,0,2,0,13,CA,6.0,High,1,1,0.9982352,Critical,Compliance team intervention
888,James Ltd,Corporate,Import/Export,Medium,AU,0,0,0,0,0,0.0,24,55453.15,2310.547916666667,0,0,0,2,0,10,AU,0.0,Low,0,1,0.001700669,Low Risk,No action required
889,Rojas-Contreras,NGO,Casino/Gambling,High,AU,0,0,0,0,0,0.0,21,159134.66999999998,7577.841428571428,1,0,0,1,0,11,AU,2.0,Low,1,2,0.99810493,Critical,Compliance team intervention
890,Bradford Inc,Individual,Import/Export,Medium,CN,0,0,0,0,0,0.0,27,63140.13,2338.523333333333,0,0,0,3,0,11,CN,0.0,Low,0,1,0.002222086,Low Risk,No action required
891,Aguirre LLC,Financial Institution,NGO/Charity,High,AF,1,0,0,0,0,0.0,30,171966.49,5732.216333333333,0,0,0,3,0,12,AF,3.0,Medium,1,2,0.97560865,Critical,Compliance team intervention
892,Wilson LLC,Corporate,NGO/Charity,High,LB,0,0,0,0,0,0.0,19,139958.98,7366.262105263158,0,0,0,1,0,10,LB,0.0,Low,0,2,0.004156895,Low Risk,No action required
893,Arnold PLC,Corporate,Retail,Low,CH,0,0,0,0,0,0.5,28,76408.87,2728.888214285714,1,1,0,2,0,13,CH,7.0,High,1,0,0.9987464,Critical,Compliance team intervention
894,"Price, Ruiz and Douglas",Individual,Crypto Exchange,High,JP,0,0,0,0,0,0.0,31,116758.7,3766.409677419355,1,0,0,3,0,12,JP,2.0,Low,1,2,0.99701786,Critical,Compliance team intervention
895,"Williams, Wagner and Shields",Corporate,Real Estate,Medium,CH,0,0,0,0,0,0.0,22,36829.89,1674.0859090909091,0,0,0,1,0,13,CH,0.0,Low,0,1,0.0035579854,Low Risk,No action required
896,Hurley Ltd,Individual,Retail,Low,AU,0,0,0,0,0,0.0,21,47808.86,2276.612380952381,0,0,0,0,0,12,AU,0.0,Low,0,0,0.002145935,Low Risk,No action required
897,"Miller, Johnson and Smith",Corporate,Crypto Exchange,High,LB,0,0,0,0,0,0.0,20,121366.84,6068.342,0,0,0,2,0,8,LB,0.0,Low,0,2,0.0031996153,Low Risk,No action required
898,Graham-Murphy,NGO,Financial Services,Medium,CA,0,0,0,0,1,0.0,20,33563.83,1678.1915,2,0,0,1,0,12,CA,5.5,High,1,1,0.99761224,Critical,Compliance team intervention
899,"Wells, Murray and Brown",Corporate,Real Estate,Medium,CH,0,0,0,0,0,0.0,22,60696.02,2758.9100000000003,0,0,0,1,0,11,CH,0.0,Low,0,1,0.0029799049,Low Risk,No action required
900,Jackson and Sons,Corporate,Financial Services,Medium,CA,0,0,0,0,1,0.0,28,50581.99,1806.4996428571428,0,0,0,1,0,12,CA,1.5,Low,0,1,0.0023795995,Low Risk,No action required
901,"Perez, Graham and Stevens",Financial Institution,Financial Services,Medium,KP,0,0,1,1,1,0.0,17,22796.0,1340.9411764705883,0,0,0,0,0,11,KP,5.5,High,1,1,0.98803586,Critical,Compliance team intervention
902,Winters and Sons,Individual,Import/Export,Medium,LB,0,0,0,0,0,0.0,31,85620.92,2761.9651612903226,0,0,0,1,0,11,LB,0.0,Low,0,1,0.0026256882,Low Risk,No action required
903,Allen Ltd,Corporate,Consulting,Low,SG,0,0,0,0,0,0.0,28,52285.4,1867.3357142857144,0,0,0,2,0,11,SG,0.0,Low,0,0,0.0017659198,Low Risk,No action required
904,Sanchez Ltd,Financial Institution,Defense/Arms,High,CN,0,0,0,0,1,0.0,32,172800.07,5400.0021875,0,0,0,0,0,13,CN,1.5,Low,0,2,0.0026743526,Low Risk,No action required
905,Fleming Group,Financial Institution,Financial Services,Medium,IN,0,0,0,0,1,0.0,28,56498.69,2017.810357142857,0,0,0,0,0,12,IN,1.5,Low,0,1,0.002133699,Low Risk,No action required
906,Cole LLC,Financial Institution,NGO/Charity,High,IR,0,0,1,1,0,0.0,33,386869.3,11723.31212121212,1,0,0,0,0,12,IR,6.0,High,1,2,0.99796426,Critical,Compliance team intervention
907,Maldonado LLC,Financial Institution,Consulting,Low,FR,0,0,0,0,0,0.0,25,39656.72,1586.2688,0,0,0,1,0,12,FR,0.0,Low,0,0,0.002481618,Low Risk,No action required
908,Holder-Martinez,Corporate,NGO/Charity,High,FR,1,0,0,0,0,0.0,42,320665.0,7634.880952380952,0,0,1,2,0,12,FR,4.5,Medium,1,2,0.9763381,Critical,Compliance team intervention
909,"Martinez, Griffith and Gentry",NGO,Energy/Oil,High,VE,0,0,0,1,1,1.0,23,133727.05000000002,5814.219565217392,0,0,0,0,0,9,VE,13.5,Critical,1,2,0.99608034,Critical,Compliance team intervention
910,Sandoval-Holt,Corporate,Import/Export,Medium,RU,0,0,0,1,0,0.0,18,44712.5,2484.027777777778,1,0,0,0,0,10,RU,4.0,Medium,1,1,0.9984433,Critical,Compliance team intervention
911,Macias-Riggs,Financial Institution,Crypto Exchange,High,VE,0,1,0,1,0,0.0,30,81465.56999999999,2715.519,21,8,1,3,0,8,VE,48.5,Critical,1,2,0.996463,Critical,Compliance team intervention
912,Castillo and Sons,Corporate,Financial Services,Medium,UK,0,0,0,0,1,0.0,24,38364.34,1598.5141666666666,0,0,0,2,0,12,UK,1.5,Low,0,1,0.0020712279,Low Risk,No action required
913,Henry-Torres,NGO,Real Estate,Medium,JP,0,0,0,0,0,0.0,28,44177.85,1577.7803571428572,0,0,0,1,0,12,JP,0.0,Low,0,1,0.0023795995,Low Risk,No action required
914,Thompson-Santos,NGO,NGO/Charity,High,CN,0,0,0,0,0,1.0,16,285203.93,17825.245625,1,1,0,0,0,11,CN,12.0,Critical,1,2,0.9986743,Critical,Compliance team intervention
915,Thomas-Matthews,Corporate,Consulting,Low,IR,0,0,1,1,0,0.5,25,61867.09,2474.6836000000003,0,0,0,1,0,11,IR,9.0,High,1,0,0.9973654,Critical,Compliance team intervention
916,Mendez PLC,Corporate,Financial Services,Medium,SD,0,0,0,1,1,0.0,27,42364.9,1569.0703703703705,0,0,0,1,0,13,SD,3.5,Medium,0,1,0.007975973,Low Risk,No action required
917,Khan-Skinner,NGO,Defense/Arms,High,JP,0,0,0,0,1,1.0,13,83269.41,6405.339230769231,0,0,0,1,0,9,JP,11.5,Critical,1,2,0.99518317,Critical,Compliance team intervention
918,"Burns, Morgan and Mendoza",Individual,Consulting,Low,CH,0,0,0,0,0,0.0,25,64854.72,2594.1888,0,0,0,0,0,11,CH,0.0,Low,0,0,0.0027385799,Low Risk,No action required
919,Roberson-Thompson,NGO,Crypto Exchange,High,CA,0,0,0,0,0,0.0,24,270840.49,11285.020416666666,0,0,1,0,0,12,CA,1.5,Low,0,2,0.004816342,Low Risk,No action required
920,"Morgan, Smith and Williams",Individual,Energy/Oil,High,NL,0,0,0,0,1,0.0,20,91322.53,4566.1265,0,0,0,1,0,10,NL,1.5,Low,0,2,0.0033571445,Low Risk,No action required
921,Roberts-Russell,Financial Institution,NGO/Charity,High,CN,0,0,0,0,0,0.0,21,97476.47,4641.736666666667,0,0,0,0,0,10,CN,0.0,Low,0,2,0.0032583755,Low Risk,No action required
922,Manning and Sons,NGO,Defense/Arms,High,IN,0,0,0,0,1,0.5,33,175115.77,5306.538484848485,0,0,0,1,0,13,IN,6.5,High,1,2,0.99470216,Critical,Compliance team intervention
923,Henry Inc,NGO,Financial Services,Medium,JP,0,0,0,0,1,0.0,22,32395.93,1472.5422727272728,1,0,0,2,0,10,JP,3.5,Medium,1,1,0.99663,Critical,Compliance team intervention
924,Rice-Johnson,NGO,Import/Export,Medium,CH,0,0,0,0,0,0.0,29,66576.89,2295.754827586207,0,0,0,2,0,13,CH,0.0,Low,0,1,0.0024285747,Low Risk,No action required
925,Reed-Hahn,Financial Institution,Financial Services,Medium,SD,0,0,0,1,1,0.0,31,64629.47,2084.8216129032257,1,1,0,0,0,13,SD,5.5,High,1,1,0.9984515,Critical,Compliance team intervention
926,Long Inc,Financial Institution,Casino/Gambling,High,KP,0,0,1,1,0,0.0,22,209847.32,9538.514545454544,1,0,0,2,0,12,KP,6.0,High,1,2,0.9985511,Critical,Compliance team intervention
927,"Alvarado, Morton and Spencer",Corporate,Financial Services,Medium,SY,1,0,0,1,1,0.0,17,251329.56,14784.09176470588,0,0,0,0,0,12,SY,6.5,High,1,1,0.99716115,Critical,Compliance team intervention
928,Chavez-Whitehead,Individual,Energy/Oil,High,IR,0,0,1,1,1,0.0,12,39276.71,3273.0591666666664,0,0,0,0,0,8,IR,5.5,High,1,2,0.9924589,Critical,Compliance team intervention
929,"Evans, Torres and Lewis",Financial Institution,Import/Export,Medium,NL,0,0,0,0,0,0.0,24,51152.96,2131.373333333333,0,0,0,0,0,11,NL,0.0,Low,0,1,0.002318553,Low Risk,No action required
930,"Carter, Cook and Joseph",Individual,NGO/Charity,High,NL,0,0,0,0,0,0.0,17,271511.55,15971.267647058825,1,0,0,2,0,10,NL,2.0,Low,1,2,0.9979825,Critical,Compliance team intervention
931,"Walsh, Taylor and Matthews",Corporate,Consulting,Low,NL,0,0,0,0,0,1.0,29,62794.32,2165.321379310345,2,0,0,2,0,13,NL,14.0,Critical,1,0,0.9991309,Critical,Compliance team intervention
932,Lopez-Gonzalez,Corporate,Casino/Gambling,High,IN,0,0,0,0,0,0.0,17,135610.6,7977.094117647059,0,0,0,0,0,9,IN,0.0,Low,0,2,0.004156895,Low Risk,No action required
933,"Brown, Smith and Gutierrez",Corporate,Defense/Arms,High,KP,0,0,1,1,1,1.0,25,34828.09,1393.1236,0,0,0,2,0,10,KP,15.5,Critical,1,2,0.99696714,Critical,Compliance team intervention
934,"Nelson, Bird and West",NGO,Casino/Gambling,High,KP,0,0,1,1,0,0.0,24,78669.92,3277.9133333333334,0,0,0,1,0,12,KP,4.0,Medium,1,2,0.99377185,Critical,Compliance team intervention
935,"Bradford, Reese and Chambers",Financial Institution,Financial Services,Medium,FR,0,0,0,0,1,0.0,29,78874.44,2719.808275862069,0,0,0,2,0,11,FR,1.5,Low,0,1,0.0023544377,Low Risk,No action required
936,Bennett-Johnson,Individual,Real Estate,Medium,IN,0,0,0,0,0,0.0,27,44313.43,1641.2381481481482,0,0,0,0,0,13,IN,0.0,Low,0,1,0.0030559478,Low Risk,No action required
937,Evans-Turner,Financial Institution,Consulting,Low,JP,0,0,0,0,0,0.0,28,58812.95,2100.4625,0,0,0,2,0,12,JP,0.0,Low,0,0,0.0023342662,Low Risk,No action required
938,Lopez PLC,Individual,Defense/Arms,High,DE,0,0,0,0,1,0.0,27,168966.9,6258.033333333333,0,0,0,3,0,10,DE,1.5,Low,0,2,0.0031013624,Low Risk,No action required
939,Hall-Gonzalez,Financial Institution,Defense/Arms,High,JP,0,0,0,0,1,0.0,22,340530.29000000004,15478.649545454547,1,0,0,0,0,12,JP,3.5,Medium,1,2,0.9980952,Critical,Compliance team intervention
940,"Arnold, Davis and Spencer",Financial Institution,Crypto Exchange,High,NL,0,0,0,0,0,0.0,20,127564.16,6378.2080000000005,0,0,0,2,0,11,NL,0.0,Low,0,2,0.004440862,Low Risk,No action required
941,Smith-Thompson,NGO,Real Estate,Medium,SG,0,0,0,0,0,0.0,22,50848.3,2311.286363636364,0,0,1,1,0,10,SG,1.5,Low,0,1,0.0022766753,Low Risk,No action required
942,"Perkins, Jackson and Church",Individual,Import/Export,Medium,CA,0,0,0,0,0,0.0,25,58127.12,2325.0848,0,0,0,0,0,12,CA,0.0,Low,0,1,0.0026118264,Low Risk,No action required
943,Mcclain-Romero,NGO,Financial Services,Medium,NL,0,0,0,0,1,1.0,32,56918.24,1778.695,0,0,0,1,0,12,NL,11.5,Critical,1,1,0.99466777,Critical,Compliance team intervention
944,Suarez Group,Individual,Defense/Arms,High,AU,1,1,0,0,1,0.0,25,287304.47000000003,11492.178800000002,20,10,0,1,0,8,AU,47.5,Critical,1,2,0.9978138,Critical,Compliance team intervention
945,"Solomon, Campbell and Jensen",Corporate,NGO/Charity,High,UK,0,0,0,0,0,0.0,30,239393.7,7979.79,0,0,0,1,0,13,UK,0.0,Low,0,2,0.004381473,Low Risk,No action required
946,"Saunders, Holland and Kline",NGO,NGO/Charity,High,CH,0,0,0,0,0,1.0,30,178230.0,5941.0,0,0,1,1,0,13,CH,11.5,Critical,1,2,0.9956648,Critical,Compliance team intervention
947,"Davis, Martinez and Flores",Individual,Defense/Arms,High,US,0,0,0,0,1,0.0,33,196503.37,5954.647575757575,1,0,1,1,0,13,US,5.0,Medium,1,2,0.9979693,Critical,Compliance team intervention
948,Vargas-Johns,NGO,Consulting,Low,CA,0,0,0,0,0,0.0,29,59603.01,2055.276206896552,1,0,0,1,0,11,CA,2.0,Low,1,0,0.99771935,Critical,Compliance team intervention
949,Williams Ltd,Corporate,Energy/Oil,High,KP,0,0,1,1,1,0.0,23,143881.94,6255.736521739131,0,0,0,1,0,10,KP,5.5,High,1,2,0.99154776,Critical,Compliance team intervention
950,Butler-Boyd,Corporate,Casino/Gambling,High,SG,0,0,0,0,0,0.0,18,54647.99,3035.999444444444,0,0,0,1,0,10,SG,0.0,Low,0,2,0.003054841,Low Risk,No action required
951,Jones-Patton,NGO,Financial Services,Medium,SG,0,0,0,0,1,0.0,21,48989.38,2332.827619047619,0,0,1,2,0,9,SG,3.0,Medium,0,1,0.0022043642,Low Risk,No action required
952,Brown PLC,Financial Institution,NGO/Charity,High,AE,0,0,0,0,0,0.0,25,122457.03,4898.2812,0,0,1,1,0,10,AE,1.5,Low,0,2,0.0019157742,Low Risk,No action required
953,Wagner Ltd,Financial Institution,Import/Export,Medium,KP,0,0,1,1,0,0.0,27,54618.58,2022.9103703703704,0,0,0,1,0,12,KP,4.0,Medium,1,1,0.99065304,Critical,Compliance team intervention
954,Madden-Daniels,Financial Institution,Defense/Arms,High,AF,1,0,0,0,1,0.0,29,147998.91999999998,5103.411034482758,1,0,0,3,0,12,AF,6.5,High,1,2,0.9970682,Critical,Compliance team intervention
955,"Mcintosh, Sullivan and Frost",NGO,Import/Export,Medium,RU,0,0,0,1,0,0.0,15,31675.04,2111.6693333333333,0,0,0,1,0,11,RU,2.0,Low,0,1,0.006269632,Low Risk,No action required
956,Woods Group,Corporate,Crypto Exchange,High,SD,0,0,0,1,0,1.0,12,24729.54,2060.795,0,0,0,0,0,6,SD,12.0,Critical,1,2,0.99647105,Critical,Compliance team intervention
957,Navarro-Adams,Corporate,Defense/Arms,High,UK,0,0,0,0,1,0.0,30,147411.03,4913.701,0,0,0,3,0,12,UK,1.5,Low,0,2,0.0012968471,Low Risk,No action required
958,"Powell, Lee and Aguilar",Financial Institution,Crypto Exchange,High,CH,0,0,0,0,0,0.0,34,254397.22,7482.271176470588,1,0,0,1,0,13,CH,2.0,Low,1,2,0.9980862,Critical,Compliance team intervention
959,"Randolph, Davis and Wright",Individual,NGO/Charity,High,IN,0,0,0,0,0,0.0,25,83897.05,3355.882,0,0,0,0,0,12,IN,0.0,Low,0,2,0.0033578211,Low Risk,No action required
960,Farmer Inc,Financial Institution,Import/Export,Medium,FR,0,0,0,0,0,0.0,17,31102.28,1829.545882352941,0,0,0,2,0,7,FR,0.0,Low,0,1,0.0016150146,Low Risk,No action required
961,"Smith, Boyd and Myers",Individual,Casino/Gambling,High,VE,0,0,0,1,0,0.0,26,97184.95,3737.882692307692,1,0,2,1,0,13,VE,7.0,High,1,2,0.99887174,Critical,Compliance team intervention
962,Fischer-Haynes,NGO,NGO/Charity,High,IR,0,0,1,1,0,1.0,18,152009.11000000002,8444.950555555557,0,0,0,1,0,9,IR,14.0,Critical,1,2,0.9969278,Critical,Compliance team intervention
963,Burke-Harris,Corporate,Tech,Low,IN,0,0,0,0,0,0.0,19,42886.8,2257.2000000000003,0,0,0,1,0,13,IN,0.0,Low,0,0,0.0029024484,Low Risk,No action required
964,Jones-Campos,Individual,Import/Export,Medium,KP,0,0,1,1,0,0.0,32,46892.46,1465.389375,0,0,0,1,0,12,KP,4.0,Medium,1,1,0.99051976,Critical,Compliance team intervention
965,Marshall Ltd,NGO,Import/Export,Medium,SY,0,0,0,1,0,0.5,32,52921.15,1653.7859375,0,0,0,2,0,12,SY,7.0,High,1,1,0.99586225,Critical,Compliance team intervention
966,"Medina, Love and Ramirez",NGO,Real Estate,Medium,VE,0,0,0,1,0,0.0,20,31358.83,1567.9415,0,0,0,0,0,11,VE,2.0,Low,0,1,0.004706786,Low Risk,No action required
967,Erickson-Sullivan,NGO,Crypto Exchange,High,CH,0,0,0,0,0,0.0,22,90181.59,4099.163181818181,1,0,0,0,0,12,CH,2.0,Low,1,2,0.9981261,Critical,Compliance team intervention
968,Carter Ltd,NGO,Financial Services,Medium,IR,0,0,1,1,1,0.0,26,51949.03,1998.0396153846157,0,0,0,0,0,11,IR,5.5,High,1,1,0.9908688,Critical,Compliance team intervention
969,"Smith, Guerrero and Andrews",Individual,Consulting,Low,CN,0,0,0,0,0,0.0,27,44200.53,1637.0566666666666,0,0,1,1,0,13,CN,1.5,Low,0,0,0.0033881564,Low Risk,No action required
970,"Fox, Butler and Day",Financial Institution,Import/Export,Medium,UK,0,0,0,0,0,0.0,22,52303.6,2377.436363636364,2,2,0,3,0,9,UK,4.0,Medium,1,1,0.99765563,Critical,Compliance team intervention
971,"Kline, Jones and Garrison",NGO,Real Estate,Medium,IN,1,0,0,0,0,1.0,22,106905.36,4859.334545454545,0,0,0,2,0,10,IN,13.0,Critical,1,1,0.99860233,Critical,Compliance team intervention
972,"Barnes, Simon and Martinez",NGO,Casino/Gambling,High,IN,0,0,0,0,0,0.0,18,71281.2,3960.0666666666666,0,0,0,1,0,9,IN,0.0,Low,0,2,0.0033807084,Low Risk,No action required
973,"Carroll, Reid and Cardenas",Financial Institution,Energy/Oil,High,JP,0,0,0,0,1,0.0,21,83574.01,3979.714761904762,0,0,0,0,0,10,JP,1.5,Low,0,2,0.0030246542,Low Risk,No action required
974,Franklin Group,NGO,Import/Export,Medium,DE,0,0,0,0,0,0.0,27,48724.18,1804.5992592592595,0,0,0,3,0,11,DE,0.0,Low,0,1,0.0018368504,Low Risk,No action required
975,"Burke, Swanson and Warren",Financial Institution,Financial Services,Medium,FR,0,0,0,0,1,0.0,27,47589.33,1762.5677777777778,0,0,0,2,0,10,FR,1.5,Low,0,1,0.0018323673,Low Risk,No action required
976,"Brown, Perez and Murphy",Financial Institution,Retail,Low,SD,1,0,0,1,0,0.0,31,156013.05,5032.679032258065,1,0,0,0,0,13,SD,7.0,High,1,0,0.99934274,Critical,Compliance team intervention
977,Morris-Cooper,Financial Institution,Financial Services,Medium,US,0,0,0,0,1,0.0,19,32640.84,1717.9389473684212,1,0,0,1,0,12,US,3.5,Medium,1,1,0.99761224,Critical,Compliance team intervention
978,"Lawson, Campos and Middleton",Financial Institution,Real Estate,Medium,JP,0,0,0,0,0,0.0,19,41635.35,2191.334210526316,0,0,0,1,0,12,JP,0.0,Low,0,1,0.0030193126,Low Risk,No action required
979,Best Ltd,Corporate,Crypto Exchange,High,CH,0,0,0,0,0,0.0,35,133812.54,3823.2154285714287,0,0,1,1,0,14,CH,1.5,Low,0,2,0.0031591994,Low Risk,No action required
980,"Martin, Villarreal and Smith",NGO,Crypto Exchange,High,DE,0,0,0,0,0,0.0,36,190907.95,5302.998611111111,0,0,0,2,0,11,DE,0.0,Low,0,2,0.0020834673,Low Risk,No action required
981,Doyle-Torres,Corporate,Consulting,Low,UK,0,0,0,0,0,0.0,21,37309.54,1776.644761904762,2,0,0,1,0,11,UK,4.0,Medium,1,0,0.9970931,Critical,Compliance team intervention
982,Jones-Arnold,Individual,Energy/Oil,High,CH,0,0,0,0,1,0.0,20,69048.21,3452.4105000000004,1,0,0,1,0,13,CH,3.5,Medium,1,2,0.9985506,Critical,Compliance team intervention
983,Reynolds-Gray,Corporate,Import/Export,Medium,SD,0,0,0,1,0,0.0,19,44732.31,2354.3321052631577,1,1,0,2,0,12,SD,4.0,Medium,1,1,0.99831784,Critical,Compliance team intervention
984,Roberts Ltd,Corporate,Energy/Oil,High,VE,0,0,0,1,1,0.0,22,160874.97999999998,7312.49909090909,0,0,0,0,0,11,VE,3.5,Medium,0,2,0.00840941,Low Risk,No action required
985,Stewart-Mueller,Financial Institution,Tech,Low,VE,0,0,0,1,0,0.0,20,36863.33,1843.1665,0,0,0,1,0,12,VE,2.0,Low,0,0,0.0058819214,Low Risk,No action required
986,Chang-Williams,Corporate,Crypto Exchange,High,CN,0,0,0,0,0,1.0,24,104752.41,4364.68375,1,0,0,0,0,11,CN,12.0,Critical,1,2,0.9987023,Critical,Compliance team intervention
987,Thomas and Sons,Financial Institution,Casino/Gambling,High,CH,0,0,0,0,0,0.0,25,45710.3,1828.412,1,1,0,0,0,13,CH,2.0,Low,1,2,0.9986284,Critical,Compliance team intervention
988,"Smith, White and Park",Financial Institution,Real Estate,Medium,FR,0,0,0,0,0,0.0,17,33883.5,1993.1470588235293,0,0,0,1,0,12,FR,0.0,Low,0,1,0.0022975195,Low Risk,No action required
989,Scott-Smith,Individual,Financial Services,Medium,CA,0,0,0,0,1,0.0,24,41088.12,1712.005,0,0,0,0,0,11,CA,1.5,Low,0,1,0.0018600959,Low Risk,No action required
990,"Randall, Johnson and Dominguez",Individual,Energy/Oil,High,SG,0,0,0,0,1,0.0,32,153055.66,4782.989375,0,0,0,0,0,12,SG,1.5,Low,0,2,0.0017391208,Low Risk,No action required
991,Roberts Group,NGO,Casino/Gambling,High,RU,0,0,0,1,0,0.0,21,95862.07,4564.860476190476,1,1,0,2,0,10,RU,4.0,Medium,1,2,0.99832326,Critical,Compliance team intervention
992,Delacruz PLC,NGO,Consulting,Low,IR,0,0,1,1,0,0.0,20,57500.82,2875.041,0,0,0,2,0,10,IR,4.0,Medium,1,0,0.993874,Critical,Compliance team intervention
993,Lopez-Hudson,Financial Institution,Consulting,Low,FR,0,0,0,0,0,0.0,25,65942.63,2637.7052000000003,1,0,1,1,0,13,FR,3.5,Medium,1,0,0.998604,Critical,Compliance team intervention
994,"Murphy, Gonzalez and Harmon",Individual,Crypto Exchange,High,IN,0,0,0,0,0,0.0,30,127405.86,4246.862,0,0,0,0,0,13,IN,0.0,Low,0,2,0.0028264269,Low Risk,No action required
995,Lewis LLC,Individual,Energy/Oil,High,IN,0,0,0,0,1,0.0,26,170780.13,6568.466538461538,0,0,1,1,0,10,IN,3.0,Medium,0,2,0.0032386545,Low Risk,No action required
996,Mullins-Hamilton,Individual,Retail,Low,JP,0,0,0,0,0,0.0,28,58430.44,2086.8014285714285,1,1,0,3,0,12,JP,2.0,Low,1,0,0.9976102,Critical,Compliance team intervention
997,Lewis PLC,Individual,Defense/Arms,High,IN,0,0,0,0,1,0.0,31,252315.7,8139.216129032258,0,0,0,1,0,13,IN,1.5,Low,0,2,0.0042165006,Low Risk,No action required
998,"Tyler, Jones and Green",NGO,Crypto Exchange,High,SD,0,0,0,1,0,0.5,27,137672.97,5098.998888888889,1,1,1,1,0,11,SD,10.5,Critical,1,2,0.9982346,Critical,Compliance team intervention
999,Goodman-Salinas,Corporate,NGO/Charity,High,CH,0,0,0,0,0,0.0,18,109993.99,6110.777222222222,0,0,0,0,0,11,CH,0.0,Low,0,2,0.0035407734,Low Risk,No action required
1000,Vaughan-Wu,NGO,Energy/Oil,High,SG,0,0,0,0,1,0.0,22,132745.53,6033.887727272727,0,0,0,1,0,11,SG,1.5,Low,0,2,0.003416857,Low Risk,No action required
1001,"Jones, Davis and Crane",Individual,Retail,Low,CN,0,0,0,0,0,0.0,18,33212.9,1845.1611111111115,2,0,0,1,0,11,CN,4.0,Medium,1,0,0.99712664,Critical,Compliance team intervention
1002,Krueger Ltd,Individual,Real Estate,Medium,FR,0,0,0,0,0,0.0,24,49724.13,2071.83875,2,0,0,1,0,11,FR,4.0,Medium,1,1,0.9977507,Critical,Compliance team intervention
1003,Barrett-Trujillo,NGO,Real Estate,Medium,US,0,0,0,0,0,0.5,31,60434.1,1949.4870967741936,1,1,0,0,0,14,US,7.0,High,1,1,0.99881136,Critical,Compliance team intervention
1004,Garcia PLC,NGO,Financial Services,Medium,IN,0,0,0,0,1,0.5,26,61462.28,2363.933846153846,0,0,0,0,0,12,IN,6.5,High,1,1,0.99625707,Critical,Compliance team intervention
1005,"Miller, Sampson and Alexander",Financial Institution,Retail,Low,US,0,0,0,0,0,0.0,26,55548.5,2136.480769230769,1,0,0,2,0,13,US,2.0,Low,1,0,0.9986292,Critical,Compliance team intervention
1006,"Wells, Blackwell and Hardin",NGO,Tech,Low,VE,0,0,0,1,0,0.5,30,86982.35,2899.411666666667,0,0,1,2,0,12,VE,8.5,High,1,0,0.99770385,Critical,Compliance team intervention
1007,"Brown, Gonzalez and Herman",Individual,Casino/Gambling,High,LB,0,0,0,0,0,0.0,26,109285.6,4203.292307692308,0,0,0,1,0,12,LB,0.0,Low,0,2,0.0031940527,Low Risk,No action required
1008,"Mullen, Irwin and May",Financial Institution,Tech,Low,CH,0,0,0,0,0,0.0,24,47764.39,1990.1829166666664,0,0,0,1,0,10,CH,0.0,Low,0,0,0.0018586667,Low Risk,No action required
1009,Washington-West,NGO,Crypto Exchange,High,RU,0,0,0,1,0,0.5,25,85434.01999999999,3417.3607999999995,0,0,0,2,0,13,RU,7.0,High,1,2,0.997684,Critical,Compliance team intervention
1010,"Esparza, Leon and Barber",NGO,Energy/Oil,High,FR,0,0,0,0,1,0.0,30,244901.35,8163.378333333333,1,1,0,2,0,12,FR,3.5,Medium,1,2,0.9973242,Critical,Compliance team intervention
1011,"Lewis, Dickerson and Bradley",Corporate,Real Estate,Medium,CA,0,0,0,0,0,0.0,22,30400.27,1381.8304545454546,1,0,0,1,0,13,CA,2.0,Low,1,1,0.9984327,Critical,Compliance team intervention
1012,"Hill, Bullock and Stephens",NGO,Tech,Low,LB,1,0,0,0,0,0.5,30,144136.33,4804.544333333333,0,0,0,4,0,13,LB,8.0,High,1,0,0.9987293,Critical,Compliance team intervention
1013,Smith Ltd,Individual,Financial Services,Medium,IN,0,0,0,0,1,0.0,16,39221.96,2451.3725,0,0,0,1,0,9,IN,1.5,Low,0,1,0.0025456282,Low Risk,No action required
1014,Pena Ltd,Individual,Retail,Low,SD,0,0,0,1,0,0.0,22,25378.24,1153.5563636363638,0,0,0,2,0,11,SD,2.0,Low,0,0,0.004363387,Low Risk,No action required
1015,Nguyen-Parsons,NGO,Defense/Arms,High,UK,0,0,0,0,1,0.0,31,520590.0,16793.225806451614,0,0,0,1,0,11,UK,1.5,Low,0,2,0.0030325456,Low Risk,No action required
1016,Sanders Ltd,Individual,Energy/Oil,High,IN,0,0,0,0,1,0.0,25,122126.36,4885.0544,0,0,0,3,0,11,IN,1.5,Low,0,2,0.0019079754,Low Risk,No action required
1017,"Harris, Morgan and Carlson",Individual,Crypto Exchange,High,FR,0,0,0,0,0,0.0,21,96043.83,4573.515714285714,0,0,0,0,0,12,FR,0.0,Low,0,2,0.0035403764,Low Risk,No action required
1018,Farley and Sons,NGO,Consulting,Low,DE,0,0,0,0,0,0.0,18,30886.3,1715.9055555555556,0,0,0,0,0,9,DE,0.0,Low,0,0,0.0015991689,Low Risk,No action required
1019,Frazier-Wilson,Individual,Tech,Low,US,0,0,0,0,0,0.0,29,49803.73,1717.37,0,0,0,1,0,13,US,0.0,Low,0,0,0.0032220525,Low Risk,No action required
1020,"Chapman, Ramsey and Smith",Financial Institution,Real Estate,Medium,JP,0,0,0,0,0,0.0,20,35874.18,1793.709,1,0,0,1,0,13,JP,2.0,Low,1,1,0.9983941,Critical,Compliance team intervention
1021,Mayer-Smith,Financial Institution,Crypto Exchange,High,RU,0,0,0,1,0,0.0,22,167087.33,7594.878636363635,0,0,0,1,0,11,RU,2.0,Low,0,2,0.009085651,Low Risk,No action required
1022,Velez-Stark,Corporate,NGO/Charity,High,JP,0,0,0,0,0,0.5,21,212222.59,10105.83761904762,0,0,1,0,0,11,JP,6.5,High,1,2,0.99587834,Critical,Compliance team intervention
1023,Daniels-Andrews,Individual,Energy/Oil,High,CA,0,0,0,0,1,0.0,24,130083.6,5420.15,0,0,1,2,0,13,CA,3.0,Medium,0,2,0.003674881,Low Risk,No action required
1024,Mason and Sons,Individual,Casino/Gambling,High,SY,0,0,0,1,0,0.0,21,85096.75,4052.2261904761904,0,0,1,2,0,11,SY,3.5,Medium,0,2,0.008243954,Low Risk,No action required
1025,Jones and Sons,NGO,Crypto Exchange,High,CA,0,0,0,0,0,0.0,22,96991.92,4408.723636363637,0,0,0,5,0,12,CA,0.0,Low,0,2,0.0031902199,Low Risk,No action required
1026,Liu-Hurley,Financial Institution,Tech,Low,IN,0,1,0,0,0,0.0,19,479716.04,25248.21263157895,14,9,1,0,0,6,IN,32.5,Critical,1,0,0.9995716,Critical,Compliance team intervention
1027,Cowan-Howe,NGO,Financial Services,Medium,RU,0,1,0,1,1,0.0,20,79836.38,3991.819,16,3,0,0,0,8,RU,38.5,Critical,1,1,0.99894065,Critical,Compliance team intervention
1028,"Bush, Miller and Scott",NGO,Real Estate,Medium,CH,0,0,0,0,0,0.0,22,51278.73,2330.851363636364,0,0,0,2,0,12,CH,0.0,Low,0,1,0.0024457288,Low Risk,No action required
1029,"Vang, Rios and Oconnor",Corporate,Retail,Low,JP,0,0,0,0,0,0.0,22,48868.85,2221.311363636364,0,0,0,0,0,10,JP,0.0,Low,0,0,0.002316186,Low Risk,No action required
1030,Johnson Inc,Financial Institution,Consulting,Low,SY,0,0,0,1,0,0.0,31,60500.53,1951.63,0,0,0,0,0,12,SY,2.0,Low,0,0,0.0052159177,Low Risk,No action required
1031,Perez-Ferrell,Financial Institution,Defense/Arms,High,IR,0,0,1,1,1,0.0,29,181445.27,6256.7334482758615,0,0,0,1,0,10,IR,5.5,High,1,2,0.9897621,Critical,Compliance team intervention
1032,Watson Inc,Financial Institution,Import/Export,Medium,SD,0,0,0,1,0,0.0,26,40826.02,1570.2315384615383,0,0,0,4,0,10,SD,2.0,Low,0,1,0.005009267,Low Risk,No action required
1033,Henderson-Beck,Individual,NGO/Charity,High,DE,0,0,0,0,0,0.0,30,219810.82,7327.027333333333,0,0,0,0,0,12,DE,0.0,Low,0,2,0.0031324003,Low Risk,No action required
1034,Foster-Williams,Individual,Crypto Exchange,High,KP,0,0,1,1,0,0.0,26,167622.38999999998,6447.014999999999,0,0,0,0,0,12,KP,4.0,Medium,1,2,0.9918509,Critical,Compliance team intervention
1035,Lopez Ltd,Financial Institution,Tech,Low,RU,0,0,0,1,0,0.0,20,41453.14,2072.657,0,0,0,1,0,10,RU,2.0,Low,0,0,0.0054490143,Low Risk,No action required
1036,Stone Ltd,Corporate,NGO/Charity,High,DE,1,0,0,0,0,0.5,26,140112.19,5388.930384615384,1,0,0,1,0,12,DE,10.0,High,1,2,0.99820125,Critical,Compliance team intervention
1037,Friedman-Carroll,Financial Institution,Retail,Low,NL,0,0,0,0,0,0.0,24,47284.18,1970.174166666667,0,0,0,1,0,11,NL,0.0,Low,0,0,0.0025261333,Low Risk,No action required
1038,Powell-Ponce,NGO,Casino/Gambling,High,FR,0,0,0,0,0,0.0,26,139445.68,5363.295384615384,1,0,0,1,0,13,FR,2.0,Low,1,2,0.9980386,Critical,Compliance team intervention
1039,Merritt LLC,Financial Institution,Crypto Exchange,High,UK,0,0,0,0,0,0.0,30,102149.96,3404.998666666667,0,0,1,0,0,12,UK,1.5,Low,0,2,0.0022417735,Low Risk,No action required
1040,Krueger-Garcia,NGO,Defense/Arms,High,RU,0,0,0,1,1,0.5,22,118144.39,5370.199545454546,0,0,1,0,0,10,RU,10.0,High,1,2,0.99619776,Critical,Compliance team intervention
1041,Flores Ltd,Individual,Retail,Low,NL,0,0,0,0,0,0.0,16,28354.38,1772.14875,0,0,0,2,0,10,NL,0.0,Low,0,0,0.0015526371,Low Risk,No action required
1042,Richards-Miller,NGO,Import/Export,Medium,VE,0,0,0,1,0,1.0,23,60257.56,2619.8939130434783,0,0,0,0,0,10,VE,12.0,Critical,1,1,0.99657875,Critical,Compliance team intervention
1043,"Stevens, Weaver and Pace",NGO,Casino/Gambling,High,SD,0,0,0,1,0,1.0,23,104300.28,4534.794782608696,0,0,1,2,0,11,SD,13.5,Critical,1,2,0.9973781,Critical,Compliance team intervention
1044,Fuller Inc,Individual,Casino/Gambling,High,VE,0,0,0,1,0,0.0,23,78889.37,3429.972608695652,0,0,1,0,0,11,VE,3.5,Medium,0,2,0.008913818,Low Risk,No action required
1045,Ramos-Gonzalez,NGO,Defense/Arms,High,AF,0,0,0,0,1,0.0,21,47397.08,2257.0038095238097,0,0,0,1,0,12,AF,1.5,Low,0,2,0.0017013208,Low Risk,No action required
1046,"Cook, Brown and Ramos",Corporate,Import/Export,Medium,NL,0,0,0,0,0,0.0,23,37992.08,1651.8295652173913,1,1,0,0,0,13,NL,2.0,Low,1,1,0.99828655,Critical,Compliance team intervention
1047,Johnson PLC,NGO,Casino/Gambling,High,IN,0,0,0,0,0,0.0,20,53831.18,2691.559,0,0,1,0,0,12,IN,1.5,Low,0,2,0.0016700355,Low Risk,No action required
1048,Pineda LLC,Individual,NGO/Charity,High,IR,0,0,1,1,0,0.0,30,174491.19,5816.3730000000005,0,0,1,1,0,14,IR,5.5,High,1,2,0.99276924,Critical,Compliance team intervention
1049,Pitts PLC,Corporate,Crypto Exchange,High,SD,0,0,0,1,0,0.0,28,58929.79,2104.635357142857,0,0,0,2,0,12,SD,2.0,Low,0,2,0.004758225,Low Risk,No action required
1050,"Evans, Bonilla and Ramirez",Individual,Retail,Low,AU,0,0,0,0,0,0.0,23,37852.75,1645.7717391304348,0,0,0,0,0,11,AU,0.0,Low,0,0,0.0018356574,Low Risk,No action required
1051,Fisher Group,Corporate,Import/Export,Medium,AF,0,0,0,0,0,0.0,22,43101.71,1959.1686363636363,0,0,0,2,0,11,AF,0.0,Low,0,1,0.002359131,Low Risk,No action required
1052,Lambert PLC,Individual,Consulting,Low,AF,0,0,0,0,0,0.0,32,56326.8,1760.2125,1,0,0,1,0,13,AF,2.0,Low,1,0,0.9982146,Critical,Compliance team intervention
1053,Hernandez PLC,NGO,Financial Services,Medium,IR,0,0,1,1,1,0.0,21,44057.41,2097.971904761905,1,0,0,0,0,12,IR,7.5,High,1,1,0.9983038,Critical,Compliance team intervention
1054,Kramer and Sons,Financial Institution,Consulting,Low,AU,0,0,0,0,0,0.0,28,55140.19,1969.2925,0,0,0,1,0,12,AU,0.0,Low,0,0,0.0029462886,Low Risk,No action required
1055,"Padilla, Copeland and Thompson",Corporate,NGO/Charity,High,IN,0,0,0,0,0,0.5,20,128075.09,6403.7545,0,0,0,0,0,8,IN,5.0,Medium,1,2,0.9953644,Critical,Compliance team intervention
1056,Garcia Group,Corporate,Import/Export,Medium,DE,0,0,0,0,0,0.0,34,62851.11,1848.5620588235292,1,0,1,4,0,11,DE,3.5,Medium,1,1,0.99712664,Critical,Compliance team intervention
1057,Burton-Bryan,Corporate,Real Estate,Medium,VE,0,0,0,1,0,0.0,28,43209.5,1543.196428571429,0,0,0,2,0,12,VE,2.0,Low,0,1,0.0052652485,Low Risk,No action required
1058,"Khan, Whitaker and Bailey",Individual,Tech,Low,VE,0,0,0,1,0,0.0,26,41068.49,1579.5573076923076,1,1,0,3,0,14,VE,4.0,Medium,1,0,0.99867815,Critical,Compliance team intervention
1059,King LLC,Corporate,Retail,Low,AU,0,0,0,0,0,0.0,22,39962.69,1816.4859090909088,0,0,0,1,0,12,AU,0.0,Low,0,0,0.0023014818,Low Risk,No action required
1060,"Davis, Chang and Moore",Financial Institution,Crypto Exchange,High,AF,0,0,0,0,0,0.0,32,190476.01,5952.3753125,4,2,1,2,0,14,AF,9.5,High,1,2,0.9980459,Critical,Compliance team intervention
1061,"Foster, Gutierrez and Warren",Corporate,Tech,Low,KP,0,0,1,1,0,0.5,23,39907.58,1735.1121739130435,0,0,0,3,0,11,KP,9.0,High,1,0,0.9953334,Critical,Compliance team intervention
1062,Hill-Wallace,Corporate,Real Estate,Medium,CH,0,0,0,0,0,0.0,30,65486.82,2182.894,0,0,0,2,0,12,CH,0.0,Low,0,1,0.0026167152,Low Risk,No action required
1063,Young Group,NGO,Financial Services,Medium,AE,0,0,0,0,1,0.0,21,40129.66,1910.9361904761904,0,0,0,0,0,12,AE,1.5,Low,0,1,0.0021055841,Low Risk,No action required
1064,Mullins-Bates,Individual,NGO/Charity,High,KP,0,0,1,1,0,0.0,26,55409.3,2131.126923076923,1,1,0,2,0,11,KP,6.0,High,1,2,0.99818987,Critical,Compliance team intervention
1065,Taylor and Sons,Individual,Defense/Arms,High,UK,0,0,0,0,1,0.0,31,160895.77000000002,5190.186129032259,0,0,0,2,0,13,UK,1.5,Low,0,2,0.002663417,Low Risk,No action required
1066,Reed-Mcgee,Corporate,Retail,Low,IN,0,0,0,0,0,0.0,19,51559.01,2713.632105263158,0,0,0,2,0,10,IN,0.0,Low,0,0,0.0020851693,Low Risk,No action required
1067,"Hansen, Dixon and Sutton",NGO,Casino/Gambling,High,IR,0,0,1,1,0,0.0,31,261743.81,8443.348709677419,1,0,1,1,0,13,IR,7.5,High,1,2,0.9985045,Critical,Compliance team intervention
1068,"Friedman, Munoz and Horton",Financial Institution,Consulting,Low,CN,0,0,0,0,0,0.0,24,52837.41,2201.55875,0,0,0,2,0,12,CN,0.0,Low,0,0,0.0025911434,Low Risk,No action required
1069,Dyer-Martin,Financial Institution,Financial Services,Medium,CA,0,0,0,0,1,0.0,33,86078.89,2608.451212121212,0,0,0,0,0,12,CA,1.5,Low,0,1,0.0024903126,Low Risk,No action required
1070,"Perry, Cox and Love",NGO,Tech,Low,SY,0,0,0,1,0,1.0,30,62980.08,2099.336,0,0,1,0,0,11,SY,13.5,Critical,1,0,0.99651885,Critical,Compliance team intervention
1071,Romero Inc,Financial Institution,Financial Services,Medium,SD,0,0,0,1,1,0.0,29,60959.47,2102.0506896551724,0,0,1,0,0,12,SD,5.0,Medium,0,1,0.0068832426,Low Risk,No action required
1072,Martin-Sullivan,Corporate,Energy/Oil,High,VE,0,0,0,1,1,0.0,22,119252.57,5420.571363636364,0,0,0,2,0,12,VE,3.5,Medium,0,2,0.0065597044,Low Risk,No action required
1073,Martinez Ltd,Corporate,NGO/Charity,High,AE,1,0,0,0,0,0.5,29,218597.55,7537.8465517241375,0,0,0,2,0,9,AE,8.0,High,1,2,0.9957552,Critical,Compliance team intervention
1074,Leon PLC,Individual,Crypto Exchange,High,SG,1,0,0,0,0,0.0,22,99248.92,4511.314545454546,0,0,0,0,0,11,SG,3.0,Medium,1,2,0.9793042,Critical,Compliance team intervention
1075,Flores-Allen,NGO,Retail,Low,JP,0,0,0,0,0,0.0,23,61380.82,2668.731304347826,0,0,0,5,0,10,JP,0.0,Low,0,0,0.0021091618,Low Risk,No action required
1076,"Green, Harris and Nelson",Corporate,Defense/Arms,High,CH,0,0,0,0,1,1.0,23,77509.86,3369.993913043478,1,0,0,2,0,13,CH,13.5,Critical,1,2,0.9987563,Critical,Compliance team intervention
1077,Hull-Mccoy,Financial Institution,Retail,Low,VE,0,0,0,1,0,0.0,33,75193.8,2278.6,0,0,0,4,0,12,VE,2.0,Low,0,0,0.004615203,Low Risk,No action required
1078,Blake-Gonzales,Financial Institution,Defense/Arms,High,NL,0,0,0,0,1,0.0,23,95561.09,4154.83,0,0,0,2,0,12,NL,1.5,Low,0,2,0.0029429386,Low Risk,No action required
1079,Moyer Ltd,NGO,Retail,Low,IR,0,0,1,1,0,1.0,21,38436.56,1830.3123809523809,0,0,0,1,0,9,IR,14.0,Critical,1,0,0.99535096,Critical,Compliance team intervention
1080,"Cochran, Skinner and Moore",Individual,Defense/Arms,High,UK,0,0,0,0,1,0.0,32,187189.65,5849.6765625,0,0,0,1,0,12,UK,1.5,Low,0,2,0.0028970398,Low Risk,No action required
1081,Jones Group,Corporate,Energy/Oil,High,KP,0,0,1,1,1,0.5,24,150432.22,6268.009166666667,0,0,0,3,0,10,KP,10.5,Critical,1,2,0.9967098,Critical,Compliance team intervention
1082,Mendoza and Sons,Financial Institution,Retail,Low,NL,0,0,0,0,0,0.0,29,46700.81,1610.3727586206896,0,0,0,0,0,11,NL,0.0,Low,0,0,0.0018188321,Low Risk,No action required
1083,"Butler, Schneider and Wallace",Corporate,Casino/Gambling,High,DE,0,0,0,0,0,0.0,23,107534.69,4675.421304347826,0,0,0,1,0,12,DE,0.0,Low,0,2,0.003640552,Low Risk,No action required
1084,"Wallace, Oconnor and Wilson",Individual,Tech,Low,IR,0,0,1,1,0,0.0,23,65014.79,2826.73,0,0,0,1,0,11,IR,4.0,Medium,1,0,0.99220806,Critical,Compliance team intervention
1085,"Grant, Smith and Hinton",Individual,Energy/Oil,High,IN,0,0,0,0,1,0.0,27,175802.35,6511.198148148148,0,0,0,1,0,11,IN,1.5,Low,0,2,0.003071149,Low Risk,No action required
1086,Carey Group,Financial Institution,Crypto Exchange,High,VE,0,0,0,1,0,0.0,22,136478.44,6203.565454545455,0,0,0,2,0,12,VE,2.0,Low,0,2,0.008091862,Low Risk,No action required
1087,Duncan-Dudley,NGO,Import/Export,Medium,VE,1,0,0,1,0,0.0,26,61840.57,2378.4834615384616,0,0,1,4,0,12,VE,6.5,High,1,1,0.98699737,Critical,Compliance team intervention
1088,Rodriguez LLC,Corporate,Financial Services,Medium,IR,0,0,1,1,1,0.0,17,28972.8,1704.2823529411764,1,0,0,0,0,11,IR,7.5,High,1,1,0.9977081,Critical,Compliance team intervention
1089,Johnston PLC,NGO,Energy/Oil,High,RU,0,0,0,1,1,0.0,27,154716.85,5730.253703703704,0,0,1,1,0,13,RU,5.0,Medium,0,2,0.008965825,Low Risk,No action required
1090,Murphy-Nolan,NGO,Energy/Oil,High,AE,0,0,0,0,1,0.5,21,120275.41,5727.400476190476,1,0,1,2,0,12,AE,10.0,High,1,2,0.9984843,Critical,Compliance team intervention
1091,"Martin, Porter and Reed",NGO,Crypto Exchange,High,RU,0,0,0,1,0,0.5,24,229258.54,9552.439166666663,0,0,0,1,0,11,RU,7.0,High,1,2,0.99720395,Critical,Compliance team intervention
1092,Hunter-Smith,NGO,Consulting,Low,RU,0,0,0,1,0,0.0,35,84861.99,2424.628285714286,0,0,0,2,0,14,RU,2.0,Low,0,0,0.006308973,Low Risk,No action required
1093,Bradshaw Group,Financial Institution,Tech,Low,IN,0,0,0,0,0,0.0,29,47599.28,1641.3544827586206,0,0,0,0,0,12,IN,0.0,Low,0,0,0.0020859574,Low Risk,No action required
1094,Daniels-Gonzalez,Financial Institution,Casino/Gambling,High,VE,0,0,0,1,0,0.0,24,69333.06,2888.8775,0,0,0,1,0,9,VE,2.0,Low,0,2,0.007841048,Low Risk,No action required
1095,Rogers-Bailey,Financial Institution,Financial Services,Medium,LB,0,0,0,0,1,0.0,23,42355.59,1841.547391304348,0,0,0,3,0,11,LB,1.5,Low,0,1,0.0018538418,Low Risk,No action required
1096,"Alvarez, Smith and Lewis",Financial Institution,Retail,Low,IN,0,0,0,0,0,0.0,29,56464.55,1947.053448275862,0,0,0,0,0,11,IN,0.0,Low,0,0,0.0018188321,Low Risk,No action required
1097,Lindsey-Garza,NGO,NGO/Charity,High,IR,0,0,1,1,0,0.0,19,70687.85,3720.413157894737,0,0,0,0,0,9,IR,4.0,Medium,1,2,0.9927907,Critical,Compliance team intervention
1098,Baker and Sons,Corporate,Crypto Exchange,High,SY,0,0,0,1,0,0.0,26,193476.39,7441.399615384616,1,0,0,1,0,12,SY,4.0,Medium,1,2,0.9983181,Critical,Compliance team intervention
1099,"Moore, Barnes and Hood",Corporate,Energy/Oil,High,AU,0,0,0,0,1,0.0,19,75646.11,3981.374210526316,0,0,0,1,0,10,AU,1.5,Low,0,2,0.0033030533,Low Risk,No action required
1100,Scott-Hayes,NGO,NGO/Charity,High,CN,1,0,0,0,0,0.5,32,164319.25,5134.9765625,1,0,0,0,0,14,CN,10.0,High,1,2,0.998302,Critical,Compliance team intervention
1101,"Armstrong, Anderson and Stafford",Financial Institution,NGO/Charity,High,SD,0,0,0,1,0,0.0,29,114425.96,3945.7227586206895,1,0,0,1,0,13,SD,4.0,Medium,1,2,0.9984403,Critical,Compliance team intervention
1102,Barrett-Harris,Individual,Consulting,Low,IR,0,0,1,1,0,0.0,16,33664.65,2104.040625,1,1,0,0,0,7,IR,6.0,High,1,0,0.9978296,Critical,Compliance team intervention
1103,Bond Ltd,Corporate,Energy/Oil,High,JP,0,0,0,0,1,0.5,30,135598.66,4519.955333333333,0,0,0,0,0,13,JP,6.5,High,1,2,0.9953081,Critical,Compliance team intervention
1104,"Davies, Mitchell and Castillo",Individual,Defense/Arms,High,CH,0,0,0,0,1,0.0,17,44132.7,2596.041176470588,0,0,0,1,0,9,CH,1.5,Low,0,2,0.0014680093,Low Risk,No action required
1105,Nash-Reid,Individual,Defense/Arms,High,FR,0,0,0,0,1,0.0,24,197407.73,8225.322083333333,0,0,1,0,0,11,FR,3.0,Medium,0,2,0.0044833464,Low Risk,No action required
1106,Gomez Group,Financial Institution,Real Estate,Medium,UK,0,0,0,0,0,0.0,19,41427.08,2180.372631578948,0,0,1,2,0,11,UK,1.5,Low,0,1,0.0027142856,Low Risk,No action required
1107,Patterson-Dean,Corporate,Retail,Low,AE,0,0,0,0,0,1.0,23,48513.78,2109.294782608696,0,0,0,2,0,12,AE,10.0,High,1,0,0.99484986,Critical,Compliance team intervention
1108,"Cooper, Gray and Lewis",Corporate,Crypto Exchange,High,UK,0,0,0,0,0,0.5,30,93433.23,3114.441,0,0,2,1,0,11,UK,8.0,High,1,2,0.9942006,Critical,Compliance team intervention
1109,Lopez-West,Financial Institution,Consulting,Low,SD,0,0,0,1,0,0.0,17,24668.31,1451.0770588235296,0,0,0,0,0,10,SD,2.0,Low,0,0,0.0040898835,Low Risk,No action required
1110,Myers Ltd,Corporate,NGO/Charity,High,SD,0,0,0,1,0,0.0,22,88617.53,4028.069545454545,0,0,1,0,0,10,SD,3.5,Medium,0,2,0.008284681,Low Risk,No action required
1111,Deleon-Sullivan,NGO,Defense/Arms,High,NL,0,0,0,0,1,0.0,27,211204.66,7822.394814814815,0,0,0,0,0,12,NL,1.5,Low,0,2,0.0032889207,Low Risk,No action required
1112,Wilkinson PLC,Financial Institution,Energy/Oil,High,FR,0,0,0,0,1,0.0,28,214516.78,7661.313571428572,0,0,0,4,0,10,FR,1.5,Low,0,2,0.003173366,Low Risk,No action required
1113,Williams-Sims,NGO,Energy/Oil,High,SD,0,0,0,1,1,0.0,27,171560.43,6354.09,0,0,0,3,0,11,SD,3.5,Medium,0,2,0.0063152597,Low Risk,No action required
1114,Ward Ltd,Individual,Financial Services,Medium,IR,0,0,1,1,1,0.0,24,52409.35,2183.7229166666666,0,0,1,1,0,13,IR,7.0,High,1,1,0.99418664,Critical,Compliance team intervention
1115,Mullins LLC,Financial Institution,Real Estate,Medium,US,0,0,0,0,0,0.0,24,51710.27,2154.594583333333,2,0,0,1,0,12,US,4.0,Medium,1,1,0.998317,Critical,Compliance team intervention
1116,White Inc,Financial Institution,Defense/Arms,High,CA,0,0,0,0,1,0.0,30,182755.32,6091.844,1,0,0,1,0,13,CA,3.5,Medium,1,2,0.9978351,Critical,Compliance team intervention
1117,Yates-Stevenson,Individual,Energy/Oil,High,SD,0,0,0,1,1,0.0,25,65539.29,2621.5716,1,0,0,0,0,14,SD,5.5,High,1,2,0.9983222,Critical,Compliance team intervention
1118,"Hernandez, Hurst and Zhang",Financial Institution,Defense/Arms,High,RU,0,0,0,1,1,0.0,25,57040.25,2281.61,0,0,1,0,0,11,RU,5.0,Medium,0,2,0.0048134313,Low Risk,No action required
1119,"Drake, Snyder and Walls",Individual,Real Estate,Medium,IR,0,0,1,1,0,0.0,22,53607.95,2436.725,0,0,0,2,0,10,IR,4.0,Medium,1,1,0.99041045,Critical,Compliance team intervention
1120,"Castro, Phelps and Neal",Financial Institution,Financial Services,Medium,SD,0,0,0,1,1,0.0,24,57076.66,2378.1941666666667,0,0,0,3,0,12,SD,3.5,Medium,0,1,0.006397968,Low Risk,No action required
1121,Anderson-Baker,Individual,Defense/Arms,High,FR,0,0,0,0,1,0.0,26,223697.01,8603.731153846154,3,2,1,3,0,15,FR,9.0,High,1,2,0.9983758,Critical,Compliance team intervention
1122,Walker PLC,Corporate,Import/Export,Medium,CH,0,0,0,0,0,0.0,21,31592.77,1504.4176190476192,0,0,0,1,0,9,CH,0.0,Low,0,1,0.0018033047,Low Risk,No action required
1123,Moran LLC,Financial Institution,NGO/Charity,High,CA,0,0,0,0,0,0.0,15,40753.11,2716.8740000000003,0,0,0,1,0,11,CA,0.0,Low,0,2,0.0016248364,Low Risk,No action required
1124,"Chandler, Boyd and Guzman",Corporate,Retail,Low,SY,1,0,0,1,0,0.0,35,217258.06,6207.373142857143,0,0,0,2,0,14,SY,5.0,Medium,1,0,0.997104,Critical,Compliance team intervention
1125,"Sampson, Johnson and Butler",NGO,Defense/Arms,High,KP,0,0,1,1,1,0.0,25,73988.18,2959.5271999999995,0,0,0,2,0,11,KP,5.5,High,1,2,0.9921868,Critical,Compliance team intervention
1126,"Frazier, Fox and Shepherd",Corporate,Consulting,Low,KP,0,0,1,1,0,0.0,23,49708.08,2161.220869565217,0,0,0,2,0,11,KP,4.0,Medium,1,0,0.99299663,Critical,Compliance team intervention
1127,"Bruce, Howard and Roach",Corporate,Real Estate,Medium,SY,0,0,0,1,0,0.0,27,39676.9,1469.5148148148148,0,0,0,0,0,12,SY,2.0,Low,0,1,0.0055948757,Low Risk,No action required
1128,Baker and Sons,Financial Institution,Crypto Exchange,High,DE,0,0,0,0,0,0.0,24,62008.82,2583.7008333333333,0,0,0,1,0,11,DE,0.0,Low,0,2,0.0015949515,Low Risk,No action required
1129,"Bush, Frazier and Rogers",Corporate,Financial Services,Medium,UK,0,0,0,0,1,0.0,19,52729.73,2775.2489473684213,0,0,0,2,0,10,UK,1.5,Low,0,1,0.002204321,Low Risk,No action required
1130,Berry and Sons,NGO,Casino/Gambling,High,RU,0,0,0,1,0,0.0,31,125247.24,4040.233548387097,0,0,0,3,0,12,RU,2.0,Low,0,2,0.005014496,Low Risk,No action required
1131,"Flores, Rowe and Hughes",Corporate,Consulting,Low,IN,0,0,0,0,0,0.0,26,77784.64,2991.716923076923,1,0,0,1,0,12,IN,2.0,Low,1,0,0.9989655,Critical,Compliance team intervention
1132,"Baxter, Hunter and Everett",Corporate,Retail,Low,AU,0,0,0,0,0,0.0,25,37572.29,1502.8916,1,0,0,3,0,12,AU,2.0,Low,1,0,0.99746084,Critical,Compliance team intervention
1133,Mcconnell LLC,NGO,Casino/Gambling,High,KP,0,0,1,1,0,0.0,33,140673.5,4262.833333333333,1,0,1,3,0,11,KP,7.5,High,1,2,0.9978466,Critical,Compliance team intervention
1134,Bright LLC,NGO,Import/Export,Medium,CN,0,0,0,0,0,0.5,26,42699.18,1642.276153846154,1,1,0,4,0,12,CN,7.0,High,1,1,0.99862766,Critical,Compliance team intervention
1135,Moon Group,NGO,Tech,Low,FR,0,0,0,0,0,0.0,32,60620.35,1894.3859375,0,0,0,1,0,13,FR,0.0,Low,0,0,0.0031238045,Low Risk,No action required
1136,"Jenkins, Williamson and Holloway",Financial Institution,Tech,Low,UK,0,0,0,0,0,0.0,26,44856.79,1725.2611538461538,0,0,0,2,0,14,UK,0.0,Low,0,0,0.0034752537,Low Risk,No action required
1137,"Walsh, Carroll and Grant",Financial Institution,Crypto Exchange,High,DE,0,0,0,0,0,0.0,28,248130.76,8861.812857142857,0,0,0,4,0,12,DE,0.0,Low,0,2,0.0034177254,Low Risk,No action required
1138,Johnson Inc,Individual,Defense/Arms,High,AU,0,0,0,0,1,0.0,28,126920.28,4532.867142857142,1,0,0,0,0,12,AU,3.5,Medium,1,2,0.9974148,Critical,Compliance team intervention
1139,"Olson, Allison and Andrews",Financial Institution,Consulting,Low,CN,0,0,0,0,0,0.0,23,35003.53,1521.892608695652,0,0,0,0,0,12,CN,0.0,Low,0,0,0.0021052484,Low Risk,No action required
1140,"Stokes, Ashley and Gutierrez",Individual,Casino/Gambling,High,SG,0,0,0,0,0,0.0,27,466791.62,17288.57851851852,0,0,0,3,0,12,SG,0.0,Low,0,2,0.0034177254,Low Risk,No action required
1141,"Hughes, Moore and Martinez",Individual,Defense/Arms,High,VE,0,0,0,1,1,0.0,24,192914.98,8038.124166666667,1,1,0,2,0,14,VE,5.5,High,1,2,0.99886835,Critical,Compliance team intervention
1142,Jackson-Green,Financial Institution,Financial Services,Medium,SD,1,0,0,1,1,0.0,21,69237.71,3297.03380952381,1,0,0,0,0,11,SD,8.5,High,1,1,0.9990546,Critical,Compliance team intervention
1143,Harvey Ltd,Financial Institution,Financial Services,Medium,AE,0,0,0,0,1,0.0,21,42414.8,2019.7523809523807,0,0,0,1,0,9,AE,1.5,Low,0,1,0.0018914128,Low Risk,No action required
1144,"Castillo, Lawson and Estrada",Financial Institution,NGO/Charity,High,SG,0,0,0,0,0,0.0,26,156596.47,6022.941153846154,2,1,0,2,0,13,SG,4.0,Medium,1,2,0.9983266,Critical,Compliance team intervention
1145,King-Walton,Financial Institution,Retail,Low,NL,0,0,0,0,0,0.0,21,58892.55,2804.407142857143,0,0,0,0,0,8,NL,0.0,Low,0,0,0.0022582726,Low Risk,No action required
1146,Harper-Bentley,Corporate,Casino/Gambling,High,SY,0,0,0,1,0,0.0,32,246703.9,7709.496875,0,0,1,1,0,12,SY,3.5,Medium,0,2,0.0069449595,Low Risk,No action required
1147,Todd and Sons,NGO,Crypto Exchange,High,DE,0,0,0,0,0,0.0,21,155006.28,7381.251428571429,0,0,1,0,0,12,DE,1.5,Low,0,2,0.0046665864,Low Risk,No action required
1148,Jordan-Bailey,NGO,Consulting,Low,JP,0,0,0,0,0,0.5,28,59782.4,2135.0857142857144,0,0,0,0,0,11,JP,5.0,Medium,1,0,0.99552166,Critical,Compliance team intervention
1149,"Robinson, Bell and Wheeler",Financial Institution,Real Estate,Medium,AF,0,0,0,0,0,0.0,16,42180.37,2636.273125,0,0,1,1,0,9,AF,1.5,Low,0,1,0.002737938,Low Risk,No action required
1150,"Fuller, Hartman and Lambert",Financial Institution,NGO/Charity,High,FR,0,0,0,0,0,0.0,29,145422.34,5014.563448275862,0,0,0,3,0,12,FR,0.0,Low,0,2,0.001369225,Low Risk,No action required
1151,"Baldwin, Booth and Mitchell",Corporate,Casino/Gambling,High,AE,0,0,0,0,0,0.0,26,117241.63,4509.293461538462,0,0,1,1,0,12,AE,1.5,Low,0,2,0.0033167026,Low Risk,No action required
1152,Brady-Burton,Financial Institution,Defense/Arms,High,IN,0,0,0,0,1,0.0,24,159683.91,6653.49625,1,1,0,2,0,14,IN,3.5,Medium,1,2,0.998517,Critical,Compliance team intervention
1153,Wagner-Huang,Financial Institution,Financial Services,Medium,NL,0,0,0,0,1,0.0,27,49070.33,1817.4196296296295,0,0,1,2,0,12,NL,3.0,Medium,0,1,0.0022599364,Low Risk,No action required
1154,Moore-Aguilar,Individual,Energy/Oil,High,VE,0,0,0,1,1,0.0,34,221948.49,6527.896764705882,2,1,0,1,0,13,VE,7.5,High,1,2,0.9983713,Critical,Compliance team intervention
1155,Mclaughlin-Keith,Financial Institution,Real Estate,Medium,VE,0,0,0,1,0,0.0,24,57312.67,2388.0279166666664,0,0,0,2,0,13,VE,2.0,Low,0,1,0.0071688,Low Risk,No action required
1156,Mendez-Sanchez,Corporate,Import/Export,Medium,SG,0,0,0,0,0,0.5,30,45987.59,1532.9196666666664,1,0,0,1,0,13,SG,7.0,High,1,1,0.99891627,Critical,Compliance team intervention
1157,Moore Ltd,NGO,Financial Services,Medium,VE,0,0,0,1,1,0.0,21,55212.33,2629.158571428572,0,0,0,0,0,12,VE,3.5,Medium,0,1,0.0075996527,Low Risk,No action required
1158,Quinn PLC,Individual,Defense/Arms,High,CH,1,0,0,0,1,0.0,20,50896.45,2544.8225,0,0,0,3,0,10,CH,4.5,Medium,1,2,0.94664913,Critical,Compliance team intervention
1159,"Rodriguez, Murray and Zuniga",NGO,Retail,Low,DE,0,0,0,0,0,0.0,20,52994.49,2649.7245,0,0,0,1,0,9,DE,0.0,Low,0,0,0.0023986697,Low Risk,No action required
1160,"Buchanan, Hicks and Hodge",Corporate,Retail,Low,US,1,0,0,0,0,0.0,31,335752.81,10830.735806451612,0,0,0,1,0,13,US,3.0,Medium,1,0,0.99653745,Critical,Compliance team intervention
1161,Nicholson-Harris,Financial Institution,Financial Services,Medium,IR,1,0,1,1,1,0.0,28,159104.6,5682.307142857143,1,0,1,0,0,13,IR,12.0,Critical,1,1,0.9996551,Critical,Compliance team intervention
1162,Sanchez-Luna,Financial Institution,Real Estate,Medium,SY,0,0,0,1,0,0.0,28,55816.94,1993.462142857143,0,0,0,0,0,10,SY,2.0,Low,0,1,0.0049814,Low Risk,No action required
1163,Marshall PLC,NGO,NGO/Charity,High,IR,0,0,1,1,0,0.0,24,75768.54,3157.0225,0,0,0,1,0,11,IR,4.0,Medium,1,2,0.99398994,Critical,Compliance team intervention
1164,Hill Inc,NGO,Energy/Oil,High,FR,0,0,0,0,1,0.0,29,157347.69,5425.782413793104,1,0,0,4,0,13,FR,3.5,Medium,1,2,0.99767417,Critical,Compliance team intervention
1165,"Rangel, Taylor and Gomez",Corporate,Defense/Arms,High,VE,0,0,0,1,1,1.0,25,145380.42,5815.2168,0,0,0,0,0,11,VE,13.5,Critical,1,2,0.99667645,Critical,Compliance team intervention
1166,"Townsend, Stone and Buchanan",NGO,Retail,Low,SY,0,0,0,1,0,0.0,31,41752.07,1346.8409677419354,2,1,0,1,0,15,SY,6.0,High,1,0,0.99855214,Critical,Compliance team intervention
1167,"Garcia, Willis and Johns",NGO,Consulting,Low,US,0,0,0,0,0,0.0,15,33335.17,2222.3446666666664,1,1,0,1,0,7,US,2.0,Low,1,0,0.99769294,Critical,Compliance team intervention
1168,Brown Group,NGO,Energy/Oil,High,JP,0,0,0,0,1,0.0,24,54158.67,2256.61125,0,0,0,0,0,12,JP,1.5,Low,0,2,0.0014444737,Low Risk,No action required
1169,"Rodriguez, Nunez and Wood",Corporate,Import/Export,Medium,CH,0,0,0,0,0,0.0,26,33165.24,1275.5861538461538,0,0,0,1,0,12,CH,0.0,Low,0,1,0.002899206,Low Risk,No action required
1170,Olson LLC,Individual,Consulting,Low,SG,0,0,0,0,0,0.0,15,17823.94,1188.2626666666663,0,0,0,0,0,12,SG,0.0,Low,0,0,0.0020479846,Low Risk,No action required
1171,"Rodriguez, Castillo and Velazquez",NGO,Real Estate,Medium,CH,0,0,0,0,0,1.0,27,39269.52,1454.4266666666665,1,0,0,1,0,11,CH,12.0,Critical,1,1,0.9983021,Critical,Compliance team intervention
1172,Weeks Ltd,NGO,Import/Export,Medium,KP,0,0,1,1,0,0.0,27,56566.31,2095.0485185185184,1,0,0,2,0,13,KP,6.0,High,1,1,0.99840444,Critical,Compliance team intervention
1173,Ryan LLC,Financial Institution,Tech,Low,DE,0,0,0,0,0,0.0,18,45253.23,2514.0683333333336,0,0,0,0,0,12,DE,0.0,Low,0,0,0.002857042,Low Risk,No action required
1174,Mack and Sons,Corporate,Defense/Arms,High,UK,0,0,0,0,1,0.0,22,95072.92,4321.496363636364,0,0,0,1,0,12,UK,1.5,Low,0,2,0.0035849921,Low Risk,No action required
1175,"Harper, Jordan and Bryant",Individual,Tech,Low,KP,0,0,1,1,0,0.0,28,53411.16,1907.5414285714287,1,1,0,1,0,13,KP,6.0,High,1,0,0.9985964,Critical,Compliance team intervention
1176,Miller PLC,NGO,Consulting,Low,CA,0,0,0,0,0,1.0,28,44447.45,1587.4089285714283,3,2,0,2,0,13,CA,16.0,Critical,1,0,0.99876535,Critical,Compliance team intervention
1177,James-Morris,Individual,Defense/Arms,High,JP,0,0,0,0,1,0.0,30,112257.56,3741.9186666666665,0,0,0,2,0,12,JP,1.5,Low,0,2,0.00209315,Low Risk,No action required
1178,Tate-Wise,Individual,Casino/Gambling,High,US,0,0,0,0,0,0.0,18,33509.36,1861.631111111111,0,0,0,0,0,11,US,0.0,Low,0,2,0.0025820534,Low Risk,No action required
1179,"Thomas, Flores and Hansen",Individual,NGO/Charity,High,SY,0,0,0,1,0,0.0,33,477127.47,14458.40818181818,1,1,1,2,0,14,SY,5.5,High,1,2,0.9985045,Critical,Compliance team intervention
1180,"Garcia, Fernandez and Kirby",NGO,Casino/Gambling,High,FR,0,0,0,0,0,0.0,24,148946.36,6206.098333333332,0,0,0,0,0,11,FR,0.0,Low,0,2,0.0038762765,Low Risk,No action required
1181,Zamora PLC,Corporate,Import/Export,Medium,IR,0,0,1,1,0,1.0,26,52539.49,2020.7496153846157,0,0,1,0,0,12,IR,15.5,Critical,1,1,0.99709594,Critical,Compliance team intervention
1182,King-Marshall,NGO,Crypto Exchange,High,NL,0,0,0,0,0,0.5,23,229197.19,9965.095217391305,0,0,0,0,0,10,NL,5.0,Medium,1,2,0.99534756,Critical,Compliance team intervention
1183,"Rowe, Williams and Gonzalez",Financial Institution,Real Estate,Medium,AU,0,0,0,0,0,0.0,23,42169.94,1833.4756521739127,0,0,0,0,0,12,AU,0.0,Low,0,1,0.0021897785,Low Risk,No action required
1184,"Nunez, Pearson and Powell",NGO,Tech,Low,US,0,0,0,0,0,0.0,29,47460.82,1636.58,0,0,0,1,0,10,US,0.0,Low,0,0,0.0019899749,Low Risk,No action required
1185,Griffith and Sons,NGO,Energy/Oil,High,DE,0,0,0,0,1,0.0,18,55261.73,3070.0961111111114,0,0,0,0,0,8,DE,1.5,Low,0,2,0.0027728043,Low Risk,No action required
1186,"Walker, Davis and Flynn",Individual,Consulting,Low,IN,0,1,0,0,0,0.0,25,103886.91,4155.4764000000005,17,6,2,1,0,8,IN,40.0,Critical,1,0,0.9990288,Critical,Compliance team intervention
1187,Miller Ltd,Corporate,Crypto Exchange,High,DE,0,0,0,0,0,0.0,29,311249.85,10732.753448275862,0,0,0,2,0,12,DE,0.0,Low,0,2,0.0034177254,Low Risk,No action required
1188,"Dunn, Webb and Williams",NGO,Tech,Low,FR,0,0,0,0,0,0.5,26,54909.02,2111.8853846153843,0,0,0,2,0,12,FR,5.0,Medium,1,0,0.9957321,Critical,Compliance team intervention
1189,"Carter, Olson and Phillips",NGO,Financial Services,Medium,SY,0,0,0,1,1,0.5,25,43782.18,1751.2872,0,0,1,1,0,12,SY,10.0,High,1,1,0.99702865,Critical,Compliance team intervention
1190,Donaldson-Richardson,Corporate,Crypto Exchange,High,UK,0,0,0,0,0,0.0,20,314488.33,15724.4165,0,0,0,3,0,11,UK,0.0,Low,0,2,0.0045996523,Low Risk,No action required
1191,"Lindsey, Hartman and Reynolds",Corporate,Retail,Low,DE,0,0,0,0,0,0.0,27,65250.71,2416.692962962963,0,0,0,0,0,12,DE,0.0,Low,0,0,0.0024965983,Low Risk,No action required
1192,"Washington, Bennett and Weiss",Corporate,Casino/Gambling,High,CN,0,0,0,0,0,0.0,27,177758.81,6583.659629629629,1,0,0,0,0,12,CN,2.0,Low,1,2,0.99745756,Critical,Compliance team intervention
1193,"Villanueva, Gordon and Lewis",Individual,Crypto Exchange,High,DE,0,0,0,0,0,0.0,25,89187.89,3567.5156,0,0,0,2,0,11,DE,0.0,Low,0,2,0.003485388,Low Risk,No action required
1194,"Chavez, Davis and Leach",NGO,Tech,Low,LB,0,0,0,0,0,0.0,25,54532.69,2181.3076,0,0,1,1,0,11,LB,1.5,Low,0,0,0.003301845,Low Risk,No action required
1195,"Barnes, Rivers and White",Corporate,Casino/Gambling,High,SD,0,0,0,1,0,0.0,21,106723.88,5082.089523809524,1,1,0,0,0,13,SD,4.0,Medium,1,2,0.9985831,Critical,Compliance team intervention
1196,Woods-Noble,NGO,Tech,Low,FR,0,0,0,0,0,0.0,33,66362.48,2010.9842424242424,1,1,0,0,0,14,FR,2.0,Low,1,0,0.99800867,Critical,Compliance team intervention
1197,Cook PLC,Individual,Retail,Low,NL,0,0,0,0,0,0.0,24,42392.42,1766.3508333333332,1,1,0,0,0,13,NL,2.0,Low,1,0,0.99812335,Critical,Compliance team intervention
1198,"Foster, Hardy and Thomas",NGO,Defense/Arms,High,JP,0,0,0,0,1,0.0,34,111548.45,3280.836764705882,0,0,0,2,0,11,JP,1.5,Low,0,2,0.0020968115,Low Risk,No action required
1199,"Taylor, Hines and Roy",Corporate,Financial Services,Medium,US,0,0,0,0,1,0.0,21,49813.4,2372.0666666666666,0,0,0,2,0,10,US,1.5,Low,0,1,0.0022954883,Low Risk,No action required
1200,"Mitchell, Thomas and Williams",Individual,Energy/Oil,High,CA,0,0,0,0,1,0.0,27,242491.55,8981.168518518518,1,1,0,1,0,13,CA,3.5,Medium,1,2,0.9981041,Critical,Compliance team intervention
1201,"Simmons, Petersen and Henry",NGO,Consulting,Low,DE,0,0,0,0,0,0.5,25,47818.53,1912.7412,1,1,0,3,0,13,DE,7.0,High,1,0,0.9988619,Critical,Compliance team intervention
1202,Gibson-Delacruz,Corporate,Consulting,Low,CH,0,0,0,0,0,1.0,21,33203.16,1581.102857142857,1,0,0,3,0,11,CH,12.0,Critical,1,0,0.9979259,Critical,Compliance team intervention
1203,Miller-Gomez,Financial Institution,Crypto Exchange,High,NL,0,0,0,0,0,0.0,23,106653.08,4637.090434782609,0,0,0,0,0,12,NL,0.0,Low,0,2,0.0035025494,Low Risk,No action required
1204,"Wright, Smith and Phelps",Financial Institution,Crypto Exchange,High,CN,0,0,0,0,0,0.0,27,185747.41,6879.533703703703,0,0,0,1,0,13,CN,0.0,Low,0,2,0.004418699,Low Risk,No action required
1205,"West, Anderson and Carter",NGO,Import/Export,Medium,LB,0,0,0,0,0,0.0,30,74231.31,2474.377,0,0,0,1,0,13,LB,0.0,Low,0,1,0.0033585536,Low Risk,No action required
1206,Campbell PLC,Corporate,Casino/Gambling,High,JP,0,1,0,0,0,0.0,30,112529.76,3750.992,23,5,0,0,0,8,JP,49.0,Critical,1,2,0.9973667,Critical,Compliance team intervention
1207,Fox-Smith,Corporate,Energy/Oil,High,NL,0,0,0,0,1,0.0,30,234061.09,7802.036333333333,0,0,1,0,0,12,NL,3.0,Medium,0,2,0.003171763,Low Risk,No action required
1208,Olson-Tucker,Corporate,Import/Export,Medium,NL,0,0,0,0,0,0.5,26,48291.47,1857.3642307692307,0,0,0,1,0,11,NL,5.0,Medium,1,1,0.9951331,Critical,Compliance team intervention
1209,Oneill PLC,Corporate,Defense/Arms,High,AE,0,0,0,0,1,0.5,22,67313.34,3059.697272727273,0,0,0,2,0,11,AE,6.5,High,1,2,0.99522156,Critical,Compliance team intervention
1210,Henderson-Rush,NGO,Crypto Exchange,High,IN,0,0,0,0,0,1.0,28,114769.82,4098.922142857143,0,0,0,1,0,13,IN,10.0,High,1,2,0.99548364,Critical,Compliance team intervention
1211,"Jennings, Vazquez and Terry",Individual,Consulting,Low,AU,0,0,0,0,0,0.0,26,54601.04,2100.04,1,0,0,2,0,12,AU,2.0,Low,1,0,0.9980387,Critical,Compliance team intervention
1212,"Brown, Mathews and Craig",Financial Institution,Real Estate,Medium,AU,0,0,0,0,0,0.0,23,68129.89,2962.169130434783,1,1,0,1,0,13,AU,2.0,Low,1,1,0.99903774,Critical,Compliance team intervention
1213,Williams-Gilmore,Individual,Financial Services,Medium,SD,0,0,0,1,1,0.0,18,38498.99,2138.8327777777777,0,0,0,0,0,10,SD,3.5,Medium,0,1,0.0062610907,Low Risk,No action required
1214,Hickman Ltd,Corporate,Casino/Gambling,High,SG,0,0,0,0,0,0.0,29,160429.52,5532.052413793103,0,0,1,1,0,13,SG,1.5,Low,0,2,0.0028775446,Low Risk,No action required
1215,"Barton, Davis and Turner",Financial Institution,Real Estate,Medium,LB,0,1,0,0,0,0.0,23,108224.37,4705.407391304348,17,5,0,3,0,7,LB,37.0,Critical,1,1,0.9988226,Critical,Compliance team intervention
1216,"Jackson, Smith and Riddle",Individual,NGO/Charity,High,CN,0,1,0,0,0,0.0,26,194609.68,7484.987692307692,22,8,0,1,0,8,CN,47.0,Critical,1,2,0.9975656,Critical,Compliance team intervention
1217,Welch-Wells,NGO,Energy/Oil,High,CA,0,0,0,0,1,0.5,23,87736.62,3814.635652173913,0,0,0,0,0,12,CA,6.5,High,1,2,0.99558616,Critical,Compliance team intervention
1218,"Hurst, Watts and Reynolds",NGO,Tech,Low,LB,1,0,0,0,0,0.0,19,65448.95,3444.6815789473685,0,0,0,1,0,11,LB,3.0,Medium,1,0,0.9873819,Critical,Compliance team intervention
1219,"Thomas, Clayton and Mitchell",NGO,Consulting,Low,SY,0,1,0,1,0,1.0,21,63648.32,3030.872380952381,16,2,0,1,0,7,SY,47.0,Critical,1,0,0.999173,Critical,Compliance team intervention
1220,Harris LLC,NGO,Retail,Low,FR,0,0,0,0,0,0.0,21,28582.34,1361.0638095238096,0,0,0,0,0,8,FR,0.0,Low,0,0,0.0015806645,Low Risk,No action required
1221,Williams Group,Financial Institution,Tech,Low,CN,0,0,0,0,0,0.0,20,41893.93,2094.6965,0,0,0,0,0,9,CN,0.0,Low,0,0,0.0019442479,Low Risk,No action required
1222,Norton and Sons,Individual,Tech,Low,AE,0,1,0,0,0,0.0,23,263369.73,11450.857826086956,17,7,0,1,0,8,AE,37.0,Critical,1,0,0.99956876,Critical,Compliance team intervention
1223,"Meyer, King and Sanders",Corporate,Tech,Low,IN,0,0,0,0,0,0.5,31,65654.1,2117.874193548387,2,2,0,4,0,13,IN,9.0,High,1,0,0.99872607,Critical,Compliance team intervention
1224,"Dawson, Bell and Richards",Individual,Crypto Exchange,High,SY,0,0,0,1,0,0.0,27,301528.61,11167.726296296296,0,0,0,2,0,11,SY,2.0,Low,0,2,0.006795916,Low Risk,No action required
1225,Smith Inc,Individual,Defense/Arms,High,CN,0,0,0,0,1,0.0,22,114233.62,5192.437272727272,0,0,1,2,0,10,CN,3.0,Medium,0,2,0.0025094242,Low Risk,No action required
1226,"Underwood, Mcdaniel and Diaz",Corporate,Retail,Low,SD,0,0,0,1,0,0.0,15,52087.83,3472.522,0,0,0,2,0,9,SD,2.0,Low,0,0,0.010176759,Low Risk,No action required
1227,Delgado LLC,NGO,Casino/Gambling,High,SD,0,0,0,1,0,1.0,28,213181.43,7613.622499999999,1,0,0,1,0,14,SD,14.0,Critical,1,2,0.99887484,Critical,Compliance team intervention
1228,"Smith, Silva and Garcia",Individual,Casino/Gambling,High,SD,0,0,0,1,0,0.0,22,112372.7,5107.849999999999,1,1,0,0,0,13,SD,4.0,Medium,1,2,0.9986242,Critical,Compliance team intervention
1229,"Ellis, Brown and Haynes",Financial Institution,Financial Services,Medium,JP,0,0,0,0,1,0.0,24,40281.33,1678.38875,1,0,0,1,0,11,JP,3.5,Medium,1,1,0.9972657,Critical,Compliance team intervention
1230,Rivera-Fitzgerald,Corporate,Defense/Arms,High,CA,0,0,0,0,1,0.0,21,127015.73,6048.368095238095,1,1,1,1,0,12,CA,5.0,Medium,1,2,0.9976508,Critical,Compliance team intervention
1231,Deleon-Welch,Individual,Casino/Gambling,High,DE,0,0,0,0,0,0.0,26,143194.12,5507.466153846153,1,0,0,0,0,13,DE,2.0,Low,1,2,0.9980386,Critical,Compliance team intervention
1232,Coleman and Sons,Corporate,NGO/Charity,High,SY,0,0,0,1,0,0.0,17,129945.09,7643.828823529411,0,0,1,0,0,8,SY,3.5,Medium,0,2,0.00870926,Low Risk,No action required
1233,Harris-Carey,Financial Institution,Defense/Arms,High,DE,0,0,0,0,1,0.0,25,119203.17,4768.1268,0,0,0,1,0,11,DE,1.5,Low,0,2,0.0026590242,Low Risk,No action required
1234,Martin-Martin,Corporate,Consulting,Low,CA,0,0,0,0,0,0.0,29,54937.87,1894.409310344828,0,0,0,3,0,12,CA,0.0,Low,0,0,0.00202529,Low Risk,No action required
1235,Dougherty LLC,Financial Institution,Defense/Arms,High,SY,0,0,0,1,1,0.0,30,211764.97,7058.832333333334,0,0,1,0,0,14,SY,5.0,Medium,0,2,0.00863345,Low Risk,No action required
1236,"Aguirre, Gonzalez and Williams",Financial Institution,Tech,Low,AU,0,0,0,0,0,0.0,31,63908.45,2061.562903225806,0,0,0,1,0,11,AU,0.0,Low,0,0,0.0023713796,Low Risk,No action required
1237,Galvan PLC,Financial Institution,Retail,Low,JP,0,0,0,0,0,0.0,29,46700.93,1610.3768965517245,1,0,0,0,0,14,JP,2.0,Low,1,0,0.99810153,Critical,Compliance team intervention
1238,Rodriguez-Gilbert,Individual,Real Estate,Medium,SD,0,0,0,1,0,0.0,20,44657.83,2232.8915,0,0,0,2,0,10,SD,2.0,Low,0,1,0.0054051797,Low Risk,No action required
1239,Nguyen PLC,NGO,Consulting,Low,AF,0,0,0,0,0,0.5,27,72191.12,2673.745185185185,1,1,0,0,0,14,AF,7.0,High,1,0,0.99882704,Critical,Compliance team intervention
1240,Fry-Williams,Individual,Tech,Low,VE,1,0,0,1,0,0.0,22,100626.28,4573.921818181818,0,0,1,0,0,12,VE,6.5,High,1,0,0.99209034,Critical,Compliance team intervention
1241,"Garcia, Beard and Hamilton",Corporate,Financial Services,Medium,AU,0,0,0,0,1,0.5,21,30074.23,1432.1061904761905,0,0,0,0,0,9,AU,6.5,High,1,1,0.99252933,Critical,Compliance team intervention
1242,Torres LLC,Financial Institution,Financial Services,Medium,UK,0,0,0,0,1,0.0,27,41437.9,1534.737037037037,0,0,0,1,0,11,UK,1.5,Low,0,1,0.0020749487,Low Risk,No action required
1243,Ford-Reese,Financial Institution,Import/Export,Medium,DE,1,0,0,0,0,0.0,29,174265.06,6009.14,0,0,1,1,1,12,DE,4.5,Medium,1,1,0.9961106,Critical,Compliance team intervention
1244,Cowan-Smith,Individual,Financial Services,Medium,AF,0,0,0,0,1,0.0,30,70226.85,2340.895,0,0,0,2,0,11,AF,1.5,Low,0,1,0.0021542637,Low Risk,No action required
1245,Camacho Group,Financial Institution,NGO/Charity,High,CA,0,0,0,0,0,0.0,35,493986.81,14113.908857142857,0,0,1,1,0,11,CA,1.5,Low,0,2,0.003187963,Low Risk,No action required
1246,Chavez Inc,Corporate,Energy/Oil,High,AE,0,0,0,0,1,0.0,33,193042.7,5849.7787878787885,1,0,1,0,0,14,AE,5.0,Medium,1,2,0.9979693,Critical,Compliance team intervention
1247,"Best, Kent and Walker",Individual,Consulting,Low,IN,0,0,0,0,0,0.0,29,71909.95,2479.653448275862,1,1,1,4,0,12,IN,3.5,Medium,1,0,0.99786025,Critical,Compliance team intervention
1248,Thomas-Moore,NGO,Defense/Arms,High,NL,0,0,0,0,1,0.0,20,81240.22,4062.011,0,0,0,3,0,11,NL,1.5,Low,0,2,0.003177997,Low Risk,No action required
1249,Nichols-Allison,Corporate,Consulting,Low,SY,0,0,0,1,0,1.0,21,37335.77,1777.8938095238093,1,1,0,1,0,10,SY,14.0,Critical,1,0,0.99820805,Critical,Compliance team intervention
1250,"Williamson, Torres and Cole",Individual,Casino/Gambling,High,AF,0,0,0,0,0,0.0,21,321869.55,15327.121428571429,0,0,0,2,0,11,AF,0.0,Low,0,2,0.0044247448,Low Risk,No action required
1251,Erickson-Cervantes,Individual,Tech,Low,RU,0,0,0,1,0,0.0,23,33809.66,1469.9852173913046,0,0,0,1,0,11,RU,2.0,Low,0,0,0.0051456834,Low Risk,No action required
1252,"Hughes, Nelson and Gibson",NGO,Real Estate,Medium,AE,0,0,0,0,0,0.5,32,49505.78,1547.055625,0,0,0,1,0,11,AE,5.0,Medium,1,1,0.99388784,Critical,Compliance team intervention
1253,Valdez PLC,Financial Institution,Defense/Arms,High,UK,0,0,0,0,1,0.0,26,76652.89,2948.188076923077,0,0,0,1,0,11,UK,1.5,Low,0,2,0.002970555,Low Risk,No action required
1254,Simmons Inc,NGO,Energy/Oil,High,RU,0,0,0,1,1,1.0,23,137471.6,5977.026086956522,1,0,0,2,0,13,RU,15.5,Critical,1,2,0.99899846,Critical,Compliance team intervention
1255,"Smith, Williams and Anderson",Corporate,Defense/Arms,High,DE,0,0,0,0,1,1.0,26,148455.83,5709.839615384615,0,0,0,0,0,11,DE,11.5,Critical,1,2,0.9948026,Critical,Compliance team intervention
1256,Wright-Alvarez,NGO,Retail,Low,SG,0,0,0,0,0,0.0,28,50842.82,1815.815,1,1,0,4,0,13,SG,2.0,Low,1,0,0.9980446,Critical,Compliance team intervention
1257,Graham Inc,Individual,Energy/Oil,High,KP,0,0,1,1,1,0.0,22,112381.34,5108.242727272727,0,0,0,0,0,10,KP,5.5,High,1,2,0.99028134,Critical,Compliance team intervention
1258,Vaughn-King,Financial Institution,Retail,Low,RU,0,0,0,1,0,0.0,20,36740.12,1837.006,0,0,0,1,0,9,RU,2.0,Low,0,0,0.004484679,Low Risk,No action required
1259,Carr-Mcdaniel,NGO,Defense/Arms,High,AU,0,0,0,0,1,0.0,20,80286.94,4014.347,1,0,1,2,0,11,AU,5.0,Medium,1,2,0.9981522,Critical,Compliance team intervention
1260,Gregory-Moore,Corporate,Tech,Low,DE,0,0,0,0,0,0.5,26,39094.69,1503.6419230769231,0,0,0,3,0,15,DE,5.0,Medium,1,0,0.9964581,Critical,Compliance team intervention
1261,Brown Inc,Corporate,Real Estate,Medium,CA,1,0,0,0,0,0.0,24,98203.56,4091.815,0,0,0,3,0,11,CA,3.0,Medium,1,1,0.9873102,Critical,Compliance team intervention
1262,"Wagner, Gonzales and Becker",NGO,Retail,Low,IN,1,0,0,0,0,0.0,21,90925.4,4329.780952380952,0,0,0,1,0,9,IN,3.0,Medium,1,0,0.9861952,Critical,Compliance team intervention
1263,"Martin, Davis and Thompson",Financial Institution,Tech,Low,RU,0,0,0,1,0,0.0,31,42989.52,1386.7587096774196,0,0,0,1,0,13,RU,2.0,Low,0,0,0.0074369423,Low Risk,No action required
1264,"Acosta, Avery and Robertson",NGO,Defense/Arms,High,JP,0,0,0,0,1,0.0,23,118128.51,5136.022173913043,1,1,0,1,0,13,JP,3.5,Medium,1,2,0.9981383,Critical,Compliance team intervention
1265,"Stevenson, Lee and Ward",Individual,Import/Export,Medium,SD,0,0,0,1,0,0.0,26,59256.99,2279.115,1,0,0,3,0,13,SD,4.0,Medium,1,1,0.99847084,Critical,Compliance team intervention
1266,Rose-Coleman,Individual,Crypto Exchange,High,SY,0,0,0,1,0,0.0,22,123638.65,5619.938636363636,0,0,0,2,0,10,SY,2.0,Low,0,2,0.006321199,Low Risk,No action required
1267,Maddox PLC,Individual,Retail,Low,JP,0,0,0,0,0,0.0,27,63317.91,2345.1077777777778,2,0,0,0,0,13,JP,4.0,Medium,1,0,0.998086,Critical,Compliance team intervention
1268,Cox-Gutierrez,Financial Institution,Tech,Low,CA,0,0,0,0,0,0.0,27,64215.73,2378.3603703703707,0,0,0,1,0,10,CA,0.0,Low,0,0,0.0025978335,Low Risk,No action required
1269,Fields Ltd,Financial Institution,Retail,Low,RU,0,0,0,1,0,0.0,30,48696.38,1623.2126666666666,1,0,1,3,0,11,RU,5.5,High,1,0,0.9976301,Critical,Compliance team intervention
1270,"Murphy, Green and Herrera",NGO,Real Estate,Medium,SY,0,0,0,1,0,1.0,28,46216.53,1650.590357142857,0,0,0,2,0,11,SY,12.0,Critical,1,1,0.9954007,Critical,Compliance team intervention
1271,Estrada-Salinas,Financial Institution,Crypto Exchange,High,US,0,0,0,0,0,0.0,24,118880.13,4953.33875,1,0,0,1,0,13,US,2.0,Low,1,2,0.99755776,Critical,Compliance team intervention
1272,Cox-James,Corporate,Import/Export,Medium,CA,0,0,0,0,0,0.0,21,41572.26,1979.6314285714288,0,0,0,0,0,11,CA,0.0,Low,0,1,0.0023063505,Low Risk,No action required
1273,"Romero, Velasquez and Hill",Corporate,Consulting,Low,AU,0,0,0,0,0,0.0,22,42501.16,1931.8709090909088,0,0,0,1,0,12,AU,0.0,Low,0,0,0.0023014818,Low Risk,No action required
1274,Kelly Group,NGO,Real Estate,Medium,CA,0,0,0,0,0,0.5,28,52931.72,1890.418571428572,0,0,0,3,0,12,CA,5.0,Medium,1,1,0.9941624,Critical,Compliance team intervention
1275,Reid and Sons,Individual,Tech,Low,AE,0,0,0,0,0,0.0,24,39251.87,1635.4945833333334,1,0,0,1,0,12,AE,2.0,Low,1,0,0.9975199,Critical,Compliance team intervention
1276,Roberts LLC,Individual,Energy/Oil,High,SG,0,0,0,0,1,0.0,24,255786.66,10657.7775,0,0,0,3,0,12,SG,1.5,Low,0,2,0.0045436006,Low Risk,No action required
1277,Baird PLC,Financial Institution,Real Estate,Medium,DE,0,0,0,0,0,0.0,28,60818.75,2172.098214285714,0,0,0,0,0,12,DE,0.0,Low,0,1,0.003727555,Low Risk,No action required
1278,Clark-Sullivan,NGO,Tech,Low,SY,0,0,0,1,0,0.0,22,49613.12,2255.1418181818185,0,0,0,0,0,8,SY,2.0,Low,0,0,0.0047365623,Low Risk,No action required
1279,"Cook, Green and Bartlett",Corporate,Casino/Gambling,High,JP,0,0,0,0,0,0.5,30,81593.03,2719.767666666666,0,0,1,2,0,11,JP,6.5,High,1,2,0.9885118,Critical,Compliance team intervention
1280,Lloyd PLC,Corporate,Casino/Gambling,High,RU,0,0,0,1,0,1.0,27,197362.09000000003,7309.707037037038,0,0,0,2,0,10,RU,12.0,Critical,1,2,0.99597174,Critical,Compliance team intervention
1281,Flores-Aguilar,Individual,Energy/Oil,High,FR,0,0,0,0,1,0.0,26,160856.47,6186.787307692308,0,0,0,1,0,11,FR,1.5,Low,0,2,0.0031752083,Low Risk,No action required
1282,Perez-Harmon,Individual,Retail,Low,CA,0,0,0,0,0,0.0,27,43609.33,1615.1603703703704,0,0,0,0,0,11,CA,0.0,Low,0,0,0.0018188321,Low Risk,No action required
1283,"Fowler, Smith and Bishop",NGO,Defense/Arms,High,VE,0,1,0,1,1,0.0,28,377581.33,13485.0475,21,8,0,2,0,8,VE,48.5,Critical,1,2,0.9978574,Critical,Compliance team intervention
1284,Fuller LLC,Individual,NGO/Charity,High,AE,0,0,0,0,0,0.0,23,149206.76,6487.250434782609,1,0,0,1,0,11,AE,2.0,Low,1,2,0.99803704,Critical,Compliance team intervention
1285,"Ramos, Cortez and Williams",Individual,Consulting,Low,AE,0,0,0,0,0,0.0,19,37711.48,1984.8147368421053,0,0,0,1,0,12,AE,0.0,Low,0,0,0.0022088396,Low Risk,No action required
1286,"Kelly, Jones and Barron",Financial Institution,NGO/Charity,High,CA,0,0,0,0,0,0.0,28,152613.41999999998,5450.479285714285,2,1,0,0,0,14,CA,4.0,Medium,1,2,0.99773693,Critical,Compliance team intervention
1287,Salazar-Baird,Corporate,Consulting,Low,LB,0,0,0,0,0,0.0,30,50370.43,1679.0143333333333,0,0,0,1,0,12,LB,0.0,Low,0,0,0.002217936,Low Risk,No action required
1288,Howell and Sons,NGO,Defense/Arms,High,AU,0,0,0,0,1,0.0,22,203623.83,9255.628636363635,1,1,0,1,0,11,AU,3.5,Medium,1,2,0.9980306,Critical,Compliance team intervention
1289,Mcclain-Hudson,Corporate,Financial Services,Medium,AF,0,0,0,0,1,0.5,15,24825.31,1655.0206666666668,0,0,0,0,0,10,AF,6.5,High,1,1,0.9926152,Critical,Compliance team intervention
1290,Hernandez-Fernandez,Individual,Import/Export,Medium,AU,0,0,0,0,0,0.0,22,36427.62,1655.8009090909093,0,0,0,2,0,11,AU,0.0,Low,0,1,0.0018315964,Low Risk,No action required
1291,Mcdonald LLC,Individual,Financial Services,Medium,CH,0,0,0,0,1,0.0,20,42280.3,2114.0150000000003,0,0,1,0,0,12,CH,3.0,Medium,0,1,0.002593925,Low Risk,No action required
1292,Ross LLC,Financial Institution,NGO/Charity,High,KP,0,0,1,1,0,0.0,25,275664.26,11026.5704,0,0,0,1,0,10,KP,4.0,Medium,1,2,0.992025,Critical,Compliance team intervention
1293,Allen-Anderson,Financial Institution,Financial Services,Medium,AF,0,0,0,0,1,0.0,26,44156.4,1698.323076923077,0,0,0,2,0,13,AF,1.5,Low,0,1,0.0036145928,Low Risk,No action required
1294,Williams Group,Financial Institution,Tech,Low,SY,0,0,0,1,0,0.0,36,78093.09,2169.2525,1,0,0,0,0,13,SY,4.0,Medium,1,0,0.9989022,Critical,Compliance team intervention
1295,Serrano PLC,NGO,Financial Services,Medium,CN,0,0,0,0,1,0.5,24,63349.09,2639.545416666667,0,0,2,0,0,12,CN,9.5,High,1,1,0.9959544,Critical,Compliance team intervention
1296,Cook Inc,NGO,Tech,Low,NL,1,0,0,0,0,0.0,23,185631.68,8070.942608695652,1,0,1,1,0,12,NL,6.5,High,1,0,0.9996307,Critical,Compliance team intervention
1297,Garcia-Bird,Financial Institution,Consulting,Low,VE,0,0,0,1,0,0.0,28,39552.12,1412.5757142857144,1,0,0,0,0,13,VE,4.0,Medium,1,0,0.99846053,Critical,Compliance team intervention
1298,Decker Ltd,Corporate,Retail,Low,FR,0,0,0,0,0,0.0,26,68435.25,2632.125,0,0,0,2,0,13,FR,0.0,Low,0,0,0.0034202847,Low Risk,No action required
1299,"Kelly, Arias and Pacheco",Financial Institution,Defense/Arms,High,VE,0,0,0,1,1,0.0,20,243304.33,12165.2165,1,1,0,2,0,12,VE,5.5,High,1,2,0.99855167,Critical,Compliance team intervention
1300,"Nguyen, Hill and Warner",Financial Institution,Energy/Oil,High,IR,0,0,1,1,1,0.0,19,90430.8,4759.515789473684,0,0,0,1,0,9,IR,5.5,High,1,2,0.9899332,Critical,Compliance team intervention
1301,Turner LLC,Individual,Casino/Gambling,High,SY,0,0,0,1,0,0.0,31,126347.14,4075.714193548387,1,1,0,1,0,12,SY,4.0,Medium,1,2,0.9979716,Critical,Compliance team intervention
1302,Harrington-Alvarez,NGO,Import/Export,Medium,RU,0,0,0,1,0,0.0,31,70617.03,2277.968709677419,0,0,0,1,0,12,RU,2.0,Low,0,1,0.0057876306,Low Risk,No action required
1303,Lawson-Ochoa,NGO,Retail,Low,VE,1,0,0,1,0,0.0,20,170847.04,8542.352,1,1,0,1,0,10,VE,7.0,High,1,0,0.9995974,Critical,Compliance team intervention
1304,"Wheeler, Meyer and Marshall",Financial Institution,Real Estate,Medium,UK,1,0,0,0,0,0.0,29,98065.29,3381.561724137931,0,0,0,2,0,12,UK,3.0,Medium,1,1,0.9843025,Critical,Compliance team intervention
1305,"Sanders, Smith and Rodgers",Financial Institution,Energy/Oil,High,LB,0,0,0,0,1,0.0,34,238276.7,7008.138235294118,0,0,0,2,0,11,LB,1.5,Low,0,2,0.0029154893,Low Risk,No action required
1306,Kane-Webster,NGO,Crypto Exchange,High,SG,0,0,0,0,0,0.0,27,78226.95,2897.2944444444443,0,0,1,1,0,11,SG,1.5,Low,0,2,0.0025192138,Low Risk,No action required
1307,"Ramos, Burns and Foster",Individual,Tech,Low,IR,0,0,1,1,0,0.0,19,39853.51,2097.553157894737,0,0,0,0,0,12,IR,4.0,Medium,1,0,0.9907742,Critical,Compliance team intervention
1308,"Figueroa, Velazquez and Adams",Corporate,Financial Services,Medium,KP,0,0,1,1,1,0.0,18,44246.67,2458.148333333333,0,0,0,0,0,10,KP,5.5,High,1,1,0.992019,Critical,Compliance team intervention
1309,Harris-Stafford,NGO,Defense/Arms,High,AF,0,0,0,0,1,0.0,33,159035.43,4819.255454545454,1,1,0,1,0,13,AF,3.5,Medium,1,2,0.99719644,Critical,Compliance team intervention
1310,"Atkinson, Melton and Bennett",Corporate,Crypto Exchange,High,SD,0,0,0,1,0,1.0,25,86304.59,3452.1836,0,0,0,1,0,11,SD,12.0,Critical,1,2,0.99768484,Critical,Compliance team intervention
1311,Quinn-Anderson,Individual,Crypto Exchange,High,RU,0,0,0,1,0,0.0,23,69008.53,3000.370869565217,0,0,0,0,0,12,RU,2.0,Low,0,2,0.007550092,Low Risk,No action required
1312,Burns-Miller,Individual,NGO/Charity,High,US,0,0,0,0,0,0.0,22,158482.33000000002,7203.742272727273,1,0,0,3,0,12,US,2.0,Low,1,2,0.9980934,Critical,Compliance team intervention
1313,Ellis Group,NGO,Import/Export,Medium,DE,0,0,0,0,0,0.0,19,47643.43,2507.548947368421,0,0,0,1,0,12,DE,0.0,Low,0,1,0.0032508485,Low Risk,No action required
1314,Henry-Morgan,Financial Institution,Consulting,Low,AE,0,0,0,0,0,0.0,30,69380.66,2312.688666666667,0,0,0,2,0,12,AE,0.0,Low,0,0,0.0018305654,Low Risk,No action required
1315,Obrien-West,NGO,Import/Export,Medium,AE,0,0,0,0,0,1.0,24,49775.81,2073.992083333333,0,0,0,0,0,10,AE,10.0,High,1,1,0.993982,Critical,Compliance team intervention
1316,Morgan-Rogers,NGO,Retail,Low,SY,0,0,0,1,0,0.0,24,42795.39,1783.14125,0,0,0,2,0,11,SY,2.0,Low,0,0,0.004302527,Low Risk,No action required
1317,Harrison-Jimenez,Financial Institution,Casino/Gambling,High,SG,0,0,0,0,0,0.0,34,116008.39,3412.011470588235,0,0,1,0,0,12,SG,1.5,Low,0,2,0.0022417735,Low Risk,No action required
1318,Meyers-Gonzalez,Individual,Tech,Low,DE,0,0,0,0,0,0.0,23,41079.11,1786.0482608695652,0,0,0,2,0,13,DE,0.0,Low,0,0,0.0030385242,Low Risk,No action required
1319,Torres-Knight,Financial Institution,Financial Services,Medium,AE,0,0,0,0,1,0.0,28,55499.11,1982.1110714285717,1,0,0,2,0,13,AE,3.5,Medium,1,1,0.99851686,Critical,Compliance team intervention
1320,Johnson Inc,Corporate,Tech,Low,AF,0,0,0,0,0,0.0,26,53594.19,2061.315,0,0,0,1,0,12,AF,0.0,Low,0,0,0.0032042009,Low Risk,No action required
1321,"Zavala, Perez and Thompson",Individual,Tech,Low,DE,0,0,0,0,0,0.0,23,53792.25,2338.793478260869,1,0,0,1,0,10,DE,2.0,Low,1,0,0.9975641,Critical,Compliance team intervention
1322,Hubbard-Boyd,Corporate,NGO/Charity,High,AE,0,0,0,0,0,0.5,27,152539.78,5649.621481481481,0,0,0,1,0,12,AE,5.0,Medium,1,2,0.99435693,Critical,Compliance team intervention
1323,"Gregory, Fisher and Joyce",NGO,Retail,Low,SY,0,1,0,1,0,0.0,33,111910.16,3391.21696969697,28,9,2,1,0,8,SY,64.0,Critical,1,0,0.9990393,Critical,Compliance team intervention
1324,"Davidson, Holloway and Rodriguez",Corporate,Consulting,Low,NL,0,0,0,0,0,0.0,28,69819.67,2493.559642857143,0,0,0,2,0,12,NL,0.0,Low,0,0,0.00236149,Low Risk,No action required
1325,Chan Group,Individual,Import/Export,Medium,NL,0,0,0,0,0,0.0,26,45789.64,1761.14,1,1,0,1,0,12,NL,2.0,Low,1,1,0.9980761,Critical,Compliance team intervention
1326,"Keith, Thomas and Williams",Individual,Energy/Oil,High,AE,0,0,0,0,1,0.0,31,206486.15,6660.843548387096,0,0,0,1,0,12,AE,1.5,Low,0,2,0.0030269355,Low Risk,No action required
1327,"Roman, Greer and Conrad",Individual,Consulting,Low,AF,0,0,0,0,0,0.0,25,40415.41,1616.6164,0,0,0,1,0,12,AF,0.0,Low,0,0,0.002481618,Low Risk,No action required
1328,Beck Ltd,Individual,Consulting,Low,CA,0,0,0,0,0,0.0,21,36386.56,1732.6933333333332,0,0,0,0,0,11,CA,0.0,Low,0,0,0.0017495055,Low Risk,No action required
1329,"Smith, Francis and Fields",Individual,Tech,Low,AE,0,0,0,0,0,0.0,21,28091.44,1337.687619047619,0,0,0,3,0,9,AE,0.0,Low,0,0,0.0015346702,Low Risk,No action required
1330,"Burke, Miller and Keith",Financial Institution,Financial Services,Medium,AF,0,0,0,0,1,0.0,30,59686.6,1989.5533333333333,0,0,0,3,0,10,AF,1.5,Low,0,1,0.0018632156,Low Risk,No action required
1331,"Lewis, Roberts and Miller",NGO,Financial Services,Medium,CA,0,0,0,0,1,0.0,35,49089.28,1402.550857142857,0,0,0,2,0,12,CA,1.5,Low,0,1,0.0020423108,Low Risk,No action required
1332,"Singleton, Simpson and Fox",Corporate,Real Estate,Medium,CH,0,0,0,0,0,0.0,19,66089.61,3478.4005263157896,0,0,2,0,0,12,CH,3.0,Medium,0,1,0.0060870927,Low Risk,No action required
1333,Brown Inc,Corporate,NGO/Charity,High,RU,0,0,0,1,0,0.0,23,76352.62,3319.6791304347826,0,0,0,0,0,10,RU,2.0,Low,0,2,0.0075314073,Low Risk,No action required
1334,Jimenez-Hamilton,Corporate,Import/Export,Medium,SD,0,0,0,1,0,1.0,22,42751.0,1943.2272727272727,0,0,0,1,0,8,SD,12.0,Critical,1,1,0.99568766,Critical,Compliance team intervention
1335,"Burch, Martin and Murphy",Corporate,NGO/Charity,High,JP,0,0,0,0,0,0.0,24,43775.21,1823.9670833333328,0,0,0,1,0,10,JP,0.0,Low,0,2,0.0024712346,Low Risk,No action required
1336,"Morris, Stewart and Jacobson",NGO,Tech,Low,AF,0,0,0,0,0,0.0,17,30066.39,1768.611176470588,1,0,0,0,0,12,AF,2.0,Low,1,0,0.99727625,Critical,Compliance team intervention
1337,"Escobar, Chavez and Gillespie",Financial Institution,Real Estate,Medium,LB,0,0,0,0,0,0.0,16,37988.86,2374.30375,0,0,0,1,0,8,LB,0.0,Low,0,1,0.0026055214,Low Risk,No action required
1338,"Rojas, Porter and Davidson",NGO,Tech,Low,AU,0,0,0,0,0,0.0,37,81011.62,2189.503243243243,0,0,0,4,0,13,AU,0.0,Low,0,0,0.0029813843,Low Risk,No action required
1339,"Lindsey, Allen and Wilcox",Corporate,Retail,Low,LB,1,0,0,0,0,0.0,28,110815.93,3957.711785714285,1,0,0,0,0,11,LB,5.0,Medium,1,0,0.9988765,Critical,Compliance team intervention
1340,Johnson-Park,Financial Institution,Import/Export,Medium,VE,0,0,0,1,0,0.0,23,52537.75,2284.25,0,0,0,4,0,11,VE,2.0,Low,0,1,0.0047866753,Low Risk,No action required
1341,Garcia-Hill,NGO,Tech,Low,UK,0,0,0,0,0,0.5,27,71622.94,2652.7014814814816,0,0,1,0,0,11,UK,6.5,High,1,0,0.99521196,Critical,Compliance team intervention
1342,Ross-Stewart,Corporate,Real Estate,Medium,LB,0,0,0,0,0,0.5,27,53162.65,1968.987037037037,0,0,0,1,0,12,LB,5.0,Medium,1,1,0.9959836,Critical,Compliance team intervention
1343,Johnson-Brown,Corporate,Casino/Gambling,High,CH,0,0,0,0,0,0.5,22,124333.18,5651.508181818183,0,0,0,0,0,11,CH,5.0,Medium,1,2,0.9952803,Critical,Compliance team intervention
1344,"Holder, Fisher and Allen",Corporate,Financial Services,Medium,CN,0,0,0,0,1,0.0,25,43712.18,1748.4872,0,0,0,2,0,11,CN,1.5,Low,0,1,0.001992577,Low Risk,No action required
1345,Gutierrez LLC,NGO,Retail,Low,IR,0,0,1,1,0,0.0,22,36933.3,1678.7863636363638,0,0,0,0,0,11,IR,4.0,Medium,1,0,0.9878566,Critical,Compliance team intervention
1346,Murphy Inc,Individual,Import/Export,Medium,FR,0,0,0,0,0,0.0,28,57801.65,2064.344642857143,0,0,0,3,0,12,FR,0.0,Low,0,1,0.0024011757,Low Risk,No action required
1347,Silva Inc,NGO,NGO/Charity,High,KP,0,0,1,1,0,0.0,25,56696.65,2267.866,0,0,0,1,0,10,KP,4.0,Medium,1,2,0.98702335,Critical,Compliance team intervention
1348,Evans Inc,NGO,Defense/Arms,High,KP,0,0,1,1,1,0.0,34,107239.38,3154.099411764706,0,0,0,1,0,13,KP,5.5,High,1,2,0.99233514,Critical,Compliance team intervention
1349,Carr-Williams,Corporate,NGO/Charity,High,NL,0,0,0,0,0,0.0,24,68200.43000000001,2841.6845833333336,0,0,0,0,0,11,NL,0.0,Low,0,2,0.0024525123,Low Risk,No action required
1350,Benson-White,Financial Institution,Defense/Arms,High,SG,0,1,0,0,1,0.0,29,276156.02,9522.621379310343,15,5,1,3,0,7,SG,36.0,Critical,1,2,0.99738675,Critical,Compliance team intervention
1351,Wilkins-Brown,NGO,Consulting,Low,IN,0,0,0,0,0,1.0,28,64665.15,2309.469642857143,0,0,1,3,0,11,IN,11.5,Critical,1,0,0.99381036,Critical,Compliance team intervention
1352,Cannon PLC,Individual,Energy/Oil,High,VE,0,0,0,1,1,0.0,27,161438.4,5979.2,0,0,0,4,0,9,VE,3.5,Medium,0,2,0.0059069376,Low Risk,No action required
1353,"Sanford, Griffin and Ortiz",NGO,Consulting,Low,CN,0,0,0,0,0,0.5,24,41406.05,1725.2520833333335,0,0,0,1,0,12,CN,5.0,Medium,1,0,0.9945315,Critical,Compliance team intervention
1354,Mueller-Davis,Corporate,Financial Services,Medium,CN,0,0,0,0,1,1.0,27,53264.71,1972.767037037037,2,2,0,1,0,14,CN,15.5,Critical,1,1,0.99918455,Critical,Compliance team intervention
1355,"Perry, Diaz and Brown",Financial Institution,Energy/Oil,High,CA,0,0,0,0,1,0.0,23,55923.47,2431.4552173913044,0,0,0,1,0,10,CA,1.5,Low,0,2,0.0014343044,Low Risk,No action required
1356,Perez and Sons,Corporate,Energy/Oil,High,UK,0,0,0,0,1,0.5,33,316784.8,9599.539393939394,1,0,0,2,0,12,UK,8.5,High,1,2,0.99805343,Critical,Compliance team intervention
1357,Fletcher-Miles,Corporate,Energy/Oil,High,AU,0,0,0,0,1,0.0,25,144726.44,5789.0576,0,0,0,0,0,12,AU,1.5,Low,0,2,0.003988321,Low Risk,No action required
1358,Rose LLC,Corporate,Casino/Gambling,High,CH,0,0,0,0,0,0.0,29,174995.77,6034.336896551724,0,0,0,1,0,12,CH,0.0,Low,0,2,0.00296868,Low Risk,No action required
1359,White-Jackson,Financial Institution,Real Estate,Medium,NL,0,0,0,0,0,0.0,33,62271.95,1887.028787878788,0,0,0,0,0,10,NL,0.0,Low,0,1,0.0018296447,Low Risk,No action required
1360,Richardson LLC,Corporate,Financial Services,Medium,IR,0,0,1,1,1,0.5,24,54319.73,2263.322083333333,0,0,0,1,0,12,IR,10.5,Critical,1,1,0.9965364,Critical,Compliance team intervention
1361,"Mack, Smith and Richardson",Financial Institution,Financial Services,Medium,IN,1,0,0,0,1,0.0,28,238751.89,8526.853214285715,2,1,0,1,0,14,IN,8.5,High,1,1,0.9996511,Critical,Compliance team intervention
1362,Weaver and Sons,NGO,Import/Export,Medium,IN,0,0,0,0,0,0.0,33,78885.19,2390.4603030303037,0,0,0,1,0,14,IN,0.0,Low,0,1,0.0033226914,Low Risk,No action required
1363,Buchanan-Drake,Corporate,Tech,Low,DE,0,0,0,0,0,1.0,25,49916.69,1996.6676,1,1,0,0,0,13,DE,12.0,Critical,1,0,0.9988764,Critical,Compliance team intervention
1364,Alvarado-Wallace,Corporate,Retail,Low,DE,0,0,0,0,0,0.0,27,56894.97,2107.221111111111,0,0,0,2,0,13,DE,0.0,Low,0,0,0.002851707,Low Risk,No action required
1365,Mcdonald and Sons,Individual,Import/Export,Medium,CN,0,0,0,0,0,0.0,33,56771.64,1720.3527272727272,0,0,0,0,0,13,CN,0.0,Low,0,1,0.00296275,Low Risk,No action required
1366,"Allen, Gomez and Thompson",Financial Institution,Real Estate,Medium,RU,0,0,0,1,0,0.0,31,59468.54,1918.34,0,0,0,1,0,13,RU,2.0,Low,0,1,0.0077338917,Low Risk,No action required
1367,Moore Group,NGO,NGO/Charity,High,AE,0,0,0,0,0,0.0,29,139055.59,4795.020344827586,0,0,0,0,0,11,AE,0.0,Low,0,2,0.0017946169,Low Risk,No action required
1368,House Inc,Financial Institution,Casino/Gambling,High,VE,0,0,0,1,0,0.0,25,118945.74,4757.8296,0,0,1,2,0,13,VE,3.5,Medium,0,2,0.008082334,Low Risk,No action required
1369,Watkins PLC,Financial Institution,Casino/Gambling,High,SG,0,0,0,0,0,0.0,31,183480.69,5918.731935483871,0,0,1,2,0,12,SG,1.5,Low,0,2,0.0030682746,Low Risk,No action required
1370,"David, Gordon and Richardson",Individual,Import/Export,Medium,IN,0,0,0,0,0,0.0,17,38874.4,2286.729411764706,0,0,0,2,0,9,IN,0.0,Low,0,1,0.0017445334,Low Risk,No action required
1371,"Cunningham, Williams and Flores",NGO,Real Estate,Medium,IR,0,0,1,1,0,0.0,33,49381.75,1496.4166666666667,1,0,0,1,0,14,IR,6.0,High,1,1,0.9986082,Critical,Compliance team intervention
1372,Swanson PLC,Corporate,Import/Export,Medium,FR,0,0,0,0,0,0.0,34,63747.0,1874.9117647058824,0,0,1,0,0,11,FR,1.5,Low,0,1,0.001959909,Low Risk,No action required
1373,Bridges-Moore,Individual,Retail,Low,JP,0,0,0,0,0,0.0,19,36940.35,1944.228947368421,0,0,0,0,0,10,JP,0.0,Low,0,0,0.0015991689,Low Risk,No action required
1374,Rodriguez-Lewis,Individual,Real Estate,Medium,CN,0,0,0,0,0,0.0,23,34853.2,1515.3565217391304,1,0,0,1,0,12,CN,2.0,Low,1,1,0.99767727,Critical,Compliance team intervention
1375,Daniel-Davies,Individual,Financial Services,Medium,AF,1,0,0,0,1,0.0,23,342817.81,14905.122173913043,0,0,1,2,0,11,AF,6.0,High,1,1,0.9963815,Critical,Compliance team intervention
1376,Alexander PLC,Corporate,Casino/Gambling,High,DE,0,0,0,0,0,0.0,28,88554.94,3162.6764285714285,1,1,0,0,0,12,DE,2.0,Low,1,2,0.9971307,Critical,Compliance team intervention
1377,Watson LLC,Corporate,Import/Export,Medium,VE,1,0,0,1,0,0.0,26,56236.41,2162.9388461538465,0,0,0,1,0,12,VE,5.0,Medium,1,1,0.9915091,Critical,Compliance team intervention
1378,"Collier, Williams and Harris",NGO,Defense/Arms,High,UK,0,0,0,0,1,1.0,25,139552.53,5582.1012,0,0,0,1,0,12,UK,11.5,Critical,1,2,0.99567103,Critical,Compliance team intervention
1379,Duffy-Owens,Financial Institution,Tech,Low,JP,0,0,0,0,0,0.0,23,33441.57,1453.9813043478262,0,0,0,1,0,10,JP,0.0,Low,0,0,0.0018190407,Low Risk,No action required
1380,"Gardner, Price and Adams",NGO,Energy/Oil,High,CA,0,0,0,0,1,0.0,31,278257.58,8976.050967741936,0,0,0,2,0,11,CA,1.5,Low,0,2,0.0030325456,Low Risk,No action required
1381,Proctor and Sons,Financial Institution,Casino/Gambling,High,KP,0,0,1,1,0,0.0,29,108463.39,3740.116896551724,0,0,1,1,0,12,KP,5.5,High,1,2,0.9913292,Critical,Compliance team intervention
1382,Smith-Maxwell,Individual,Consulting,Low,RU,0,0,0,1,0,0.0,27,67662.4,2506.0148148148146,0,0,0,2,0,12,RU,2.0,Low,0,0,0.0062302523,Low Risk,No action required
1383,Doyle-Johnson,Individual,Financial Services,Medium,FR,0,0,0,0,1,0.0,16,30240.23,1890.014375,1,0,0,2,0,10,FR,3.5,Medium,1,1,0.99654704,Critical,Compliance team intervention
1384,"Harvey, Diaz and Mcmahon",Corporate,Import/Export,Medium,NL,1,0,0,0,0,0.0,17,104186.55,6128.620588235294,0,0,0,3,1,11,NL,3.0,Medium,1,1,0.9953236,Critical,Compliance team intervention
1385,"Gray, Parker and Mendez",Financial Institution,NGO/Charity,High,CA,0,0,0,0,0,0.0,33,153343.73,4646.779696969697,0,0,0,2,0,11,CA,0.0,Low,0,2,0.00236708,Low Risk,No action required
1386,"Harmon, Maldonado and Martinez",Corporate,Retail,Low,FR,0,0,0,0,0,0.0,27,44032.65,1630.838888888889,0,0,0,0,0,12,FR,0.0,Low,0,0,0.0020859574,Low Risk,No action required
1387,"Soto, Browning and Turner",NGO,Casino/Gambling,High,US,0,0,0,0,0,0.0,31,188670.59,6086.148064516129,0,0,0,1,0,12,US,0.0,Low,0,2,0.0028781358,Low Risk,No action required
1388,"Gardner, Miranda and Horton",NGO,Import/Export,Medium,IN,0,0,0,0,0,0.0,16,37558.19,2347.386875,1,0,0,2,0,9,IN,2.0,Low,1,1,0.9973475,Critical,Compliance team intervention
1389,Davis-Owen,Financial Institution,Casino/Gambling,High,UK,0,0,0,0,0,0.0,36,244473.69,6790.935833333333,1,1,0,3,0,14,UK,2.0,Low,1,2,0.99800926,Critical,Compliance team intervention
1390,"Evans, Tapia and Smith",Individual,Crypto Exchange,High,CH,0,0,0,0,0,0.0,25,156840.56,6273.6224,0,0,0,0,0,12,CH,0.0,Low,0,2,0.0044576344,Low Risk,No action required
1391,Gutierrez-Myers,Financial Institution,Crypto Exchange,High,AE,0,0,0,0,0,0.0,26,70735.61,2720.6003846153844,1,0,0,0,0,12,AE,2.0,Low,1,2,0.99604213,Critical,Compliance team intervention
1392,Ross PLC,Corporate,NGO/Charity,High,AF,0,0,0,0,0,0.5,18,41833.62,2324.09,0,0,0,2,0,11,AF,5.0,Medium,1,2,0.9915432,Critical,Compliance team intervention
1393,"Taylor, Hernandez and Smith",NGO,Consulting,Low,US,0,0,0,0,0,0.0,22,38766.72,1762.1236363636365,1,0,0,0,0,12,US,2.0,Low,1,0,0.9973418,Critical,Compliance team intervention
1394,Fowler Inc,Corporate,Defense/Arms,High,SY,0,0,0,1,1,0.0,26,173959.48,6690.749230769231,0,0,1,3,0,10,SY,5.0,Medium,0,2,0.0066585215,Low Risk,No action required
1395,May-King,Individual,Energy/Oil,High,IR,1,0,1,1,1,0.0,42,206973.46,4927.939523809524,1,1,0,1,0,14,IR,10.5,Critical,1,2,0.9971898,Critical,Compliance team intervention
1396,"Singleton, Mcintyre and Newman",NGO,Financial Services,Medium,SD,0,0,0,1,1,0.0,25,60141.36,2405.6544,0,0,0,1,0,10,SD,3.5,Medium,0,1,0.0068838946,Low Risk,No action required
1397,"Olson, Dorsey and Smith",Financial Institution,Tech,Low,KP,0,0,1,1,0,0.0,23,27619.52,1200.848695652174,0,0,0,0,0,10,KP,4.0,Medium,1,0,0.9867339,Critical,Compliance team intervention
1398,Chambers LLC,NGO,Import/Export,Medium,FR,0,0,0,0,0,0.0,23,44249.5,1923.891304347826,0,0,0,3,0,11,FR,0.0,Low,0,1,0.0018538418,Low Risk,No action required
1399,Johns-Reid,Corporate,Financial Services,Medium,CA,0,0,0,0,1,0.0,23,56128.19,2440.3560869565217,0,0,0,3,0,11,CA,1.5,Low,0,1,0.0024508704,Low Risk,No action required
1400,Valdez-Richardson,Individual,Crypto Exchange,High,SY,0,0,0,1,0,0.0,27,180393.12,6681.2266666666665,0,0,0,0,0,11,SY,2.0,Low,0,2,0.0065618055,Low Risk,No action required
1401,Fuller-Ewing,NGO,Casino/Gambling,High,DE,0,0,0,0,0,0.0,26,90561.62,3483.1392307692304,1,1,0,2,0,11,DE,2.0,Low,1,2,0.997879,Critical,Compliance team intervention
1402,Peterson-Hernandez,Individual,Casino/Gambling,High,VE,0,0,0,1,0,0.0,27,232161.01,8598.555925925926,1,0,0,0,0,13,VE,4.0,Medium,1,2,0.99855787,Critical,Compliance team intervention
1403,"George, Miles and Fletcher",Financial Institution,Financial Services,Medium,JP,0,0,0,0,1,0.0,26,41905.380000000005,1611.7453846153849,1,1,0,2,0,10,JP,3.5,Medium,1,1,0.99724174,Critical,Compliance team intervention
1404,Martin-Santos,Corporate,Real Estate,Medium,JP,0,0,0,0,0,1.0,24,53702.73,2237.61375,0,0,1,1,0,11,JP,11.5,Critical,1,1,0.9960395,Critical,Compliance team intervention
1405,Scott-Adams,Corporate,Real Estate,Medium,NL,0,0,0,0,0,0.0,22,45376.18,2062.5536363636365,0,0,1,3,0,12,NL,1.5,Low,0,1,0.0026325027,Low Risk,No action required
1406,Berry-Hernandez,Individual,Consulting,Low,SG,0,0,0,0,0,0.0,25,61316.59,2452.6636000000003,0,0,0,1,0,13,SG,0.0,Low,0,0,0.003514027,Low Risk,No action required
1407,"White, Scott and Zimmerman",NGO,Casino/Gambling,High,JP,0,0,0,0,0,1.0,31,277012.04,8935.872258064515,0,0,1,2,0,12,JP,11.5,Critical,1,2,0.9943573,Critical,Compliance team intervention
1408,Lewis Group,Individual,Financial Services,Medium,SY,0,0,0,1,1,0.0,34,71079.85,2090.583823529412,0,0,0,0,0,13,SY,3.5,Medium,0,1,0.0069558662,Low Risk,No action required
1409,"Mora, Norton and Golden",Corporate,Real Estate,Medium,IR,0,0,1,1,0,0.5,25,55412.15,2216.486,1,0,0,4,0,12,IR,11.0,Critical,1,1,0.99892235,Critical,Compliance team intervention
1410,"Martin, Cline and King",NGO,Crypto Exchange,High,CH,0,0,0,0,0,0.0,23,87167.92,3789.909565217392,0,0,0,2,0,12,CH,0.0,Low,0,2,0.0030756402,Low Risk,No action required
1411,Morrison-Shaw,Individual,Casino/Gambling,High,AF,0,0,0,0,0,0.0,27,89499.97,3314.813703703704,0,0,0,3,0,12,AF,0.0,Low,0,2,0.0020836985,Low Risk,No action required
1412,"Murray, Kemp and Williams",Financial Institution,Crypto Exchange,High,IN,0,0,0,0,0,0.0,32,186384.96,5824.530000000001,1,1,0,0,0,12,IN,2.0,Low,1,2,0.9972133,Critical,Compliance team intervention
1413,Johnson-Pearson,NGO,Crypto Exchange,High,JP,0,0,0,0,0,0.0,31,287084.68,9260.796129032258,1,1,0,2,0,13,JP,2.0,Low,1,2,0.9980862,Critical,Compliance team intervention
1414,Smith Inc,Individual,Retail,Low,CA,0,0,0,0,0,0.0,22,40622.67,1846.485,1,1,0,1,0,13,CA,2.0,Low,1,0,0.9983699,Critical,Compliance team intervention
1415,Rice-Davis,Corporate,Consulting,Low,LB,0,0,0,0,0,1.0,14,27371.13,1955.0807142857143,0,0,0,0,0,9,LB,10.0,High,1,0,0.99403054,Critical,Compliance team intervention
1416,Ramos PLC,NGO,Casino/Gambling,High,US,0,0,0,0,0,0.0,20,310101.25,15505.0625,0,0,0,2,0,9,US,0.0,Low,0,2,0.004156895,Low Risk,No action required
1417,"Hughes, Berry and Acosta",NGO,Consulting,Low,AU,0,0,0,0,0,0.0,22,53382.44,2426.474545454545,0,0,0,1,0,9,AU,0.0,Low,0,0,0.002529815,Low Risk,No action required
1418,Harris PLC,Financial Institution,Import/Export,Medium,US,0,0,0,0,0,0.0,29,50010.83,1724.5113793103449,0,0,0,1,0,12,US,0.0,Low,0,1,0.0023795995,Low Risk,No action required
1419,"White, Krause and Jones",NGO,Real Estate,Medium,JP,0,0,0,0,0,0.5,17,48197.95,2835.1735294117643,0,0,0,1,0,8,JP,5.0,Medium,1,1,0.99692106,Critical,Compliance team intervention
1420,"Thomas, White and Escobar",Financial Institution,Defense/Arms,High,SD,0,0,0,1,1,0.0,25,58465.8,2338.632,1,0,0,1,0,14,SD,5.5,High,1,2,0.99831593,Critical,Compliance team intervention
1421,"Mosley, Lawrence and Christensen",Financial Institution,Crypto Exchange,High,US,0,1,0,0,0,0.0,24,192298.22,8012.425833333334,16,4,0,1,0,8,US,35.0,Critical,1,2,0.9979679,Critical,Compliance team intervention
1422,Bailey Ltd,Individual,Financial Services,Medium,NL,0,0,0,0,1,0.0,38,119256.24,3138.322105263158,0,0,0,2,0,12,NL,1.5,Low,0,1,0.0044104503,Low Risk,No action required
1423,"Terrell, Torres and Sanchez",Financial Institution,Retail,Low,VE,0,0,0,1,0,0.0,22,49517.69,2250.804090909091,0,0,0,1,0,11,VE,2.0,Low,0,0,0.0056400658,Low Risk,No action required
1424,"Walker, Warren and Beasley",Financial Institution,Casino/Gambling,High,SD,0,0,0,1,0,0.0,26,73391.31,2822.7426923076923,1,1,0,1,0,11,SD,4.0,Medium,1,2,0.9975575,Critical,Compliance team intervention
1425,Fuller LLC,Corporate,NGO/Charity,High,IN,0,0,0,0,0,0.5,18,94649.77,5258.320555555556,1,1,0,0,0,12,IN,7.0,High,1,2,0.9983777,Critical,Compliance team intervention
1426,"Smith, Valencia and Robbins",Individual,Import/Export,Medium,IR,0,0,1,1,0,0.0,23,48949.05,2128.2195652173914,0,0,0,1,0,11,IR,4.0,Medium,1,1,0.9915376,Critical,Compliance team intervention
1427,Bennett Ltd,Corporate,Consulting,Low,US,0,0,0,0,0,0.0,25,52119.68,2084.7872,0,0,1,0,0,12,US,1.5,Low,0,0,0.0027859637,Low Risk,No action required
1428,"Bradley, Page and Marsh",Corporate,Tech,Low,CH,0,0,0,0,0,1.0,16,23109.11,1444.319375,0,0,0,0,0,9,CH,10.0,High,1,0,0.99232036,Critical,Compliance team intervention
1429,Cordova-Humphrey,Financial Institution,Casino/Gambling,High,IN,0,0,0,0,0,0.0,21,136641.99,6506.761428571428,1,1,0,1,0,11,IN,2.0,Low,1,2,0.99803704,Critical,Compliance team intervention
1430,Ferguson LLC,Corporate,Real Estate,Medium,SG,0,0,0,0,0,0.0,25,61537.45,2461.498,1,1,0,1,0,11,SG,2.0,Low,1,1,0.9982766,Critical,Compliance team intervention
1431,Mendoza-Flores,Corporate,Import/Export,Medium,NL,0,0,0,0,0,0.0,22,38194.61,1736.1186363636364,0,0,1,3,0,13,NL,1.5,Low,0,1,0.0033792658,Low Risk,No action required
1432,Porter PLC,Individual,Retail,Low,AU,0,0,0,0,0,0.0,25,49419.27,1976.7708,0,0,0,2,0,11,AU,0.0,Low,0,0,0.0024277882,Low Risk,No action required
1433,"Lozano, Oconnell and Tapia",Individual,Casino/Gambling,High,VE,0,1,0,1,0,0.0,32,110998.64,3468.7075,26,10,0,2,0,8,VE,57.0,Critical,1,2,0.9977192,Critical,Compliance team intervention
1434,"Graham, Johnson and Lee",Financial Institution,Import/Export,Medium,SY,0,0,0,1,0,0.0,23,36574.1,1590.178260869565,0,0,0,0,0,9,SY,2.0,Low,0,1,0.0044111875,Low Risk,No action required
1435,"Calhoun, Moore and Buck",Corporate,Tech,Low,DE,0,0,0,0,0,0.5,30,41527.96,1384.2653333333333,1,0,0,1,0,12,DE,7.0,High,1,0,0.99841154,Critical,Compliance team intervention
1436,Chang PLC,Corporate,Import/Export,Medium,SD,0,0,0,1,0,0.0,29,44020.56,1517.9503448275862,0,0,0,1,0,11,SD,2.0,Low,0,1,0.005220921,Low Risk,No action required
1437,Huffman-Shannon,NGO,Real Estate,Medium,DE,0,0,0,0,0,0.0,27,56343.45,2086.7944444444443,1,1,0,1,0,13,DE,2.0,Low,1,1,0.998312,Critical,Compliance team intervention
1438,Ramirez-Mckenzie,Corporate,Consulting,Low,SD,0,0,0,1,0,0.5,30,69158.05,2305.268333333333,1,0,0,3,0,14,SD,9.0,High,1,0,0.9984182,Critical,Compliance team intervention
1439,"Caldwell, Garcia and James",NGO,Crypto Exchange,High,AF,0,0,0,0,0,0.0,29,160319.28,5528.251034482759,0,0,0,1,0,12,AF,0.0,Low,0,2,0.0021745937,Low Risk,No action required
1440,"Edwards, Delacruz and Sutton",Financial Institution,NGO/Charity,High,US,0,0,0,0,0,0.0,23,150620.34,6548.710434782609,0,0,0,2,0,10,US,0.0,Low,0,2,0.0038606303,Low Risk,No action required
1441,"Noble, Anderson and Hunter",Corporate,Import/Export,Medium,AE,0,0,0,0,0,0.0,29,71850.47,2477.602413793104,0,0,0,2,0,12,AE,0.0,Low,0,1,0.0024963918,Low Risk,No action required
1442,"Hansen, Page and Jackson",Financial Institution,Defense/Arms,High,SY,0,0,0,1,1,0.0,29,117483.28,4051.147586206896,0,0,0,2,0,13,SY,3.5,Medium,0,2,0.0063653225,Low Risk,No action required
1443,Thomas-Rose,Corporate,Defense/Arms,High,CH,0,0,0,0,1,0.0,21,71832.95,3420.6166666666663,0,0,0,0,0,11,CH,1.5,Low,0,2,0.0032734212,Low Risk,No action required
1444,Novak-Adkins,NGO,NGO/Charity,High,SD,0,0,0,1,0,0.0,33,239214.09,7248.911818181818,0,0,0,1,0,13,SD,2.0,Low,0,2,0.008867235,Low Risk,No action required
1445,Gonzales LLC,NGO,NGO/Charity,High,AF,0,0,0,0,0,0.5,20,97393.19,4869.6595,1,0,0,0,0,12,AF,7.0,High,1,2,0.9976573,Critical,Compliance team intervention
1446,"Wright, Marshall and Taylor",Individual,Defense/Arms,High,JP,0,0,0,0,1,0.0,27,103197.04,3822.112592592593,1,1,0,1,0,13,JP,3.5,Medium,1,2,0.99791616,Critical,Compliance team intervention
1447,Greene and Sons,Individual,Crypto Exchange,High,US,0,0,0,0,0,0.0,25,159980.08,6399.2032,0,0,0,2,0,12,US,0.0,Low,0,2,0.0044035213,Low Risk,No action required
1448,Summers PLC,Financial Institution,Import/Export,Medium,SD,0,0,0,1,0,0.0,36,81307.45999999999,2258.540555555556,0,0,1,2,0,13,SD,3.5,Medium,0,1,0.0060018203,Low Risk,No action required
1449,"Hernandez, Lee and Carroll",NGO,Financial Services,Medium,CA,0,0,0,0,1,0.0,17,29740.58,1749.4458823529412,0,0,0,1,0,10,CA,1.5,Low,0,1,0.0018244105,Low Risk,No action required
1450,Spence-Silva,Corporate,Financial Services,Medium,DE,0,0,0,0,1,0.0,22,45035.53,2047.0695454545453,1,1,0,0,0,13,DE,3.5,Medium,1,1,0.998252,Critical,Compliance team intervention
1451,Reyes-Reynolds,Individual,Retail,Low,AU,0,0,0,0,0,0.0,22,57821.41,2628.2459090909088,1,0,0,2,0,11,AU,2.0,Low,1,0,0.99772364,Critical,Compliance team intervention
1452,Carlson-Rodriguez,Financial Institution,Financial Services,Medium,IN,0,0,0,0,1,0.0,21,36799.46,1752.355238095238,0,0,0,0,0,12,IN,1.5,Low,0,1,0.0021055841,Low Risk,No action required
1453,"Watson, Watson and Boone",Individual,Financial Services,Medium,SD,0,0,0,1,1,0.0,35,95880.96,2739.456,2,0,0,3,0,15,SD,7.5,High,1,1,0.9984322,Critical,Compliance team intervention
1454,"Sharp, Hughes and Green",Financial Institution,Retail,Low,LB,0,0,0,0,0,0.0,20,35080.090000000004,1754.0045000000002,0,0,0,2,0,10,LB,0.0,Low,0,0,0.0015526371,Low Risk,No action required
1455,"Farrell, Weaver and Clark",Financial Institution,Import/Export,Medium,LB,0,0,0,0,0,0.0,22,40490.96,1840.4981818181816,0,0,0,1,0,10,LB,0.0,Low,0,1,0.0018693971,Low Risk,No action required
1456,Parks Ltd,Individual,NGO/Charity,High,CH,0,0,0,0,0,0.0,34,310675.25,9137.507352941177,0,0,0,4,0,14,CH,0.0,Low,0,2,0.004381473,Low Risk,No action required
1457,Anderson Ltd,NGO,Retail,Low,SG,0,0,0,0,0,0.5,22,37330.88,1696.8581818181815,0,0,0,0,0,9,SG,5.0,Medium,1,0,0.9925041,Critical,Compliance team intervention
1458,Moss Ltd,Financial Institution,Energy/Oil,High,IN,0,0,0,0,1,0.0,29,68410.11,2358.969310344828,0,0,0,1,0,10,IN,1.5,Low,0,2,0.0011428801,Low Risk,No action required
1459,Fleming Ltd,Individual,Consulting,Low,FR,0,0,0,0,0,0.0,22,41191.67,1872.3486363636364,0,0,0,0,0,10,FR,0.0,Low,0,0,0.0016386104,Low Risk,No action required
1460,"Brooks, Thomas and Hanna",Corporate,Import/Export,Medium,DE,0,0,0,0,0,0.5,23,30024.56,1305.415652173913,0,0,0,2,0,10,DE,5.0,Medium,1,1,0.9926658,Critical,Compliance team intervention
1461,Woods PLC,Corporate,Crypto Exchange,High,IN,0,0,0,0,0,0.0,28,184228.54,6579.590714285715,0,0,0,1,0,12,IN,0.0,Low,0,2,0.003299603,Low Risk,No action required
1462,Guzman-Kent,NGO,Import/Export,Medium,SY,0,0,0,1,0,0.5,29,50250.45,1732.7741379310346,1,0,0,1,0,13,SY,9.0,High,1,1,0.9989819,Critical,Compliance team intervention
1463,"Anderson, Reynolds and Landry",Corporate,Crypto Exchange,High,SG,0,0,0,0,0,0.0,20,61508.02,3075.401,1,0,0,1,0,12,SG,2.0,Low,1,2,0.9980416,Critical,Compliance team intervention
1464,"Walsh, Rowe and Wright",NGO,Consulting,Low,VE,0,0,0,1,0,0.0,19,56382.86,2967.518947368421,0,0,0,0,0,9,VE,2.0,Low,0,0,0.010143416,Low Risk,No action required
1465,Rodgers-Simmons,Corporate,NGO/Charity,High,LB,0,0,0,0,0,0.0,25,120344.55,4813.781999999999,0,0,0,2,0,12,LB,0.0,Low,0,2,0.00261394,Low Risk,No action required
1466,"Roberson, Boyer and Rogers",NGO,Financial Services,Medium,US,0,0,0,0,1,0.0,28,46418.49,1657.803214285714,0,0,0,1,0,12,US,1.5,Low,0,1,0.0023795995,Low Risk,No action required
1467,Golden Inc,Individual,Energy/Oil,High,FR,0,0,0,0,1,0.0,27,277967.63,10295.097407407407,0,0,0,1,0,9,FR,1.5,Low,0,2,0.003173366,Low Risk,No action required
1468,Benson and Sons,Corporate,Crypto Exchange,High,IN,0,0,0,0,0,0.5,28,126119.35,4504.2625,1,0,1,3,0,14,IN,8.5,High,1,2,0.99842095,Critical,Compliance team intervention
1469,"Young, Moreno and Booth",NGO,Defense/Arms,High,KP,0,0,1,1,1,0.0,32,148141.29,4629.4153125,2,0,1,1,0,14,KP,11.0,Critical,1,2,0.9984988,Critical,Compliance team intervention
1470,Perez-Carter,NGO,Energy/Oil,High,NL,0,0,0,0,1,0.0,22,118355.75,5379.806818181818,0,0,0,1,0,10,NL,1.5,Low,0,2,0.0024515828,Low Risk,No action required
1471,Porter PLC,NGO,Tech,Low,AU,0,0,0,0,0,0.5,22,43584.22,1981.1009090909088,0,0,0,2,0,13,AU,5.0,Medium,1,0,0.9967924,Critical,Compliance team intervention
1472,Johnson Group,NGO,Crypto Exchange,High,DE,0,0,0,0,0,0.0,25,140196.95,5607.878000000001,2,0,0,3,0,12,DE,4.0,Medium,1,2,0.99809366,Critical,Compliance team intervention
1473,"Larson, Fry and Logan",Financial Institution,Tech,Low,AF,0,0,0,0,0,0.0,19,40908.64,2153.0863157894737,0,0,0,0,0,10,AF,0.0,Low,0,0,0.0023567742,Low Risk,No action required
1474,Gutierrez and Sons,Individual,Energy/Oil,High,KP,0,0,1,1,1,0.0,20,111621.42,5581.071,0,0,0,2,0,8,KP,5.5,High,1,2,0.9907334,Critical,Compliance team intervention
1475,Vega-Villanueva,NGO,Casino/Gambling,High,FR,0,0,0,0,0,0.0,21,168136.36000000002,8006.493333333334,1,0,0,0,0,10,FR,2.0,Low,1,2,0.99790263,Critical,Compliance team intervention
1476,Martinez-Shaw,Corporate,Crypto Exchange,High,CH,0,0,0,0,0,0.5,33,389081.53,11790.349393939394,0,0,0,1,0,14,CH,5.0,Medium,1,2,0.9957539,Critical,Compliance team intervention
1477,Fields Ltd,Financial Institution,NGO/Charity,High,CH,0,0,0,0,0,0.0,17,198993.7,11705.51176470588,0,0,0,2,0,10,CH,0.0,Low,0,2,0.004156895,Low Risk,No action required
1478,"Castillo, Lee and Williams",Individual,Consulting,Low,VE,0,0,0,1,0,0.0,34,63426.4,1865.4823529411765,0,0,0,2,0,12,VE,2.0,Low,0,0,0.004908507,Low Risk,No action required
1479,Chandler-Scott,Individual,Tech,Low,VE,0,0,0,1,0,0.0,25,43153.57,1726.1428,1,0,0,2,0,15,VE,4.0,Medium,1,0,0.99851507,Critical,Compliance team intervention
1480,Burns PLC,Financial Institution,NGO/Charity,High,LB,0,0,0,0,0,0.0,30,124023.8,4134.126666666667,0,0,0,4,0,13,LB,0.0,Low,0,2,0.0026449503,Low Risk,No action required
1481,Barnes-King,Individual,Financial Services,Medium,NL,0,0,0,0,1,0.0,25,48819.15,1952.766,0,0,0,0,0,11,NL,1.5,Low,0,1,0.0026431899,Low Risk,No action required
1482,Hull-Hudson,NGO,NGO/Charity,High,CN,0,0,0,0,0,0.0,24,161901.6,6745.900000000001,0,0,0,1,0,12,CN,0.0,Low,0,2,0.0045583397,Low Risk,No action required
1483,Pena-Richardson,Financial Institution,Retail,Low,SY,0,0,0,1,0,0.0,21,50322.33,2396.3014285714285,0,0,0,2,0,10,SY,2.0,Low,0,0,0.0052541764,Low Risk,No action required
1484,Evans Inc,Financial Institution,Casino/Gambling,High,SY,0,0,0,1,0,0.0,28,112464.9,4016.6035714285713,1,0,0,1,0,14,SY,4.0,Medium,1,2,0.9984403,Critical,Compliance team intervention
1485,Weaver LLC,NGO,Casino/Gambling,High,AF,0,0,0,0,0,0.0,23,186193.85,8095.384782608696,1,1,0,2,0,11,AF,2.0,Low,1,2,0.99810493,Critical,Compliance team intervention
1486,Hogan Group,Individual,Consulting,Low,CH,0,0,0,0,0,0.0,26,40004.2,1538.6230769230767,0,0,0,3,0,10,CH,0.0,Low,0,0,0.001944222,Low Risk,No action required
1487,Swanson-Campbell,Financial Institution,Casino/Gambling,High,RU,0,0,0,1,0,0.0,26,88577.31,3406.819615384615,0,0,0,0,0,12,RU,2.0,Low,0,2,0.0074144243,Low Risk,No action required
1488,Walker-Hooper,Financial Institution,Real Estate,Medium,AU,0,0,0,0,0,0.0,19,35876.23,1888.222631578948,0,0,0,0,0,9,AU,0.0,Low,0,1,0.0016634125,Low Risk,No action required
1489,Benson-Hernandez,Corporate,Casino/Gambling,High,LB,0,0,0,0,0,0.5,19,78025.45,4106.602631578947,0,0,0,2,0,11,LB,5.0,Medium,1,2,0.99564266,Critical,Compliance team intervention
1490,Gardner-Woods,Individual,Defense/Arms,High,SD,0,0,0,1,1,0.0,24,110580.84,4607.535,0,0,0,1,0,10,SD,3.5,Medium,0,2,0.008377248,Low Risk,No action required
1491,"Hopkins, Lane and Duncan",Individual,Defense/Arms,High,SG,0,0,0,0,1,0.0,18,144189.84,8010.546666666666,0,0,0,1,0,8,SG,1.5,Low,0,2,0.0040003443,Low Risk,No action required
1492,Hawkins Inc,NGO,Real Estate,Medium,CN,0,0,0,0,0,0.0,17,43872.71,2580.7476470588235,0,0,0,1,0,10,CN,0.0,Low,0,1,0.00253569,Low Risk,No action required
1493,Salazar and Sons,Corporate,Consulting,Low,LB,0,0,0,0,0,0.0,27,54144.8,2005.3629629629631,1,0,0,2,0,12,LB,2.0,Low,1,0,0.9971993,Critical,Compliance team intervention
1494,"Brown, Hunt and Bell",NGO,NGO/Charity,High,AU,0,0,0,0,0,0.0,27,239668.96,8876.628148148147,1,0,0,2,0,12,AU,2.0,Low,1,2,0.9975454,Critical,Compliance team intervention
1495,"Morton, Martinez and Fernandez",Individual,Defense/Arms,High,AE,0,0,0,0,1,0.0,24,130808.69,5450.3620833333325,1,0,0,0,0,11,AE,3.5,Medium,1,2,0.9976367,Critical,Compliance team intervention
1496,Hernandez and Sons,Financial Institution,Defense/Arms,High,US,0,0,0,0,1,0.0,15,54610.1,3640.673333333333,0,0,1,4,0,9,US,3.0,Medium,0,2,0.0031898378,Low Risk,No action required
1497,Hernandez PLC,Corporate,NGO/Charity,High,SY,1,0,0,1,0,0.0,28,221453.07,7909.038214285714,0,0,0,2,0,12,SY,5.0,Medium,1,2,0.98414654,Critical,Compliance team intervention
1498,Gonzales Group,NGO,Retail,Low,SG,0,0,0,0,0,0.5,16,48240.66,3015.04125,0,0,1,2,0,6,SG,6.5,High,1,0,0.997086,Critical,Compliance team intervention
1499,Patel-Jones,NGO,Real Estate,Medium,AE,0,0,0,0,0,0.5,23,49733.29,2162.316956521739,0,0,0,1,0,9,AE,5.0,Medium,1,1,0.99650455,Critical,Compliance team intervention
1500,"Harper, Rubio and Ross",Corporate,Tech,Low,JP,0,0,0,0,0,0.0,23,44648.46,1941.237391304348,1,1,0,1,0,14,JP,2.0,Low,1,0,0.99837506,Critical,Compliance team intervention
1501,Young-Singh,Financial Institution,NGO/Charity,High,VE,0,0,0,1,0,0.0,26,369331.75,14205.067307692309,0,0,0,0,0,12,VE,2.0,Low,0,2,0.00830103,Low Risk,No action required
1502,Casey LLC,Corporate,Energy/Oil,High,JP,0,0,0,0,1,0.0,25,180764.8,7230.592000000001,0,0,0,2,0,9,JP,1.5,Low,0,2,0.0036887783,Low Risk,No action required
1503,Ward-Harris,Individual,Financial Services,Medium,VE,1,1,0,1,1,0.0,29,170488.45,5878.912068965517,18,3,1,0,0,8,VE,47.0,Critical,1,1,0.9995906,Critical,Compliance team intervention
1504,Riley-Wyatt,Corporate,Real Estate,Medium,JP,0,0,0,0,0,0.0,20,42026.26,2101.313,0,0,0,2,0,10,JP,0.0,Low,0,1,0.0019635062,Low Risk,No action required
1505,Powell-Webster,NGO,Real Estate,Medium,DE,1,0,0,0,0,0.0,32,224563.53,7017.6103125,2,1,0,1,0,15,DE,7.0,High,1,1,0.99963355,Critical,Compliance team intervention
1506,Swanson Inc,NGO,Import/Export,Medium,NL,0,0,0,0,0,0.0,28,53191.12,1899.6828571428573,0,0,0,0,0,11,NL,0.0,Low,0,1,0.0018918837,Low Risk,No action required
1507,"Taylor, Barker and Hall",Corporate,NGO/Charity,High,SY,0,0,0,1,0,0.0,23,60034.62,2610.200869565217,0,0,0,3,0,11,SY,2.0,Low,0,2,0.0040913443,Low Risk,No action required
1508,Lopez Inc,Individual,Defense/Arms,High,CA,0,0,0,0,1,0.0,30,329540.18,10984.672666666667,0,0,1,2,0,12,CA,3.0,Medium,0,2,0.003171763,Low Risk,No action required
1509,Mcdonald Ltd,Financial Institution,Casino/Gambling,High,VE,0,0,0,1,0,0.0,33,173201.11,5248.518484848484,1,0,0,1,0,14,VE,4.0,Medium,1,2,0.9981824,Critical,Compliance team intervention
1510,Wilson-Nguyen,NGO,Real Estate,Medium,AU,0,0,0,0,0,0.0,28,46499.87,1660.7096428571426,1,0,0,1,0,12,AU,2.0,Low,1,1,0.99765575,Critical,Compliance team intervention
1511,White-Lawrence,NGO,Crypto Exchange,High,JP,0,0,0,0,0,0.0,22,122436.8,5565.309090909091,0,0,0,1,0,13,JP,0.0,Low,0,2,0.0036145824,Low Risk,No action required
1512,Jones-Kramer,Corporate,NGO/Charity,High,SD,0,0,0,1,0,0.0,27,441469.27,16350.713703703705,0,0,1,1,0,13,SD,3.5,Medium,0,2,0.009781497,Low Risk,No action required
1513,Gray-Smith,Corporate,Real Estate,Medium,UK,0,0,0,0,0,0.0,32,56933.35,1779.1671875,0,0,0,0,0,14,UK,0.0,Low,0,1,0.00296275,Low Risk,No action required
1514,Smith-Zimmerman,Financial Institution,NGO/Charity,High,CA,0,0,0,0,0,0.0,30,158242.86000000002,5274.762000000001,0,0,1,1,0,11,CA,1.5,Low,0,2,0.0021321815,Low Risk,No action required
1515,Madden-Brown,Financial Institution,Tech,Low,AE,0,0,0,0,0,0.0,32,69861.77,2183.1803125,0,0,0,1,0,13,AE,0.0,Low,0,0,0.0034291658,Low Risk,No action required
1516,Vasquez PLC,Individual,Retail,Low,SD,0,0,0,1,0,0.0,33,47298.98,1433.3024242424244,0,0,0,3,0,11,SD,2.0,Low,0,0,0.004177046,Low Risk,No action required
1517,"Rodriguez, Wagner and Parker",NGO,Energy/Oil,High,IN,0,0,0,0,1,0.0,22,231088.46,10504.020909090908,0,0,0,0,0,12,IN,1.5,Low,0,2,0.0044022882,Low Risk,No action required
1518,Fields-Fox,Corporate,Financial Services,Medium,DE,0,0,0,0,1,1.0,26,58210.08,2238.8492307692304,1,0,0,0,0,12,DE,13.5,Critical,1,1,0.9986766,Critical,Compliance team intervention
1519,Thompson-Tanner,NGO,Financial Services,Medium,KP,0,0,1,1,1,0.0,20,39197.6,1959.88,0,0,0,0,0,11,KP,5.5,High,1,1,0.9906911,Critical,Compliance team intervention
1520,"Lee, Bell and Gonzales",Corporate,Casino/Gambling,High,CA,0,0,0,0,0,0.0,25,90786.45,3631.458,0,0,0,2,0,12,CA,0.0,Low,0,2,0.0032808958,Low Risk,No action required
1521,"Waters, Hunt and Ellis",NGO,NGO/Charity,High,LB,0,0,0,0,0,0.0,22,137014.38999999998,6227.926818181818,0,0,0,0,0,11,LB,0.0,Low,0,2,0.0036697919,Low Risk,No action required
1522,"Elliott, Douglas and Russell",Individual,Defense/Arms,High,SD,0,0,0,1,1,0.0,30,329072.31,10969.077,0,0,1,2,0,13,SD,5.0,Medium,0,2,0.008978014,Low Risk,No action required
1523,Dillon Group,NGO,Energy/Oil,High,NL,0,0,0,0,1,1.0,31,69618.69,2245.764193548387,1,1,0,1,0,12,NL,13.5,Critical,1,2,0.996953,Critical,Compliance team intervention
1524,"Woodard, Garcia and Spencer",NGO,Retail,Low,CN,0,0,0,0,0,1.0,27,52113.32,1930.122962962963,0,0,0,0,0,14,CN,10.0,High,1,0,0.995811,Critical,Compliance team intervention
1525,"Foster, Ford and Obrien",NGO,Financial Services,Medium,JP,0,0,0,0,1,0.0,23,38726.25,1683.75,0,0,0,3,0,12,JP,1.5,Low,0,1,0.002126098,Low Risk,No action required
1526,Turner-Rhodes,Individual,Energy/Oil,High,AE,0,0,0,0,1,0.0,30,202827.65,6760.921666666666,0,0,0,0,0,12,AE,1.5,Low,0,2,0.003014316,Low Risk,No action required
1527,"Orr, Hall and Martin",Individual,Energy/Oil,High,US,0,0,0,0,1,0.0,36,143175.93,3977.1091666666666,0,0,0,5,0,13,US,1.5,Low,0,2,0.0025841517,Low Risk,No action required
1528,Smith Ltd,Individual,Real Estate,Medium,SD,0,0,0,1,0,0.0,25,60931.07,2437.2428,0,0,0,1,0,11,SD,2.0,Low,0,1,0.007777706,Low Risk,No action required
1529,"Lopez, Schwartz and Stevenson",Financial Institution,Crypto Exchange,High,RU,0,0,0,1,0,0.0,18,238035.18,13224.176666666666,0,0,0,1,0,8,RU,2.0,Low,0,2,0.008538076,Low Risk,No action required
1530,Bright Inc,NGO,Retail,Low,LB,0,0,0,0,0,0.5,22,51627.14,2346.688181818182,0,0,0,1,0,11,LB,5.0,Medium,1,0,0.9953752,Critical,Compliance team intervention
1531,Wall PLC,NGO,Casino/Gambling,High,SY,0,0,0,1,0,0.0,27,213688.52,7914.389629629631,1,0,1,2,0,14,SY,5.5,High,1,2,0.9985744,Critical,Compliance team intervention
1532,Alexander-Moore,Individual,Energy/Oil,High,CA,0,0,0,0,1,0.0,20,42147.07,2107.3535,0,0,0,0,0,9,CA,1.5,Low,0,2,0.001992706,Low Risk,No action required
1533,"Jones, Jacobson and Mejia",Financial Institution,Consulting,Low,CH,0,0,0,0,0,0.0,25,45187.89,1807.5156,1,1,0,2,0,13,CH,2.0,Low,1,0,0.9981975,Critical,Compliance team intervention
1534,Johnson-Gross,NGO,Financial Services,Medium,CN,0,0,0,0,1,0.0,28,60876.65,2174.1660714285717,2,1,0,2,0,13,CN,5.5,High,1,1,0.99867636,Critical,Compliance team intervention
1535,Gray-Roberts,NGO,Import/Export,Medium,AU,0,0,0,0,0,0.5,27,65254.37,2416.828518518518,0,0,1,0,0,10,AU,6.5,High,1,1,0.9955325,Critical,Compliance team intervention
1536,Brooks and Sons,Corporate,Real Estate,Medium,SG,0,0,0,0,0,0.0,26,49473.33,1902.820384615385,1,0,0,1,0,12,SG,2.0,Low,1,1,0.9980761,Critical,Compliance team intervention
1537,Ferguson-Franklin,Financial Institution,Retail,Low,SD,0,0,0,1,0,0.0,17,18148.04,1067.5317647058823,0,0,0,1,0,10,SD,2.0,Low,0,0,0.004484679,Low Risk,No action required
1538,Butler-Mcdaniel,NGO,Defense/Arms,High,AF,0,1,0,0,1,0.0,29,53812.29,1855.596206896552,19,8,0,1,0,7,AF,42.5,Critical,1,2,0.99739325,Critical,Compliance team intervention
1539,Larson Inc,Financial Institution,Defense/Arms,High,RU,0,0,0,1,1,0.0,16,57854.74,3615.92125,1,1,0,1,0,11,RU,5.5,High,1,2,0.99867696,Critical,Compliance team intervention
1540,"Hernandez, Austin and Oconnell",NGO,NGO/Charity,High,IN,0,0,0,0,0,1.0,27,219233.09,8119.744074074074,0,0,0,1,0,12,IN,10.0,High,1,2,0.99455786,Critical,Compliance team intervention
1541,Chen Ltd,Financial Institution,NGO/Charity,High,AU,0,0,0,0,0,0.0,32,227416.99,7106.780937500001,0,0,0,1,0,15,AU,0.0,Low,0,2,0.0042125685,Low Risk,No action required
1542,Santos Ltd,NGO,Retail,Low,AU,0,0,0,0,0,0.5,24,44629.29,1859.55375,0,0,0,1,0,11,AU,5.0,Medium,1,0,0.9937318,Critical,Compliance team intervention
1543,"Miller, Crawford and Blair",Financial Institution,Casino/Gambling,High,SG,0,0,0,0,0,0.0,23,192755.97,8380.694347826087,0,0,0,0,0,10,SG,0.0,Low,0,2,0.0039987564,Low Risk,No action required
1544,Allen PLC,NGO,Financial Services,Medium,CA,0,0,0,0,1,0.0,18,44019.46,2445.5255555555555,0,0,0,1,0,10,CA,1.5,Low,0,1,0.0025456282,Low Risk,No action required
1545,Dominguez-Foster,Financial Institution,Consulting,Low,DE,0,0,0,0,0,0.0,17,31693.97,1864.351176470588,0,0,0,1,0,8,DE,0.0,Low,0,0,0.0017539598,Low Risk,No action required
1546,Castillo Inc,NGO,Casino/Gambling,High,SD,0,0,0,1,0,0.5,30,275566.6,9185.553333333331,1,1,0,1,0,13,SD,9.0,High,1,2,0.99881953,Critical,Compliance team intervention
1547,Peterson LLC,Financial Institution,Import/Export,Medium,AF,0,0,0,0,0,0.0,35,85418.68,2440.5337142857143,1,0,2,3,0,12,AF,5.0,Medium,1,1,0.9978896,Critical,Compliance team intervention
1548,Brown and Sons,Individual,Consulting,Low,SD,0,0,0,1,0,0.0,25,42640.38,1705.6152,0,0,0,1,0,9,SD,2.0,Low,0,0,0.0049975994,Low Risk,No action required
1549,Salas LLC,NGO,NGO/Charity,High,SG,0,0,0,0,0,0.0,24,72707.93,3029.497083333333,2,1,2,1,0,12,SG,7.0,High,1,2,0.9981951,Critical,Compliance team intervention
1550,Villarreal Ltd,Financial Institution,Tech,Low,SD,0,0,0,1,0,0.0,29,71824.34,2476.7013793103447,0,0,1,1,0,10,SD,3.5,Medium,0,0,0.0075242287,Low Risk,No action required
1551,Reid-Peck,Financial Institution,Casino/Gambling,High,CA,0,0,0,0,0,0.0,32,521373.07,16292.9084375,0,0,0,0,0,12,CA,0.0,Low,0,2,0.003258137,Low Risk,No action required
1552,Hernandez Group,Corporate,Import/Export,Medium,AE,0,0,0,0,0,1.0,31,75234.58,2426.921935483871,0,0,0,2,0,12,AE,10.0,High,1,1,0.9948618,Critical,Compliance team intervention
1553,Hale-Harris,NGO,Import/Export,Medium,US,0,0,0,0,0,0.0,29,61455.66,2119.160689655172,2,2,0,0,0,11,US,4.0,Medium,1,1,0.9976344,Critical,Compliance team intervention
1554,Mosley LLC,Individual,Financial Services,Medium,AF,0,0,0,0,1,0.0,21,45439.79,2163.799523809524,1,1,0,3,0,12,AF,3.5,Medium,1,1,0.99840814,Critical,Compliance team intervention
1555,"Cooper, Holmes and Williams",NGO,Financial Services,Medium,NL,0,0,0,0,1,0.5,25,46810.01,1872.4004,1,0,0,4,0,13,NL,8.5,High,1,1,0.9989059,Critical,Compliance team intervention
1556,"Mitchell, Brewer and Graham",Financial Institution,Tech,Low,VE,0,0,0,1,0,0.0,28,49076.35,1752.7267857142856,0,0,0,0,0,12,VE,2.0,Low,0,0,0.0053796107,Low Risk,No action required
1557,Hansen-Burke,Individual,Crypto Exchange,High,IN,0,0,0,0,0,0.0,21,121423.98,5782.094285714285,1,0,0,0,0,12,IN,2.0,Low,1,2,0.9979074,Critical,Compliance team intervention
1558,"Gibson, Cline and Newman",NGO,Defense/Arms,High,AU,0,0,0,0,1,0.0,25,183611.64,7344.4656,0,0,0,1,0,12,AU,1.5,Low,0,2,0.0043892805,Low Risk,No action required
1559,Brooks-Lopez,Corporate,Tech,Low,CA,0,0,0,0,0,0.5,23,47091.57,2047.4595652173916,1,1,0,2,0,12,CA,7.0,High,1,0,0.99824727,Critical,Compliance team intervention
1560,Wilcox LLC,Corporate,Energy/Oil,High,AE,0,0,0,0,1,0.5,24,133780.73,5574.1970833333335,2,1,0,2,0,12,AE,10.5,Critical,1,2,0.99855524,Critical,Compliance team intervention
1561,Foley-Moran,Corporate,Crypto Exchange,High,LB,0,0,0,0,0,0.0,19,129100.92,6794.785263157895,1,0,0,0,0,12,LB,2.0,Low,1,2,0.99816614,Critical,Compliance team intervention
1562,"Hobbs, Edwards and Chavez",Corporate,Energy/Oil,High,IN,0,0,0,0,1,0.0,30,199544.78000000003,6651.492666666668,0,0,1,1,0,12,IN,3.0,Medium,0,2,0.003062115,Low Risk,No action required
1563,"Leonard, Miller and Clark",NGO,Tech,Low,US,0,0,0,0,0,0.5,35,76322.9,2180.6542857142854,0,0,1,1,0,12,US,6.5,High,1,0,0.9959973,Critical,Compliance team intervention
1564,"Baker, Small and Payne",Corporate,Consulting,Low,VE,0,0,0,1,0,0.0,21,34656.2,1650.295238095238,1,0,0,0,0,11,VE,4.0,Medium,1,0,0.99758816,Critical,Compliance team intervention
1565,Hernandez-Foster,Corporate,NGO/Charity,High,NL,0,0,0,0,0,0.5,21,30156.27,1436.0128571428572,0,0,1,1,0,11,NL,6.5,High,1,2,0.99587303,Critical,Compliance team intervention
1566,"Skinner, Gonzalez and Donovan",NGO,Defense/Arms,High,LB,0,0,0,0,1,0.5,25,173738.15,6949.526,0,0,1,2,0,12,LB,8.0,High,1,2,0.99564207,Critical,Compliance team intervention
1567,West Ltd,Financial Institution,Real Estate,Medium,AU,0,0,0,0,0,0.0,25,45373.05,1814.922,2,1,0,2,0,13,AU,4.0,Medium,1,1,0.99826705,Critical,Compliance team intervention
1568,"Walters, Brown and Alvarado",Financial Institution,Retail,Low,VE,0,0,0,1,0,0.0,21,33545.22,1597.3914285714286,0,0,0,0,0,10,VE,2.0,Low,0,0,0.0040426753,Low Risk,No action required
1569,"Bell, Miller and Smith",Individual,Retail,Low,UK,0,0,0,0,0,0.0,28,53764.53,1920.1617857142855,1,1,0,2,0,15,UK,2.0,Low,1,0,0.9980446,Critical,Compliance team intervention
1570,Garza-King,Individual,Financial Services,Medium,UK,0,0,0,0,1,0.0,33,61055.380000000005,1850.1630303030304,3,2,0,2,0,16,UK,7.5,High,1,1,0.998061,Critical,Compliance team intervention
1571,Hall Group,Financial Institution,Energy/Oil,High,CH,0,1,0,0,1,0.0,25,171673.54,6866.9416,19,11,0,1,0,8,CH,42.5,Critical,1,2,0.997726,Critical,Compliance team intervention
1572,"Brady, Davis and Miller",NGO,Financial Services,Medium,RU,0,0,0,1,1,0.5,25,54657.91,2186.3164,2,1,0,3,0,14,RU,12.5,Critical,1,1,0.9990163,Critical,Compliance team intervention
1573,Petersen Inc,Individual,Retail,Low,KP,0,0,1,1,0,0.0,20,37537.28,1876.864,0,0,0,1,0,12,KP,4.0,Medium,1,0,0.9904144,Critical,Compliance team intervention
1574,"Arnold, West and Wheeler",Corporate,Tech,Low,AU,0,0,0,0,0,1.0,25,63663.22,2546.5288,0,0,1,0,0,10,AU,11.5,Critical,1,0,0.995565,Critical,Compliance team intervention
1575,"Li, Potter and Davidson",NGO,Casino/Gambling,High,RU,0,0,0,1,0,0.0,28,246923.59,8818.699642857142,0,0,1,0,0,13,RU,3.5,Medium,0,2,0.009781497,Low Risk,No action required
1576,Brown-Green,Corporate,Energy/Oil,High,NL,0,0,0,0,1,0.0,27,96217.68,3563.617777777778,0,0,0,3,0,12,NL,1.5,Low,0,2,0.0021590525,Low Risk,No action required
1577,"Allen, Bryant and Martin",Corporate,Financial Services,Medium,IN,0,0,0,0,1,0.0,21,46193.86,2199.707619047619,1,0,0,0,0,11,IN,3.5,Medium,1,1,0.99783117,Critical,Compliance team intervention
1578,Vance LLC,Corporate,Financial Services,Medium,AF,0,0,0,0,1,0.5,32,74940.22,2341.881875,0,0,1,2,0,13,AF,8.0,High,1,1,0.99601054,Critical,Compliance team intervention
1579,"Barnes, Morrow and Cervantes",NGO,NGO/Charity,High,FR,0,0,0,0,0,0.5,28,157597.19,5628.471071428571,1,0,1,3,0,9,FR,8.5,High,1,2,0.9981097,Critical,Compliance team intervention
1580,Gray Group,NGO,NGO/Charity,High,AU,0,0,0,0,0,0.0,31,142437.79,4594.767419354839,0,0,0,1,0,12,AU,0.0,Low,0,2,0.0025493673,Low Risk,No action required
1581,"Tran, Thomas and Leon",NGO,Financial Services,Medium,AE,0,0,0,0,1,0.0,33,71252.26,2159.159393939394,0,0,0,3,0,14,AE,1.5,Low,0,1,0.004082804,Low Risk,No action required
1582,Moreno-Flores,Corporate,Crypto Exchange,High,IR,0,0,1,1,0,0.0,26,151192.62,5815.100769230769,1,0,1,1,0,13,IR,7.5,High,1,2,0.9986822,Critical,Compliance team intervention
1583,Luna Ltd,NGO,Casino/Gambling,High,CN,1,0,0,0,0,0.0,20,51145.82,2557.291,0,0,0,0,0,12,CN,3.0,Medium,1,2,0.95625466,Critical,Compliance team intervention
1584,Anderson-Chambers,NGO,Real Estate,Medium,FR,0,0,0,0,0,0.0,19,41529.59,2185.7678947368418,0,0,0,1,0,11,FR,0.0,Low,0,1,0.002783383,Low Risk,No action required
1585,"Daniels, Robertson and Jones",Individual,Consulting,Low,CA,0,0,0,0,0,0.0,21,46549.34,2216.635238095238,0,0,0,1,0,10,CA,0.0,Low,0,0,0.0024504531,Low Risk,No action required
1586,"Adams, Sparks and Jones",NGO,Consulting,Low,FR,0,0,0,0,0,0.0,21,46800.42,2228.5914285714284,0,0,0,0,0,10,FR,0.0,Low,0,0,0.0021947143,Low Risk,No action required
1587,"Kramer, Mueller and Hardin",Financial Institution,Real Estate,Medium,AU,0,0,0,0,0,0.0,23,47420.42,2061.757391304348,0,0,0,3,0,11,AU,0.0,Low,0,1,0.0022732022,Low Risk,No action required
1588,"Williams, Johnson and Tucker",Corporate,Energy/Oil,High,FR,0,0,0,0,1,0.0,29,119685.17,4127.074827586207,0,0,0,1,0,13,FR,1.5,Low,0,2,0.0030659516,Low Risk,No action required
1589,"Melton, Hunter and Chen",Individual,Financial Services,Medium,SG,0,0,0,0,1,0.0,34,78753.39,2316.2761764705883,1,0,0,3,0,14,SG,3.5,Medium,1,1,0.9976109,Critical,Compliance team intervention
1590,Curtis-Galloway,Individual,Energy/Oil,High,LB,0,0,0,0,1,0.0,27,88954.47,3294.61,1,0,0,0,0,12,LB,3.5,Medium,1,2,0.9970631,Critical,Compliance team intervention
1591,Wilson-Wilson,Individual,Consulting,Low,IR,0,0,1,1,0,0.0,27,43070.37,1595.198888888889,1,0,0,1,0,12,IR,6.0,High,1,0,0.9981724,Critical,Compliance team intervention
1592,Hansen and Sons,Individual,Crypto Exchange,High,CA,0,0,0,0,0,0.0,29,95509.09,3293.416896551724,0,0,0,4,0,12,CA,0.0,Low,0,2,0.0020836985,Low Risk,No action required
1593,Mccarthy LLC,Individual,Defense/Arms,High,FR,0,1,0,0,1,0.0,26,59278.45,2279.9403846153846,20,6,0,1,0,8,FR,44.5,Critical,1,2,0.99596894,Critical,Compliance team intervention
1594,"Hoover, Robertson and Alvarez",Financial Institution,Import/Export,Medium,KP,0,0,1,1,0,0.0,28,48117.96,1718.4985714285715,2,2,0,4,0,11,KP,8.0,High,1,1,0.9975923,Critical,Compliance team intervention
1595,"Sweeney, Dominguez and Kirby",NGO,Crypto Exchange,High,SG,0,0,0,0,0,0.0,27,151655.88,5616.884444444445,0,0,0,2,0,12,SG,0.0,Low,0,2,0.0025102799,Low Risk,No action required
1596,Mclaughlin Inc,Individual,Defense/Arms,High,SG,0,0,0,0,1,0.0,20,181584.89,9079.2445,0,0,0,0,0,12,SG,1.5,Low,0,2,0.0045763114,Low Risk,No action required
1597,Carter-Potter,NGO,Financial Services,Medium,KP,0,0,1,1,1,0.0,31,48986.67,1580.2151612903226,1,0,0,2,0,12,KP,7.5,High,1,1,0.9978873,Critical,Compliance team intervention
1598,Shannon-Jones,Individual,Energy/Oil,High,AF,0,0,0,0,1,0.0,20,263316.2,13165.81,0,0,0,1,0,10,AF,1.5,Low,0,2,0.0040003443,Low Risk,No action required
1599,Williams-Sullivan,Individual,Import/Export,Medium,JP,0,0,0,0,0,0.0,20,47848.7,2392.435,0,0,1,2,0,11,JP,1.5,Low,0,1,0.0027473164,Low Risk,No action required
1600,Poole LLC,NGO,Casino/Gambling,High,FR,0,0,0,0,0,0.0,19,76025.66,4001.3505263157895,0,0,0,1,0,8,FR,0.0,Low,0,2,0.0033807084,Low Risk,No action required
1601,Thompson LLC,NGO,Import/Export,Medium,SY,1,0,0,1,0,0.5,21,87371.98,4160.570476190476,0,0,2,4,0,10,SY,13.0,Critical,1,1,0.99831724,Critical,Compliance team intervention
1602,"Vincent, Carey and Andrews",Financial Institution,Real Estate,Medium,VE,0,0,0,1,0,0.0,25,58667.87,2346.7148,1,0,0,2,0,11,VE,4.0,Medium,1,1,0.9982338,Critical,Compliance team intervention
1603,"Perry, Price and Joseph",Individual,Crypto Exchange,High,CA,0,0,0,0,0,0.0,26,297558.93,11444.57423076923,1,1,0,1,0,12,CA,2.0,Low,1,2,0.9978726,Critical,Compliance team intervention
1604,Garcia PLC,NGO,Import/Export,Medium,KP,0,0,1,1,0,0.0,23,56920.17,2474.79,0,0,0,0,0,12,KP,4.0,Medium,1,1,0.9931821,Critical,Compliance team intervention
1605,Howell and Sons,Corporate,Import/Export,Medium,LB,0,0,0,0,0,0.5,27,61441.630000000005,2275.615925925926,0,0,0,0,0,11,LB,5.0,Medium,1,1,0.99385357,Critical,Compliance team intervention
1606,Edwards-Estes,NGO,Real Estate,Medium,IR,0,0,1,1,0,0.0,18,38431.81,2135.1005555555557,0,0,0,0,0,10,IR,4.0,Medium,1,1,0.9909931,Critical,Compliance team intervention
1607,Santiago-Murphy,Corporate,Financial Services,Medium,FR,0,0,0,0,1,0.5,24,31494.75,1312.28125,0,0,0,0,0,11,FR,6.5,High,1,1,0.99339217,Critical,Compliance team intervention
1608,Holland LLC,NGO,Financial Services,Medium,DE,0,0,0,0,1,0.0,21,38544.29,1835.442380952381,0,0,0,0,0,9,DE,1.5,Low,0,1,0.0016441661,Low Risk,No action required
1609,Brown Inc,NGO,NGO/Charity,High,SD,0,0,0,1,0,0.0,27,324403.9,12014.959259259258,2,0,0,1,0,13,SD,6.0,High,1,2,0.99855787,Critical,Compliance team intervention
1610,Hall-Torres,Individual,Retail,Low,SG,0,0,0,0,0,0.0,23,36587.55,1590.763043478261,0,0,0,0,0,10,SG,0.0,Low,0,0,0.0016585158,Low Risk,No action required
1611,Smith-Coleman,Corporate,Tech,Low,CA,0,0,0,0,0,0.0,25,71523.33,2860.9332,0,0,0,3,0,11,CA,0.0,Low,0,0,0.0040608454,Low Risk,No action required
1612,"Burnett, Robinson and Hurley",Financial Institution,Crypto Exchange,High,AU,0,0,0,0,0,0.0,17,68020.88,4001.228235294118,0,0,0,0,0,10,AU,0.0,Low,0,2,0.003140841,Low Risk,No action required
1613,Mejia PLC,Corporate,Tech,Low,IR,0,0,1,1,0,1.0,27,60129.84,2227.0311111111114,1,1,0,0,0,14,IR,16.0,Critical,1,0,0.9989421,Critical,Compliance team intervention
1614,Ortiz LLC,Individual,Retail,Low,US,0,0,0,0,0,0.0,23,30596.14,1330.266956521739,1,0,0,4,0,12,US,2.0,Low,1,0,0.997271,Critical,Compliance team intervention
1615,Conner-Delgado,Financial Institution,NGO/Charity,High,UK,0,0,0,0,0,0.0,19,174989.0,9209.947368421052,0,0,1,1,0,9,UK,1.5,Low,0,2,0.0042406144,Low Risk,No action required
1616,"Bass, Lopez and Johnson",Financial Institution,Financial Services,Medium,NL,0,0,0,0,1,0.0,28,48912.36,1746.87,2,1,0,0,0,15,NL,5.5,High,1,1,0.9981749,Critical,Compliance team intervention
1617,Walker LLC,NGO,Financial Services,Medium,KP,0,0,1,1,1,0.0,29,57137.36,1970.2537931034483,0,0,0,2,0,12,KP,5.5,High,1,1,0.99167496,Critical,Compliance team intervention
1618,Ramirez-Lopez,NGO,Import/Export,Medium,VE,0,0,0,1,0,0.0,34,70991.02,2087.9711764705885,1,0,0,7,0,13,VE,4.0,Medium,1,1,0.9983542,Critical,Compliance team intervention
1619,"Berger, Davis and Carson",Individual,Consulting,Low,UK,0,0,0,0,0,0.0,30,54038.52,1801.284,1,1,0,0,0,13,UK,2.0,Low,1,0,0.99804175,Critical,Compliance team intervention
1620,Miller Inc,NGO,Import/Export,Medium,FR,0,0,0,0,0,0.0,28,48632.78,1736.885,1,0,0,1,0,13,FR,2.0,Low,1,1,0.9983359,Critical,Compliance team intervention
1621,"Johnston, Allen and Stephens",NGO,Casino/Gambling,High,NL,0,0,0,0,0,0.0,22,102794.92,4672.496363636364,0,0,0,0,0,11,NL,0.0,Low,0,2,0.0037780113,Low Risk,No action required
1622,Porter-Rosales,Financial Institution,Real Estate,Medium,CH,0,0,0,0,0,0.0,19,37772.32,1988.016842105263,0,0,0,0,0,11,CH,0.0,Low,0,1,0.0019310261,Low Risk,No action required
1623,"Black, Bennett and Arellano",Corporate,Energy/Oil,High,AU,0,0,0,0,1,0.0,29,250358.48,8633.05103448276,0,0,0,2,0,11,AU,1.5,Low,0,2,0.0031811194,Low Risk,No action required
1624,Robinson-Johnson,Individual,NGO/Charity,High,CN,0,0,0,0,0,0.0,27,142814.01,5289.407777777778,0,0,0,1,0,11,CN,0.0,Low,0,2,0.0021578942,Low Risk,No action required
1625,Powell-Robinson,Individual,Energy/Oil,High,UK,0,0,0,0,1,0.0,21,118791.62,5656.743809523809,1,0,0,1,0,12,UK,3.5,Medium,1,2,0.9978581,Critical,Compliance team intervention
1626,Lee-Porter,Financial Institution,Tech,Low,CA,0,0,0,0,0,0.0,16,41916.26,2619.76625,0,0,0,3,0,8,CA,0.0,Low,0,0,0.0020851693,Low Risk,No action required
1627,"Sparks, Bailey and Bentley",Corporate,Real Estate,Medium,SD,0,0,0,1,0,0.0,22,43979.71,1999.0777272727275,0,0,0,1,0,12,SD,2.0,Low,0,1,0.0061637233,Low Risk,No action required
1628,Bradley-Mcclain,Individual,Energy/Oil,High,LB,0,0,0,0,1,0.0,29,66046.1,2277.4517241379317,2,1,0,0,0,14,LB,5.5,High,1,2,0.9963176,Critical,Compliance team intervention
1629,Pearson Inc,Corporate,Retail,Low,FR,0,0,0,0,0,0.0,25,34492.93,1379.7172,0,0,0,1,0,12,FR,0.0,Low,0,0,0.002481618,Low Risk,No action required
1630,"Diaz, Sanders and Preston",NGO,Crypto Exchange,High,SD,0,0,0,1,0,0.0,21,56582.1,2694.385714285714,1,1,0,1,0,13,SD,4.0,Medium,1,2,0.9984068,Critical,Compliance team intervention
1631,Turner LLC,Financial Institution,Tech,Low,SG,0,0,0,0,0,0.0,27,59019.91,2185.9225925925925,1,1,0,2,0,11,SG,2.0,Low,1,0,0.99768853,Critical,Compliance team intervention
1632,Griffin-Howard,Corporate,NGO/Charity,High,RU,0,1,0,1,0,0.0,20,131979.24,6598.962,17,8,0,1,0,7,RU,39.0,Critical,1,2,0.9983065,Critical,Compliance team intervention
1633,Garcia Inc,Individual,Financial Services,Medium,CH,0,0,0,0,1,0.0,22,39254.6,1784.3,0,0,0,2,0,13,CH,1.5,Low,0,1,0.003150247,Low Risk,No action required
1634,"Murray, Goodman and Stout",Financial Institution,Tech,Low,SG,0,0,0,0,0,0.0,19,45630.78,2401.62,1,0,0,1,0,11,SG,2.0,Low,1,0,0.9979069,Critical,Compliance team intervention
1635,"Kim, Velazquez and Garcia",Corporate,Import/Export,Medium,CN,0,0,0,0,0,0.0,19,35482.72,1867.5115789473684,1,0,0,0,0,13,CN,2.0,Low,1,1,0.9982387,Critical,Compliance team intervention
1636,"Ray, Rios and Hart",Financial Institution,Import/Export,Medium,UK,0,0,0,0,0,0.0,31,64694.83,2086.93,1,0,1,1,0,13,UK,3.5,Medium,1,1,0.99837035,Critical,Compliance team intervention
1637,Randolph and Sons,NGO,Defense/Arms,High,SY,0,0,0,1,1,0.5,24,77358.71,3223.279583333333,0,0,0,0,0,10,SY,8.5,High,1,2,0.99706,Critical,Compliance team intervention
1638,Petty Ltd,Financial Institution,Crypto Exchange,High,CN,0,0,0,0,0,0.0,37,329706.91000000003,8910.997567567569,0,0,0,2,0,13,CN,0.0,Low,0,2,0.004381473,Low Risk,No action required
1639,Flores-Mills,Financial Institution,Tech,Low,NL,0,0,0,0,0,0.0,24,24911.49,1037.97875,0,0,0,1,0,12,NL,0.0,Low,0,0,0.0022493342,Low Risk,No action required
1640,Smith Group,NGO,Defense/Arms,High,CH,0,0,0,0,1,0.0,27,66133.24,2449.3792592592595,1,1,1,0,0,12,CH,5.0,Medium,1,2,0.9952264,Critical,Compliance team intervention
1641,Williams-Escobar,Corporate,Tech,Low,CH,0,0,0,0,0,0.0,34,59999.23,1764.6832352941178,1,1,0,1,0,12,CH,2.0,Low,1,0,0.9974848,Critical,Compliance team intervention
1642,Hall Ltd,Corporate,Crypto Exchange,High,SG,0,0,0,0,0,0.0,28,161762.41,5777.228928571429,0,0,1,2,0,13,SG,1.5,Low,0,2,0.0043596737,Low Risk,No action required
1643,Miller LLC,Financial Institution,Energy/Oil,High,AU,0,0,0,0,1,0.0,26,174593.45,6715.132692307693,0,0,0,1,0,12,AU,1.5,Low,0,2,0.0036628195,Low Risk,No action required
1644,"Garcia, Thompson and Anthony",NGO,Real Estate,Medium,FR,0,0,0,0,0,0.5,22,38737.61,1760.8004545454546,0,0,0,1,0,13,FR,5.0,Medium,1,1,0.9965404,Critical,Compliance team intervention
1645,"Lewis, Clark and Garcia",Corporate,Consulting,Low,CH,0,0,0,0,0,0.0,19,24083.18,1267.5357894736842,0,0,0,1,0,10,CH,0.0,Low,0,0,0.0017539598,Low Risk,No action required
1646,Ross-Bullock,Financial Institution,Retail,Low,AE,0,0,0,0,0,0.0,24,34241.06,1426.7108333333333,0,0,0,0,0,12,AE,0.0,Low,0,0,0.0020509153,Low Risk,No action required
1647,Christensen-Hernandez,Financial Institution,NGO/Charity,High,SY,0,0,0,1,0,0.0,23,81854.84,3558.906086956521,0,0,0,3,0,13,SY,2.0,Low,0,2,0.009256899,Low Risk,No action required
1648,Davila-Perez,Financial Institution,Tech,Low,UK,0,0,0,0,0,0.0,29,67215.98,2317.792413793103,0,0,0,1,0,12,UK,0.0,Low,0,0,0.0021721697,Low Risk,No action required
1649,Walker-Rodriguez,Individual,Defense/Arms,High,FR,0,0,0,0,1,0.0,22,118155.4,5370.7,1,0,0,0,0,13,FR,3.5,Medium,1,2,0.9981913,Critical,Compliance team intervention
1650,"Malone, Huber and Hayes",Corporate,Tech,Low,CH,0,0,0,0,0,0.5,27,47157.08,1746.558518518519,0,0,0,3,0,13,CH,5.0,Medium,1,0,0.9956858,Critical,Compliance team intervention
1651,"Wood, Reyes and Flores",Corporate,Financial Services,Medium,IN,0,0,0,0,1,1.0,29,49250.88,1698.3062068965517,0,0,0,1,0,12,IN,11.5,Critical,1,1,0.9948301,Critical,Compliance team intervention
1652,"Solomon, Jones and Scott",NGO,Crypto Exchange,High,SG,0,0,0,0,0,0.0,26,142505.12,5480.966153846153,0,0,2,1,0,12,SG,3.0,Medium,0,2,0.002557043,Low Risk,No action required
1653,"Rowland, Ewing and Andrews",Financial Institution,Defense/Arms,High,IN,0,0,0,0,1,0.0,28,152065.81,5430.921785714286,0,0,0,0,0,12,IN,1.5,Low,0,2,0.002124584,Low Risk,No action required
1654,"Lewis, Lewis and Lynch",Financial Institution,Tech,Low,NL,0,0,0,0,0,0.0,27,54602.58,2022.3177777777776,0,0,0,1,0,11,NL,0.0,Low,0,0,0.0020922897,Low Risk,No action required
1655,"Hess, Burns and Hoffman",Individual,Import/Export,Medium,JP,0,0,0,0,0,0.0,31,91103.28,2938.815483870968,0,0,0,2,0,13,JP,0.0,Low,0,1,0.0052427393,Low Risk,No action required
1656,Oneal LLC,Financial Institution,Financial Services,Medium,AF,0,0,0,0,1,0.0,27,53243.48,1971.9807407407409,0,0,0,0,0,10,AF,1.5,Low,0,1,0.0024307962,Low Risk,No action required
1657,"Moore, Williams and Miller",Financial Institution,Import/Export,Medium,AE,0,0,0,0,0,0.0,21,36728.92,1748.9961904761903,1,0,0,2,0,12,AE,2.0,Low,1,1,0.99727136,Critical,Compliance team intervention
1658,Larson Ltd,NGO,Retail,Low,CA,0,0,0,0,0,0.0,20,41128.56,2056.428,1,0,0,1,0,12,CA,2.0,Low,1,0,0.9978397,Critical,Compliance team intervention
1659,Stevens-Clark,Corporate,NGO/Charity,High,DE,0,0,0,0,0,0.0,26,94855.69,3648.295769230769,0,0,0,0,0,13,DE,0.0,Low,0,2,0.0038186272,Low Risk,No action required
1660,Butler-Green,NGO,Consulting,Low,RU,0,1,0,1,0,0.0,24,105656.28,4402.345,19,3,0,2,0,7,RU,43.0,Critical,1,0,0.9989274,Critical,Compliance team intervention
1661,"White, Wu and Wright",Financial Institution,Import/Export,Medium,IR,0,0,1,1,0,0.0,28,49097.91,1753.4967857142856,0,0,0,3,0,13,IR,4.0,Medium,1,1,0.9917636,Critical,Compliance team intervention
1662,Bryan-Wilson,Corporate,Retail,Low,SG,0,0,0,0,0,1.0,15,20108.42,1340.561333333333,0,0,0,1,0,9,SG,10.0,High,1,0,0.9929945,Critical,Compliance team intervention
1663,Wallace-Harris,Financial Institution,Import/Export,Medium,SY,0,1,0,1,0,0.0,24,141343.06,5889.294166666667,17,3,0,2,0,8,SY,39.0,Critical,1,1,0.9995616,Critical,Compliance team intervention
1664,Weaver Inc,NGO,Consulting,Low,IN,0,0,0,0,0,0.0,16,28225.66,1764.10375,0,0,0,1,0,9,IN,0.0,Low,0,0,0.0017539598,Low Risk,No action required
1665,"Pierce, Olson and Yoder",Corporate,Real Estate,Medium,SY,0,0,0,1,0,1.0,18,25897.25,1438.736111111111,3,1,0,3,0,13,SY,18.0,Critical,1,1,0.99887234,Critical,Compliance team intervention
1666,Gonzales and Sons,Individual,Energy/Oil,High,IN,0,0,0,0,1,0.0,28,145527.07,5197.395357142857,0,0,0,1,0,12,IN,1.5,Low,0,2,0.002188287,Low Risk,No action required
1667,Glass PLC,NGO,Energy/Oil,High,SD,0,0,0,1,1,1.0,23,174446.2,7584.6173913043485,0,0,0,2,0,12,SD,13.5,Critical,1,2,0.9970993,Critical,Compliance team intervention
1668,Orr LLC,Individual,Defense/Arms,High,KP,0,0,1,1,1,0.0,22,255616.2,11618.918181818182,0,0,0,0,0,11,KP,5.5,High,1,2,0.9925311,Critical,Compliance team intervention
1669,Combs Group,Financial Institution,Real Estate,Medium,CH,0,0,0,0,0,0.0,22,47380.4,2153.6545454545453,1,0,0,0,0,11,CH,2.0,Low,1,1,0.9980428,Critical,Compliance team intervention
1670,Pope LLC,Individual,Consulting,Low,AE,0,0,0,0,0,0.0,33,77533.01000000001,2349.485151515152,0,0,0,4,0,12,AE,0.0,Low,0,0,0.0021912188,Low Risk,No action required
1671,Harrell and Sons,Corporate,Consulting,Low,CN,0,0,0,0,0,0.5,23,38765.54,1685.4582608695653,1,0,0,1,0,10,CN,7.0,High,1,0,0.99806315,Critical,Compliance team intervention
1672,"Cooper, Barajas and Morgan",Corporate,Real Estate,Medium,IN,0,0,0,0,0,1.0,22,32006.64,1454.8472727272726,0,0,0,2,0,10,IN,10.0,High,1,1,0.99257725,Critical,Compliance team intervention
1673,"Nguyen, House and Turner",Corporate,Retail,Low,IN,0,0,0,0,0,0.0,31,64890.08,2093.2283870967744,0,0,0,2,0,12,IN,0.0,Low,0,0,0.0022630277,Low Risk,No action required
1674,"Alexander, Garcia and Matthews",Corporate,Casino/Gambling,High,RU,1,0,0,1,0,0.0,25,92628.49,3705.1396,0,0,0,0,0,12,RU,5.0,Medium,1,2,0.98695564,Critical,Compliance team intervention
1675,"Martin, Foster and Mitchell",Corporate,Consulting,Low,IR,0,0,1,1,0,0.0,20,24442.45,1222.1225,0,0,0,1,0,8,IR,4.0,Medium,1,0,0.9874479,Critical,Compliance team intervention
1676,Wilkins LLC,NGO,Tech,Low,SG,0,0,0,0,0,0.5,22,36431.5,1655.9772727272727,1,0,0,0,0,12,SG,7.0,High,1,0,0.9983211,Critical,Compliance team intervention
1677,Perez and Sons,NGO,NGO/Charity,High,AU,0,0,0,0,0,0.0,34,275450.99,8101.499705882353,1,0,0,0,0,13,AU,2.0,Low,1,2,0.9980862,Critical,Compliance team intervention
1678,Edwards-Villegas,Individual,Crypto Exchange,High,SD,0,0,0,1,0,0.0,24,81535.45,3397.3104166666667,1,0,0,0,0,13,SD,4.0,Medium,1,2,0.9988733,Critical,Compliance team intervention
1679,"Brewer, Martinez and Perkins",Corporate,Crypto Exchange,High,FR,0,0,0,0,0,0.5,29,100278.08,3457.864827586207,0,0,1,0,0,13,FR,6.5,High,1,2,0.9954152,Critical,Compliance team intervention
1680,Ferguson LLC,Individual,Import/Export,Medium,LB,0,0,0,0,0,0.0,27,47222.66,1748.9874074074075,1,0,0,1,0,13,LB,2.0,Low,1,1,0.9983359,Critical,Compliance team intervention
1681,Brooks Inc,Financial Institution,Import/Export,Medium,LB,0,0,0,0,0,0.0,27,68618.5,2541.425925925926,1,0,0,0,0,14,LB,2.0,Low,1,1,0.99826705,Critical,Compliance team intervention
1682,"Huffman, Jackson and Price",Individual,Financial Services,Medium,IR,0,0,1,1,1,0.0,30,66835.01,2227.8336666666664,1,1,0,2,0,13,IR,7.5,High,1,1,0.998495,Critical,Compliance team intervention
1683,Huber-Ochoa,Financial Institution,Crypto Exchange,High,KP,0,0,1,1,0,0.0,22,116649.84,5302.265454545454,1,0,0,1,0,12,KP,6.0,High,1,2,0.99828917,Critical,Compliance team intervention
1684,Hogan Inc,Financial Institution,NGO/Charity,High,RU,0,0,0,1,0,0.0,23,260291.96,11317.041739130436,0,0,0,1,0,10,RU,2.0,Low,0,2,0.008214641,Low Risk,No action required
1685,"Peterson, Callahan and Ellis",Financial Institution,Energy/Oil,High,VE,0,0,0,1,1,0.0,23,150356.56,6537.241739130434,0,0,0,0,0,10,VE,3.5,Medium,0,2,0.007634414,Low Risk,No action required
1686,Santos-Tate,Corporate,NGO/Charity,High,KP,0,0,1,1,0,0.0,33,148985.23,4514.703939393939,1,0,0,1,0,13,KP,6.0,High,1,2,0.9984769,Critical,Compliance team intervention
1687,Fernandez-Adams,Corporate,Crypto Exchange,High,CH,0,0,0,0,0,0.0,21,165432.72,7877.748571428571,0,0,0,0,0,12,CH,0.0,Low,0,2,0.004574496,Low Risk,No action required
1688,Gibbs-Deleon,NGO,Energy/Oil,High,KP,0,0,1,1,1,0.0,29,121514.43,4190.152758620689,0,0,0,0,0,11,KP,5.5,High,1,2,0.9902344,Critical,Compliance team intervention
1689,"Foster, Daniels and Lara",Corporate,NGO/Charity,High,RU,0,0,0,1,0,0.0,20,113387.68,5669.384,0,0,0,2,0,11,RU,2.0,Low,0,2,0.0068896185,Low Risk,No action required
1690,"Holloway, Doyle and Smith",Financial Institution,Real Estate,Medium,US,1,0,0,0,0,0.0,22,94099.93,4277.269545454546,1,1,0,3,0,10,US,5.0,Medium,1,1,0.9988152,Critical,Compliance team intervention
1691,"Villarreal, Villegas and Jones",Financial Institution,Tech,Low,SD,0,0,0,1,0,0.0,19,33112.42,1742.7589473684209,0,0,0,2,0,10,SD,2.0,Low,0,0,0.0038485809,Low Risk,No action required
1692,Martin-Vasquez,Corporate,NGO/Charity,High,UK,0,0,0,0,0,0.0,19,65908.83,3468.8857894736843,0,0,0,2,0,9,UK,0.0,Low,0,2,0.003001191,Low Risk,No action required
1693,Parks Ltd,Corporate,Import/Export,Medium,DE,0,0,0,0,0,0.0,26,45612.55,1754.3288461538464,2,1,0,1,0,13,DE,4.0,Medium,1,1,0.9986344,Critical,Compliance team intervention
1694,Martinez-Lee,NGO,Consulting,Low,VE,0,0,0,1,0,1.0,27,45695.98,1692.4437037037037,1,0,0,0,0,13,VE,14.0,Critical,1,0,0.9988385,Critical,Compliance team intervention
1695,Garcia and Sons,Financial Institution,Tech,Low,UK,0,0,0,0,0,0.0,29,75222.81999999999,2593.890344827586,1,0,0,0,0,14,UK,2.0,Low,1,0,0.99812216,Critical,Compliance team intervention
1696,"Green, Spencer and Carpenter",Individual,Defense/Arms,High,UK,0,0,0,0,1,0.0,22,41536.75,1888.034090909091,0,0,1,1,0,11,UK,3.0,Medium,0,2,0.0030914699,Low Risk,No action required
1697,"Mason, Olson and Gomez",Individual,Energy/Oil,High,RU,0,0,0,1,1,0.0,25,183422.25,7336.89,1,1,0,1,0,11,RU,5.5,High,1,2,0.9983993,Critical,Compliance team intervention
1698,Barber-Barnes,Individual,Retail,Low,AF,0,0,0,0,0,0.0,30,56765.3,1892.1766666666667,0,0,0,2,0,12,AF,0.0,Low,0,0,0.0019634622,Low Risk,No action required
1699,Mitchell PLC,NGO,Import/Export,Medium,SG,0,0,0,0,0,0.5,22,35914.75,1632.4886363636365,0,0,0,1,0,9,SG,5.0,Medium,1,1,0.993425,Critical,Compliance team intervention
1700,Robinson and Sons,NGO,Financial Services,Medium,CA,0,0,0,0,1,0.0,22,39639.63,1801.8013636363637,0,0,0,0,0,11,CA,1.5,Low,0,1,0.0018864727,Low Risk,No action required
1701,Adams-Steele,Corporate,Retail,Low,SY,0,0,0,1,0,0.0,36,55069.81,1529.7169444444444,1,0,0,1,0,14,SY,4.0,Medium,1,0,0.99855214,Critical,Compliance team intervention
1702,Le-Ayala,Individual,Retail,Low,CH,0,1,0,0,0,0.0,28,191766.28,6848.795714285714,21,4,0,4,0,7,CH,45.0,Critical,1,0,0.99959785,Critical,Compliance team intervention
1703,"Garza, Diaz and Morales",Financial Institution,Crypto Exchange,High,RU,0,0,0,1,0,0.0,22,173208.61000000002,7873.118636363637,0,0,2,1,0,10,RU,5.0,Medium,0,2,0.008379395,Low Risk,No action required
1704,Page-Simmons,Individual,Defense/Arms,High,AE,0,0,0,0,1,0.0,30,105231.6,3507.7200000000003,0,0,1,2,0,12,AE,3.0,Medium,0,2,0.002258131,Low Risk,No action required
1705,Price Ltd,Corporate,NGO/Charity,High,SG,0,0,0,0,0,0.0,23,223544.69,9719.334347826089,0,0,0,0,0,9,SG,0.0,Low,0,2,0.0039987564,Low Risk,No action required
1706,Johnson-Wiley,Individual,Import/Export,Medium,CN,0,1,0,0,0,0.0,14,130417.91,9315.565,11,5,1,0,1,7,CN,26.5,Critical,1,1,0.99958736,Critical,Compliance team intervention
1707,Miller LLC,Corporate,Financial Services,Medium,LB,0,0,0,0,1,0.5,25,48523.89,1940.9556,1,0,1,1,0,14,LB,10.0,High,1,1,0.9990791,Critical,Compliance team intervention
1708,Burton-Acosta,Individual,Real Estate,Medium,IN,1,0,0,0,0,0.0,28,209711.58,7489.699285714286,0,0,0,0,0,11,IN,3.0,Medium,1,1,0.9964832,Critical,Compliance team intervention
1709,Hall-Hunt,Individual,Energy/Oil,High,AU,0,0,0,0,1,0.0,31,153901.03,4964.549354838709,0,0,1,3,0,13,AU,3.0,Medium,0,2,0.0016665561,Low Risk,No action required
1710,Cohen-Allen,Financial Institution,Defense/Arms,High,LB,1,0,0,0,1,0.0,23,121723.05,5292.30652173913,0,0,0,0,0,10,LB,4.5,Medium,1,2,0.9678014,Critical,Compliance team intervention
1711,James-Wright,NGO,Casino/Gambling,High,RU,0,0,0,1,0,0.0,21,246305.38,11728.827619047615,0,0,0,0,0,10,RU,2.0,Low,0,2,0.008214641,Low Risk,No action required
1712,Flores Inc,Corporate,Crypto Exchange,High,AE,0,0,0,0,0,0.0,21,80556.7,3836.033333333333,0,0,0,0,0,10,AE,0.0,Low,0,2,0.0030957845,Low Risk,No action required
1713,Smith-Fields,Individual,Financial Services,Medium,SY,0,0,0,1,1,0.0,32,66141.14,2066.910625,1,0,0,1,0,13,SY,5.5,High,1,1,0.99857235,Critical,Compliance team intervention
1714,"Wiley, Delgado and Wells",Individual,Real Estate,Medium,CH,0,0,0,0,0,0.0,19,41334.14,2175.481052631579,0,0,0,1,0,13,CH,0.0,Low,0,1,0.0049702637,Low Risk,No action required
1715,Bautista-Johnson,Financial Institution,NGO/Charity,High,CA,0,0,0,0,0,0.0,27,141072.91999999998,5224.922962962963,0,0,0,0,0,11,CA,0.0,Low,0,2,0.0021578942,Low Risk,No action required
1716,Cruz-Powers,Corporate,Import/Export,Medium,VE,0,0,0,1,0,0.0,30,55280.37,1842.679,0,0,0,3,0,11,VE,2.0,Low,0,1,0.004344401,Low Risk,No action required
1717,Brooks Inc,NGO,Casino/Gambling,High,CH,1,0,0,0,0,0.0,20,264689.2,13234.46,0,0,0,1,0,12,CH,3.0,Medium,1,2,0.9835032,Critical,Compliance team intervention
1718,Washington-Lowery,Individual,Real Estate,Medium,SG,0,0,0,0,0,0.0,26,46417.73,1785.2973076923076,0,0,0,1,0,10,SG,0.0,Low,0,1,0.0022843818,Low Risk,No action required
1719,"Lester, Powell and Boyd",NGO,Retail,Low,SG,0,0,0,0,0,0.0,27,54511.98,2018.9622222222224,0,0,0,0,0,12,SG,0.0,Low,0,0,0.0020513292,Low Risk,No action required
1720,Green-Gordon,Corporate,Retail,Low,SD,0,0,0,1,0,0.0,21,46038.38,2192.3038095238094,0,0,0,1,0,7,SD,2.0,Low,0,0,0.006258736,Low Risk,No action required
1721,Parks LLC,Individual,Import/Export,Medium,IN,0,0,0,0,0,0.0,16,36653.08,2290.8175,0,0,0,2,0,10,IN,0.0,Low,0,1,0.0017445334,Low Risk,No action required
1722,Scott Inc,Financial Institution,Tech,Low,AF,0,0,0,0,0,0.0,21,26874.9,1279.757142857143,0,0,0,1,0,11,AF,0.0,Low,0,0,0.00191882,Low Risk,No action required
1723,Griffith Ltd,Financial Institution,Financial Services,Medium,SD,0,0,0,1,1,0.0,26,50020.27,1923.8565384615383,1,1,0,1,0,13,SD,5.5,High,1,1,0.99890995,Critical,Compliance team intervention
1724,Hayes Ltd,Individual,Financial Services,Medium,IN,0,0,0,0,1,0.0,23,43007.77,1869.903043478261,0,0,0,0,0,9,IN,1.5,Low,0,1,0.0017251397,Low Risk,No action required
1725,Bradley Ltd,Corporate,Financial Services,Medium,SD,0,0,0,1,1,0.0,25,43129.03,1725.1612,0,0,0,2,0,12,SD,3.5,Medium,0,1,0.005799427,Low Risk,No action required
1726,"Morris, Mcknight and Reed",Individual,Casino/Gambling,High,AE,0,0,0,0,0,0.0,30,248379.09,8279.303,1,0,0,2,0,13,AE,2.0,Low,1,2,0.9980862,Critical,Compliance team intervention
1727,Johnson Ltd,Individual,Tech,Low,UK,0,0,0,0,0,0.0,30,66254.65,2208.488333333333,0,0,0,0,0,11,UK,0.0,Low,0,0,0.0024540212,Low Risk,No action required
1728,"Reynolds, Fitzgerald and Gray",NGO,Casino/Gambling,High,RU,0,0,0,1,0,1.0,17,41803.91,2459.0535294117644,1,0,0,2,0,10,RU,14.0,Critical,1,2,0.9980147,Critical,Compliance team intervention
1729,Hernandez-Greene,Individual,Import/Export,Medium,CN,0,0,0,0,0,0.0,27,56071.06,2076.705925925926,0,0,0,3,0,13,CN,0.0,Low,0,1,0.002892989,Low Risk,No action required
1730,Donaldson-Clarke,NGO,Energy/Oil,High,US,1,0,0,0,1,0.0,15,43322.97,2888.198,0,0,1,1,0,10,US,6.0,High,1,2,0.9758103,Critical,Compliance team intervention
1731,Kelley-Cox,Corporate,Financial Services,Medium,UK,0,0,0,0,1,0.0,19,34901.31,1836.9110526315787,0,0,0,0,0,10,UK,1.5,Low,0,1,0.0016634125,Low Risk,No action required
1732,Weaver and Sons,Corporate,Real Estate,Medium,IN,0,0,0,0,0,0.5,29,66534.66,2294.2986206896558,1,0,0,1,0,14,IN,7.0,High,1,1,0.9987392,Critical,Compliance team intervention
1733,Jones Ltd,Corporate,Financial Services,Medium,AU,0,0,0,0,1,0.0,33,59493.81,1802.8427272727272,0,0,0,3,0,11,AU,1.5,Low,0,1,0.001780765,Low Risk,No action required
1734,"Bauer, Farmer and Brown",Corporate,Energy/Oil,High,FR,0,0,0,0,1,1.0,24,91880.23,3828.3429166666665,0,0,0,1,0,12,FR,11.5,Critical,1,2,0.99600047,Critical,Compliance team intervention
1735,Chandler Ltd,NGO,Defense/Arms,High,CN,0,0,0,0,1,0.0,27,166196.93,6155.441851851851,1,0,0,1,0,13,CN,3.5,Medium,1,2,0.9979011,Critical,Compliance team intervention
1736,Bullock PLC,Financial Institution,Import/Export,Medium,KP,0,0,1,1,0,0.0,25,42038.01,1681.5204,0,0,0,0,0,11,KP,4.0,Medium,1,1,0.989256,Critical,Compliance team intervention
1737,Hernandez-Cabrera,Individual,Defense/Arms,High,AE,0,0,0,0,1,0.0,26,81027.58,3116.4453846153847,1,0,0,2,0,14,AE,3.5,Medium,1,2,0.9980348,Critical,Compliance team intervention
1738,Moore PLC,Financial Institution,Consulting,Low,AE,0,0,0,0,0,0.0,30,49601.57,1653.3856666666666,0,0,0,3,0,11,AE,0.0,Low,0,0,0.0017119967,Low Risk,No action required
1739,Mcdonald-Baker,Corporate,Casino/Gambling,High,JP,0,0,0,0,0,0.0,35,148786.45,4251.041428571429,0,0,1,2,0,14,JP,1.5,Low,0,2,0.0028532993,Low Risk,No action required
1740,Vang-Ball,Financial Institution,Import/Export,Medium,LB,0,0,0,0,0,0.0,24,48762.73,2031.7804166666667,0,0,0,0,0,9,LB,0.0,Low,0,1,0.0017627237,Low Risk,No action required
1741,"Pacheco, Hendricks and Lyons",NGO,Casino/Gambling,High,KP,0,0,1,1,0,0.0,17,132914.0,7818.470588235294,0,0,1,0,0,9,KP,5.5,High,1,2,0.99250036,Critical,Compliance team intervention
1742,Hogan-Bradley,NGO,Consulting,Low,RU,0,0,0,1,0,0.5,24,44261.96,1844.2483333333328,1,1,0,1,0,11,RU,9.0,High,1,0,0.99841607,Critical,Compliance team intervention
1743,Carrillo-Pope,NGO,Tech,Low,SY,0,0,0,1,0,1.0,18,27612.92,1534.051111111111,1,1,0,0,0,11,SY,14.0,Critical,1,0,0.9982449,Critical,Compliance team intervention
1744,Berry-Weiss,Corporate,Real Estate,Medium,IN,0,0,0,0,0,0.0,28,54681.28,1952.902857142857,1,1,0,1,0,12,IN,2.0,Low,1,1,0.9981799,Critical,Compliance team intervention
1745,Le-Flores,Financial Institution,Crypto Exchange,High,UK,0,0,0,0,0,0.0,21,218309.64,10395.697142857143,2,1,0,1,0,13,UK,4.0,Medium,1,2,0.99855846,Critical,Compliance team intervention
1746,Alexander Ltd,Financial Institution,Real Estate,Medium,IR,1,0,1,1,0,0.0,30,297618.75,9920.625,2,0,0,0,0,13,IR,11.0,Critical,1,1,0.9996835,Critical,Compliance team intervention
1747,"Herrera, Thompson and Wright",Financial Institution,Crypto Exchange,High,AE,0,0,0,0,0,0.0,28,195312.4,6975.442857142857,0,0,0,1,0,12,AE,0.0,Low,0,2,0.0032858506,Low Risk,No action required
1748,Donaldson PLC,Financial Institution,Import/Export,Medium,LB,0,0,0,0,0,0.0,23,56638.27,2462.5334782608697,1,0,0,1,0,14,LB,2.0,Low,1,1,0.998642,Critical,Compliance team intervention
1749,"Morgan, Brown and Smith",Individual,Tech,Low,IR,0,0,1,1,0,0.0,25,58173.29,2326.9316,0,0,0,1,0,12,IR,4.0,Medium,1,0,0.9918956,Critical,Compliance team intervention
1750,Kline-Blankenship,Individual,Import/Export,Medium,FR,0,0,0,0,0,0.0,20,45354.94,2267.7470000000003,1,1,0,1,0,11,FR,2.0,Low,1,1,0.9974885,Critical,Compliance team intervention
1751,"Turner, Medina and Baird",Corporate,Import/Export,Medium,CH,0,0,0,0,0,0.0,24,37950.08,1581.253333333333,0,0,0,1,0,13,CH,0.0,Low,0,1,0.0033902652,Low Risk,No action required
1752,Bryant-Hayes,Financial Institution,Retail,Low,SY,0,0,0,1,0,0.0,21,32767.22,1560.3438095238096,0,0,0,0,0,10,SY,2.0,Low,0,0,0.0040426753,Low Risk,No action required
1753,Scott PLC,Financial Institution,Retail,Low,AE,0,0,0,0,0,0.0,25,42915.850000000006,1716.6340000000002,0,0,0,1,0,11,AE,0.0,Low,0,0,0.0021639348,Low Risk,No action required
1754,"Green, Burns and Ward",Individual,Tech,Low,US,0,1,0,0,0,0.0,28,54211.89,1936.1389285714288,22,6,0,1,0,8,US,47.0,Critical,1,0,0.9971969,Critical,Compliance team intervention
1755,Thompson-Bradley,Financial Institution,NGO/Charity,High,NL,0,0,0,0,0,0.0,33,160502.72,4863.718787878788,0,0,0,3,0,11,NL,0.0,Low,0,2,0.0012973679,Low Risk,No action required
1756,Richardson-Richardson,Corporate,Consulting,Low,IN,0,0,0,0,0,0.5,21,33944.18,1616.3895238095238,0,0,0,0,0,11,IN,5.0,Medium,1,0,0.9929767,Critical,Compliance team intervention
1757,"Wallace, Pearson and Foster",Individual,Import/Export,Medium,SY,0,0,0,1,0,0.0,23,44715.4,1944.147826086957,0,0,0,0,0,11,SY,2.0,Low,0,1,0.004880897,Low Risk,No action required
1758,Wright Ltd,Financial Institution,Crypto Exchange,High,CH,0,0,0,0,0,0.0,28,292914.4,10461.228571428572,2,0,0,2,0,12,CH,4.0,Medium,1,2,0.9975454,Critical,Compliance team intervention
1759,Morton-Clark,Individual,Real Estate,Medium,CH,0,0,0,0,0,0.0,25,42734.98,1709.3992,0,0,0,0,0,12,CH,0.0,Low,0,1,0.0023535946,Low Risk,No action required
1760,Campbell Ltd,Financial Institution,Energy/Oil,High,DE,0,0,0,0,1,0.0,27,110165.47,4080.2025925925927,2,1,1,2,0,12,DE,7.0,High,1,2,0.99719894,Critical,Compliance team intervention
1761,Singleton PLC,Corporate,Casino/Gambling,High,DE,0,0,0,0,0,0.0,23,57520.57,2500.894347826087,1,0,0,1,0,13,DE,2.0,Low,1,2,0.9978175,Critical,Compliance team intervention
1762,Velasquez and Sons,Financial Institution,Financial Services,Medium,SY,0,0,0,1,1,0.0,26,62447.86,2401.840769230769,0,0,0,1,0,13,SY,3.5,Medium,0,1,0.010071624,Low Risk,No action required
1763,"Cardenas, Martinez and Myers",Corporate,Crypto Exchange,High,VE,0,0,0,1,0,0.0,17,79602.62999999999,4682.507647058823,0,0,0,0,0,9,VE,2.0,Low,0,2,0.00801047,Low Risk,No action required
1764,Jones-Gonzales,Individual,Casino/Gambling,High,SY,0,0,0,1,0,0.0,32,110643.39,3457.6059375,0,0,0,1,0,12,SY,2.0,Low,0,2,0.0060741734,Low Risk,No action required
1765,"Mitchell, Johnson and Santos",Individual,Defense/Arms,High,IN,0,0,0,0,1,0.0,23,297483.98,12934.08608695652,0,0,0,0,0,11,IN,1.5,Low,0,2,0.00425815,Low Risk,No action required
1766,"Williams, Morales and Tran",Corporate,Financial Services,Medium,UK,0,0,0,0,1,0.0,28,40376.71,1442.025357142857,0,0,0,2,0,12,UK,1.5,Low,0,1,0.0021066163,Low Risk,No action required
1767,Olson-Lopez,NGO,Tech,Low,UK,0,0,0,0,0,1.0,25,53329.99,2133.1996,1,0,0,2,0,12,UK,12.0,Critical,1,0,0.998628,Critical,Compliance team intervention
1768,"Roberts, Martinez and Quinn",Individual,Casino/Gambling,High,IR,0,0,1,1,0,0.0,19,68276.94,3593.523157894737,0,0,1,1,0,11,IR,5.5,High,1,2,0.99421614,Critical,Compliance team intervention
1769,"Carter, Page and Martin",Corporate,Retail,Low,NL,0,0,0,0,0,1.0,17,28853.97,1697.2923529411764,0,0,0,0,0,11,NL,10.0,High,1,0,0.9930575,Critical,Compliance team intervention
1770,Wilson-Smith,Financial Institution,Defense/Arms,High,LB,0,0,0,0,1,0.0,25,130555.72,5222.2288,1,1,0,4,0,11,LB,3.5,Medium,1,2,0.99772066,Critical,Compliance team intervention
1771,"Foley, Johnson and Lucas",Financial Institution,Defense/Arms,High,AE,0,1,0,0,1,0.0,29,260902.75,8996.646551724138,23,8,1,0,0,7,AE,52.0,Critical,1,2,0.99738675,Critical,Compliance team intervention
1772,Davila LLC,NGO,NGO/Charity,High,CA,0,0,0,0,0,0.5,22,142803.08,6491.04909090909,0,0,0,0,0,11,CA,5.0,Medium,1,2,0.99564505,Critical,Compliance team intervention
1773,Buckley and Sons,Individual,Defense/Arms,High,AU,0,1,0,0,1,0.0,22,313893.44,14267.883636363636,15,5,0,1,0,8,AU,34.5,Critical,1,2,0.9978204,Critical,Compliance team intervention
1774,Brown and Sons,Corporate,Energy/Oil,High,CN,0,0,0,0,1,0.0,23,106353.69,4624.07347826087,1,1,0,2,0,14,CN,3.5,Medium,1,2,0.9984016,Critical,Compliance team intervention
1775,"Tucker, Green and Lutz",NGO,Real Estate,Medium,AF,0,0,0,0,0,0.5,26,45344.94,1744.036153846154,0,0,0,2,0,10,AF,5.0,Medium,1,1,0.99391997,Critical,Compliance team intervention
1776,Wells LLC,NGO,Real Estate,Medium,US,0,0,0,0,0,0.0,22,44209.71,2009.5322727272728,0,0,0,2,0,9,US,0.0,Low,0,1,0.0017357134,Low Risk,No action required
1777,Spence-Walker,Individual,Tech,Low,JP,0,0,0,0,0,0.0,36,74994.72,2083.1866666666665,0,0,0,3,0,13,JP,0.0,Low,0,0,0.0027266224,Low Risk,No action required
1778,"Cochran, Stephens and Reeves",NGO,NGO/Charity,High,SG,0,0,0,0,0,0.0,29,116933.7,4032.196551724138,1,0,0,3,0,10,SG,2.0,Low,1,2,0.9972144,Critical,Compliance team intervention
1779,Hawkins Ltd,Corporate,Real Estate,Medium,LB,0,1,0,0,0,0.0,26,165436.36000000002,6362.936923076923,21,6,1,2,0,8,LB,46.5,Critical,1,1,0.9996094,Critical,Compliance team intervention
1780,Simpson-Molina,Individual,Consulting,Low,VE,1,0,0,1,0,0.0,28,81990.91,2928.246785714286,0,0,0,2,0,12,VE,5.0,Medium,1,0,0.9878825,Critical,Compliance team intervention
1781,Fisher-Jones,Corporate,Real Estate,Medium,DE,0,0,0,0,0,0.0,29,56722.49,1955.9479310344827,1,0,0,1,0,12,DE,2.0,Low,1,1,0.9981799,Critical,Compliance team intervention
1782,Gomez-Huffman,NGO,Energy/Oil,High,IN,0,1,0,0,1,0.0,24,95057.77,3960.740416666667,16,4,0,1,0,8,IN,36.5,Critical,1,2,0.9981223,Critical,Compliance team intervention
1783,Solis-Stone,Individual,Tech,Low,IN,0,0,0,0,0,0.0,24,46408.59,1933.69125,0,0,0,1,0,11,IN,0.0,Low,0,0,0.0019613283,Low Risk,No action required
1784,Blackburn and Sons,Individual,Consulting,Low,IR,0,0,1,1,0,0.0,23,50221.4,2183.5391304347827,0,0,0,1,0,10,IR,4.0,Medium,1,0,0.9914097,Critical,Compliance team intervention
1785,Alexander-Johnson,Corporate,Energy/Oil,High,US,0,1,0,0,1,1.0,30,327757.14,10925.238,27,7,0,2,0,7,US,68.5,Critical,1,2,0.9979824,Critical,Compliance team intervention
1786,Reyes-Jordan,Corporate,Consulting,Low,AU,0,0,0,0,0,0.5,27,53476.65,1980.6166666666668,0,0,0,2,0,12,AU,5.0,Medium,1,0,0.99520594,Critical,Compliance team intervention
1787,"Mann, Jones and Gonzalez",Financial Institution,Crypto Exchange,High,SD,0,1,0,1,0,0.0,29,239662.05,8264.208620689655,22,8,0,1,0,8,SD,49.0,Critical,1,2,0.9979382,Critical,Compliance team intervention
1788,Merritt LLC,Financial Institution,Import/Export,Medium,VE,0,1,0,1,0,0.0,28,117698.39,4203.513928571429,23,7,1,3,1,8,VE,52.5,Critical,1,1,0.99900997,Critical,Compliance team intervention
1789,Neal-Wood,NGO,Energy/Oil,High,VE,0,0,0,1,1,0.0,33,113077.93,3426.603939393939,2,1,0,2,0,15,VE,7.5,High,1,2,0.99805546,Critical,Compliance team intervention
1790,Flores PLC,Individual,Energy/Oil,High,SY,0,0,0,1,1,0.0,27,155839.79,5771.844074074074,0,0,0,1,0,12,SY,3.5,Medium,0,2,0.0067856982,Low Risk,No action required
1791,Cowan LLC,NGO,Import/Export,Medium,SY,0,0,0,1,0,0.0,10,14122.27,1412.227,1,1,0,1,0,7,SY,4.0,Medium,1,1,0.9976871,Critical,Compliance team intervention
1792,Bates Inc,Corporate,Real Estate,Medium,CA,0,0,0,0,0,0.0,31,51838.32,1672.203870967742,0,0,0,2,0,11,CA,0.0,Low,0,1,0.001780765,Low Risk,No action required
1793,"Martinez, Smith and Adams",Corporate,Defense/Arms,High,CH,0,0,0,0,1,0.5,27,89815.4,3326.496296296296,2,1,0,1,0,13,CH,10.5,Critical,1,2,0.99849224,Critical,Compliance team intervention
1794,Owens and Sons,Individual,Tech,Low,AE,0,0,0,0,0,0.0,14,35392.72,2528.0514285714285,2,1,0,0,0,10,AE,4.0,Medium,1,0,0.99775034,Critical,Compliance team intervention
1795,"Rodriguez, Perez and Buck",Corporate,Consulting,Low,SY,0,0,0,1,0,0.0,20,40117.060000000005,2005.8530000000003,0,0,0,0,0,11,SY,2.0,Low,0,0,0.004746017,Low Risk,No action required
1796,"Wright, Carroll and Solomon",Financial Institution,Casino/Gambling,High,LB,0,0,0,0,0,0.0,20,162929.18,8146.459,0,0,0,0,0,11,LB,0.0,Low,0,2,0.0045996523,Low Risk,No action required
1797,"Benjamin, Brown and Peck",Individual,Crypto Exchange,High,IR,0,0,1,1,0,0.0,26,108291.37,4165.052692307692,0,0,0,4,0,13,IR,4.0,Medium,1,2,0.99334794,Critical,Compliance team intervention
1798,Strong PLC,Individual,Energy/Oil,High,US,0,0,0,0,1,0.0,30,230087.86,7669.595333333334,0,0,0,4,0,12,US,1.5,Low,0,2,0.0031353277,Low Risk,No action required
1799,"Daugherty, Gamble and Mcconnell",NGO,Import/Export,Medium,FR,0,0,0,0,0,0.0,23,24921.78,1083.555652173913,0,0,0,0,0,11,FR,0.0,Low,0,1,0.0019093833,Low Risk,No action required
1800,"Reeves, Norman and Fuentes",Financial Institution,Crypto Exchange,High,IR,0,0,1,1,0,0.0,17,241631.66,14213.627058823527,0,0,0,0,0,11,IR,4.0,Medium,1,2,0.9930842,Critical,Compliance team intervention
1801,Beck-Jones,Financial Institution,Retail,Low,IN,0,0,0,0,0,0.0,29,46977.41,1619.9106896551723,3,0,0,0,0,15,IN,6.0,High,1,0,0.99810153,Critical,Compliance team intervention
1802,Garcia-Curry,Financial Institution,Consulting,Low,LB,0,0,0,0,0,0.0,26,40740.32,1566.9353846153847,2,0,0,3,0,11,LB,4.0,Medium,1,0,0.9974076,Critical,Compliance team intervention
1803,"Black, Salazar and Cantrell",Financial Institution,Consulting,Low,FR,0,0,0,0,0,0.0,26,59556.29,2290.6265384615385,0,0,0,1,0,13,FR,0.0,Low,0,0,0.003269683,Low Risk,No action required
1804,"Walsh, Rogers and Jimenez",NGO,NGO/Charity,High,US,0,0,0,0,0,0.0,31,204052.99,6582.354516129033,1,0,0,0,0,13,US,2.0,Low,1,2,0.99801755,Critical,Compliance team intervention
1805,"Nunez, Roy and White",Individual,Defense/Arms,High,UK,0,0,0,0,1,0.0,33,444026.85,13455.35909090909,0,0,0,2,0,11,UK,1.5,Low,0,2,0.0030325456,Low Risk,No action required
1806,"Lewis, Robinson and Parker",Financial Institution,Tech,Low,DE,0,0,0,0,0,0.0,21,40336.29,1920.7757142857145,0,0,0,0,0,12,DE,0.0,Low,0,0,0.0020242976,Low Risk,No action required
1807,Garza-Webster,Financial Institution,Tech,Low,VE,0,0,0,1,0,0.0,11,43772.92,3979.3563636363633,0,0,0,0,0,6,VE,2.0,Low,0,0,0.011181974,Low Risk,No action required
1808,Turner-Carr,Financial Institution,Energy/Oil,High,JP,0,0,0,0,1,0.0,24,236996.74,9874.864166666666,0,0,0,0,0,10,JP,1.5,Low,0,2,0.003971734,Low Risk,No action required
1809,"Hanson, Johnson and Simpson",Corporate,Financial Services,Medium,CH,0,0,0,0,1,0.5,27,52820.83,1956.3270370370367,0,0,0,0,0,13,CH,6.5,High,1,1,0.9968719,Critical,Compliance team intervention
1810,Moran-Jennings,Financial Institution,Retail,Low,CH,0,0,0,0,0,0.0,27,61656.3,2283.5666666666666,1,1,1,0,0,14,CH,3.5,Medium,1,0,0.9978618,Critical,Compliance team intervention
1811,"Taylor, Davis and Stokes",Corporate,Retail,Low,CA,0,0,0,0,0,0.0,28,35849.73,1280.3475,0,0,0,1,0,13,CA,0.0,Low,0,0,0.0032220525,Low Risk,No action required
1812,Taylor-Schneider,Corporate,Tech,Low,CH,0,0,0,0,0,0.5,26,49250.15,1894.2365384615384,2,0,0,3,0,15,CH,9.0,High,1,0,0.9989869,Critical,Compliance team intervention
1813,Davis Group,Corporate,Tech,Low,DE,0,0,0,0,0,1.0,24,62405.62,2600.2341666666666,1,0,0,0,0,13,DE,12.0,Critical,1,0,0.99895513,Critical,Compliance team intervention
1814,Thomas Ltd,NGO,Crypto Exchange,High,NL,0,0,0,0,0,0.5,28,202780.36,7242.155714285714,0,0,0,4,0,13,NL,5.0,Medium,1,2,0.9957897,Critical,Compliance team intervention
1815,Montgomery-Garcia,NGO,Defense/Arms,High,AF,1,0,0,0,1,0.0,22,334312.77,15196.035000000002,0,0,1,0,0,12,AF,6.0,High,1,2,0.9825445,Critical,Compliance team intervention
1816,Dickson-Clark,Individual,Import/Export,Medium,JP,0,0,0,0,0,0.0,32,78748.64,2460.895,1,0,0,2,0,12,JP,2.0,Low,1,1,0.997695,Critical,Compliance team intervention
1817,Anderson Inc,Financial Institution,Retail,Low,SG,0,0,0,0,0,0.0,24,61898.26,2579.0941666666668,0,0,0,1,0,12,SG,0.0,Low,0,0,0.0028841512,Low Risk,No action required
1818,Carpenter-Collins,Corporate,Retail,Low,SD,0,0,0,1,0,0.0,23,32615.9,1418.0826086956522,0,0,0,0,0,11,SD,2.0,Low,0,0,0.0046929726,Low Risk,No action required
1819,Hamilton-Griffin,Corporate,Energy/Oil,High,RU,1,0,0,1,1,1.0,32,181493.57,5671.6740625,0,0,0,3,0,13,RU,16.5,Critical,1,2,0.99727446,Critical,Compliance team intervention
1820,Sanders-Lopez,NGO,Tech,Low,SG,0,0,0,0,0,0.5,18,40622.7,2256.8166666666666,1,1,1,2,0,10,SG,8.5,High,1,0,0.9980969,Critical,Compliance team intervention
1821,"Hanson, Moon and Johnson",Individual,Import/Export,Medium,AU,0,0,0,0,0,0.0,17,30401.82,1788.3423529411764,0,0,0,0,0,11,AU,0.0,Low,0,1,0.0018410762,Low Risk,No action required
1822,"Parker, Booth and Taylor",Financial Institution,Import/Export,Medium,RU,0,0,0,1,0,0.0,20,42031.12,2101.556,1,0,0,0,0,13,RU,4.0,Medium,1,1,0.99855787,Critical,Compliance team intervention
1823,"Brown, Taylor and Powell",Financial Institution,Defense/Arms,High,AF,1,0,0,0,1,0.0,26,214089.81,8234.223461538462,1,0,0,1,0,13,AF,6.5,High,1,2,0.9983569,Critical,Compliance team intervention
1824,"Wallace, Perez and Morris",Individual,NGO/Charity,High,CH,0,0,0,0,0,0.0,21,103156.23,4912.2014285714295,0,0,0,2,0,11,CH,0.0,Low,0,2,0.0018486829,Low Risk,No action required
1825,"Russell, Torres and Carlson",Financial Institution,NGO/Charity,High,LB,0,0,0,0,0,0.0,23,189140.27,8223.490000000002,1,0,0,1,0,11,LB,2.0,Low,1,2,0.99810493,Critical,Compliance team intervention
1826,Arroyo-Bailey,Financial Institution,Financial Services,Medium,RU,0,0,0,1,1,0.0,24,60503.69,2520.987083333333,0,0,0,2,0,13,RU,3.5,Medium,0,1,0.008451619,Low Risk,No action required
1827,"Anderson, Smith and Williams",NGO,Retail,Low,CA,0,0,0,0,0,0.5,24,59727.98,2488.665833333333,0,0,0,1,0,10,CA,5.0,Medium,1,0,0.9953082,Critical,Compliance team intervention
1828,"Stone, Sanders and Davis",Corporate,Defense/Arms,High,CN,0,0,0,0,1,0.0,22,191547.99,8706.726818181818,1,1,0,2,0,13,CN,3.5,Medium,1,2,0.9985019,Critical,Compliance team intervention
1829,Estrada Ltd,Corporate,Defense/Arms,High,SY,1,0,0,1,1,0.0,25,152690.13,6107.6052,0,0,0,1,0,12,SY,6.5,High,1,2,0.98577243,Critical,Compliance team intervention
1830,Mata-Farley,Financial Institution,Casino/Gambling,High,AF,0,0,0,0,0,0.0,30,116004.67,3866.822333333333,0,0,0,1,0,12,AF,0.0,Low,0,2,0.0024136053,Low Risk,No action required
1831,Gonzalez Ltd,NGO,Real Estate,Medium,RU,0,0,0,1,0,0.0,24,42396.23,1766.5095833333332,0,0,0,0,0,11,RU,2.0,Low,0,1,0.0047552697,Low Risk,No action required
1832,Gomez and Sons,Corporate,Crypto Exchange,High,US,0,0,0,0,0,0.5,16,35435.37,2214.710625,0,0,0,0,0,10,US,5.0,Medium,1,2,0.99282235,Critical,Compliance team intervention
1833,"Thomas, Gamble and Stephenson",Financial Institution,Casino/Gambling,High,CN,0,0,0,0,0,0.0,28,68090.38,2431.799285714286,0,0,0,2,0,11,CN,0.0,Low,0,2,0.0009957772,Low Risk,No action required
1834,"Tate, Powers and Walker",Financial Institution,Energy/Oil,High,FR,0,0,0,0,1,0.0,12,18640.05,1553.3375,1,1,0,0,0,7,FR,3.5,Medium,1,2,0.9976089,Critical,Compliance team intervention
1835,Walsh LLC,Corporate,Consulting,Low,FR,0,0,0,0,0,0.5,27,39350.5,1457.425925925926,0,0,0,2,0,13,FR,5.0,Medium,1,0,0.9956858,Critical,Compliance team intervention
1836,Wells Group,Corporate,Retail,Low,CA,0,0,0,0,0,0.0,23,54237.09,2358.134347826087,0,0,0,0,0,11,CA,0.0,Low,0,0,0.002354534,Low Risk,No action required
1837,"Mccullough, Young and Davidson",Individual,Real Estate,Medium,RU,0,0,0,1,0,0.0,24,58457.94,2435.7475,0,0,0,0,0,11,RU,2.0,Low,0,1,0.0065158103,Low Risk,No action required
1838,Davis Group,NGO,Casino/Gambling,High,DE,0,0,0,0,0,0.0,25,246193.41,9847.7364,0,0,0,1,0,13,DE,0.0,Low,0,2,0.006130749,Low Risk,No action required
1839,Griffin-Garcia,Corporate,Casino/Gambling,High,US,0,0,0,0,0,0.0,23,75585.13,3286.3100000000004,0,0,1,0,0,13,US,1.5,Low,0,2,0.004277321,Low Risk,No action required
1840,Dyer Ltd,Individual,Financial Services,Medium,IR,0,0,1,1,1,0.0,21,46439.33,2211.3966666666665,0,0,0,1,0,11,IR,5.5,High,1,1,0.99216616,Critical,Compliance team intervention
1841,"Molina, Walker and Simpson",Financial Institution,Crypto Exchange,High,US,0,0,0,0,0,0.0,22,207416.29,9428.013181818182,1,0,0,3,0,8,US,2.0,Low,1,2,0.99790263,Critical,Compliance team intervention
1842,"Bennett, Payne and Mckee",Individual,Casino/Gambling,High,NL,0,0,0,0,0,0.0,16,67004.28,4187.7675,0,0,0,2,0,9,NL,0.0,Low,0,2,0.002939236,Low Risk,No action required
1843,Marshall-Frazier,Financial Institution,Real Estate,Medium,US,0,0,0,0,0,0.0,29,70728.95,2438.929310344828,1,0,0,1,0,14,US,2.0,Low,1,1,0.9983728,Critical,Compliance team intervention
1844,"Clark, Lyons and Beard",NGO,Crypto Exchange,High,RU,0,0,0,1,0,0.0,28,128021.57,4572.198928571428,1,0,0,1,0,13,RU,4.0,Medium,1,2,0.9985234,Critical,Compliance team intervention
1845,"Harrison, Richardson and Miller",Corporate,Defense/Arms,High,DE,0,0,0,0,1,0.0,28,253802.27,9064.366785714285,0,0,0,1,0,11,DE,1.5,Low,0,2,0.0031811194,Low Risk,No action required
1846,Terry PLC,Individual,Financial Services,Medium,UK,1,0,0,0,1,0.0,26,180939.8,6959.223076923076,1,0,2,1,0,11,UK,9.5,High,1,1,0.99963176,Critical,Compliance team intervention
1847,"Steele, Sanchez and Curtis",Corporate,Import/Export,Medium,FR,0,0,0,0,0,0.0,28,53026.740000000005,1893.812142857143,0,0,0,0,0,12,FR,0.0,Low,0,1,0.0021697145,Low Risk,No action required
1848,Lowery-Reyes,Corporate,Tech,Low,AU,0,0,0,0,0,0.0,21,32012.3,1524.395238095238,0,0,0,0,0,10,AU,0.0,Low,0,0,0.0015806645,Low Risk,No action required
1849,Jones-Bailey,Corporate,Retail,Low,KP,0,1,1,1,0,0.0,37,176046.02,4758.00054054054,29,5,0,2,0,8,KP,65.0,Critical,1,0,0.99920005,Critical,Compliance team intervention
1850,Chambers-Bryant,Individual,Casino/Gambling,High,CN,0,0,0,0,0,0.0,28,104213.58,3721.913571428572,0,0,0,1,0,11,CN,0.0,Low,0,2,0.0027006408,Low Risk,No action required
1851,Anderson Ltd,NGO,NGO/Charity,High,CN,0,0,0,0,0,1.0,25,241411.17,9656.4468,0,0,0,0,0,12,CN,10.0,High,1,2,0.995921,Critical,Compliance team intervention
1852,Bryant-Williams,Individual,Real Estate,Medium,JP,0,0,0,0,0,0.0,15,32692.75,2179.516666666667,0,0,0,1,0,10,JP,0.0,Low,0,1,0.0033119267,Low Risk,No action required
1853,Nash Group,Financial Institution,Real Estate,Medium,VE,0,0,0,1,0,0.0,29,49678.41,1713.048620689655,2,2,0,2,0,14,VE,6.0,High,1,1,0.99842703,Critical,Compliance team intervention
1854,Peterson-Perez,Financial Institution,Tech,Low,AF,0,0,0,0,0,0.0,23,41857.44,1819.888695652174,1,0,0,3,0,11,AF,2.0,Low,1,0,0.9968706,Critical,Compliance team intervention
1855,Foster-Gonzalez,Individual,Financial Services,Medium,AE,0,0,0,0,1,0.0,25,42109.95,1684.398,2,0,0,3,0,15,AE,5.5,High,1,1,0.99826705,Critical,Compliance team intervention
1856,Thomas LLC,Individual,Financial Services,Medium,CH,0,0,0,0,1,0.0,16,21769.37,1360.585625,0,0,0,2,0,10,CH,1.5,Low,0,1,0.0016150146,Low Risk,No action required
1857,Tran LLC,Individual,Import/Export,Medium,UK,0,0,0,0,0,0.0,29,56922.61,1962.8486206896555,0,0,0,1,0,12,UK,0.0,Low,0,1,0.0030644846,Low Risk,No action required
1858,Murphy PLC,NGO,Crypto Exchange,High,CN,0,0,0,0,0,0.5,35,206129.89,5889.425428571428,0,0,1,1,0,10,CN,6.5,High,1,2,0.9936952,Critical,Compliance team intervention
1859,"Smith, Jones and Hart",Financial Institution,Energy/Oil,High,SG,0,0,0,0,1,0.0,24,236223.7,9842.654166666664,0,0,0,3,0,13,SG,1.5,Low,0,2,0.005851042,Low Risk,No action required
1860,"Smith, Estrada and Knight",NGO,Tech,Low,AF,0,0,0,0,0,0.0,25,47772.04,1910.8816,0,0,0,1,0,11,AF,0.0,Low,0,0,0.0021639348,Low Risk,No action required
1861,Mitchell Ltd,Financial Institution,Import/Export,Medium,JP,0,0,0,0,0,0.0,23,67814.69,2948.464782608696,2,0,0,0,0,13,JP,4.0,Medium,1,1,0.9989641,Critical,Compliance team intervention
1862,Drake-Bennett,Corporate,Defense/Arms,High,FR,0,0,0,0,1,0.5,24,288358.73,12014.947083333333,1,1,1,1,0,12,FR,10.0,High,1,2,0.99868447,Critical,Compliance team intervention
1863,"Hendricks, Myers and Johnson",Financial Institution,Import/Export,Medium,RU,0,0,0,1,0,0.0,24,51626.29,2151.0954166666666,1,0,0,1,0,12,RU,4.0,Medium,1,1,0.9987583,Critical,Compliance team intervention
1864,Shaffer-Spencer,NGO,Retail,Low,SY,0,0,0,1,0,0.0,25,46004.99,1840.1996,2,1,0,0,0,12,SY,6.0,High,1,0,0.99818075,Critical,Compliance team intervention
1865,Peters-Barnes,Financial Institution,Retail,Low,CH,0,0,0,0,0,0.0,22,49313.17,2241.507727272727,1,1,1,1,0,11,CH,3.5,Medium,1,0,0.99765956,Critical,Compliance team intervention
1866,"Moore, Garrett and Thomas",NGO,Financial Services,Medium,FR,0,0,0,0,1,1.0,18,22722.9,1262.3833333333334,1,0,0,2,0,10,FR,13.5,Critical,1,1,0.9978186,Critical,Compliance team intervention
1867,Murray-Stephenson,Individual,Financial Services,Medium,SG,0,0,0,0,1,0.0,33,66452.8,2013.721212121212,1,0,0,0,0,13,SG,3.5,Medium,1,1,0.9980856,Critical,Compliance team intervention
1868,"Gonzales, Booth and Powell",Individual,Real Estate,Medium,AF,0,0,0,0,0,0.0,24,41779.67,1740.8195833333332,0,0,0,0,0,11,AF,0.0,Low,0,1,0.0018600959,Low Risk,No action required
1869,Lee-Harris,Individual,Tech,Low,SD,1,0,0,1,0,0.0,33,230478.51,6984.197272727273,0,0,1,0,0,12,SD,6.5,High,1,0,0.9970118,Critical,Compliance team intervention
1870,Green LLC,Individual,Tech,Low,KP,0,0,1,1,0,0.0,32,54500.14,1703.129375,0,0,0,0,0,12,KP,4.0,Medium,1,0,0.98919654,Critical,Compliance team intervention
1871,"Bruce, Johns and Rodriguez",Financial Institution,NGO/Charity,High,US,0,0,0,0,0,0.0,26,172696.93,6642.189615384616,2,1,0,0,0,14,US,4.0,Medium,1,2,0.99836224,Critical,Compliance team intervention
1872,"Nolan, Jordan and Walsh",Financial Institution,Casino/Gambling,High,NL,0,0,0,0,0,0.0,24,64940.83,2705.8679166666666,0,0,0,2,0,11,NL,0.0,Low,0,2,0.0014013428,Low Risk,No action required
1873,"Alexander, Reynolds and Adkins",NGO,NGO/Charity,High,SY,0,0,0,1,0,0.0,28,87452.58,3123.306428571429,0,0,0,0,0,12,SY,2.0,Low,0,2,0.005221379,Low Risk,No action required
1874,Daniels Inc,Individual,Energy/Oil,High,FR,0,0,0,0,1,0.0,28,104325.65,3725.916071428572,0,0,0,1,0,12,FR,1.5,Low,0,2,0.0024836338,Low Risk,No action required
1875,"Choi, Welch and Mitchell",Corporate,Financial Services,Medium,IR,1,0,1,1,1,0.0,28,81974.18000000001,2927.649285714286,0,0,0,0,0,11,IR,8.5,High,1,1,0.9962329,Critical,Compliance team intervention
1876,"Young, Alvarez and Zimmerman",Individual,Retail,Low,SD,0,0,0,1,0,0.0,24,44205.94,1841.9141666666667,1,1,0,0,0,12,SD,4.0,Medium,1,0,0.9979929,Critical,Compliance team intervention
1877,Smith-Wright,Individual,Crypto Exchange,High,VE,1,0,0,1,0,0.0,28,159379.03,5692.108214285714,0,0,0,4,0,12,VE,5.0,Medium,1,2,0.9809997,Critical,Compliance team intervention
1878,Mckenzie-Humphrey,Corporate,Import/Export,Medium,JP,0,0,0,0,0,0.5,33,75877.01,2299.3033333333333,0,0,0,1,0,11,JP,5.0,Medium,1,1,0.9941094,Critical,Compliance team intervention
1879,Dixon-Butler,Corporate,Energy/Oil,High,AU,0,1,0,0,1,0.0,28,177733.95,6347.641071428572,24,9,0,3,0,8,AU,52.5,Critical,1,2,0.99726164,Critical,Compliance team intervention
1880,Thompson-Jimenez,Individual,Consulting,Low,SG,0,0,0,0,0,0.0,24,47341.88,1972.5783333333327,0,0,1,1,0,10,SG,1.5,Low,0,0,0.0024389778,Low Risk,No action required
1881,Rogers-Carson,Individual,Tech,Low,SD,0,0,0,1,0,0.0,16,44300.83,2768.801875,0,0,0,0,0,10,SD,2.0,Low,0,0,0.0060121017,Low Risk,No action required
1882,Ibarra-Christian,Individual,Crypto Exchange,High,DE,0,0,0,0,0,0.0,23,253372.99,11016.21695652174,0,0,0,2,0,11,DE,0.0,Low,0,2,0.0044247448,Low Risk,No action required
1883,"Coffey, Bailey and Jones",Corporate,Financial Services,Medium,VE,0,0,0,1,1,0.0,22,34764.97,1580.2259090909092,0,0,0,0,0,13,VE,3.5,Medium,0,1,0.007843749,Low Risk,No action required
1884,"Cruz, Johnson and Mason",Corporate,Consulting,Low,IN,0,0,0,0,0,0.0,21,42253.21,2012.057619047619,0,0,0,3,0,9,IN,0.0,Low,0,0,0.0016096744,Low Risk,No action required
1885,Reynolds PLC,Financial Institution,Consulting,Low,US,0,0,0,0,0,0.0,20,34681.91,1734.0955,0,0,0,1,0,9,US,0.0,Low,0,0,0.0017539598,Low Risk,No action required
1886,Richard PLC,NGO,Tech,Low,VE,0,0,0,1,0,0.5,14,21960.66,1568.6185714285714,0,0,0,4,0,8,VE,7.0,High,1,0,0.9946457,Critical,Compliance team intervention
1887,Rogers-Martin,Corporate,Real Estate,Medium,UK,0,0,0,0,0,0.0,36,85156.9,2365.4694444444444,1,0,0,1,0,12,UK,2.0,Low,1,1,0.9979747,Critical,Compliance team intervention
1888,Ramos and Sons,Individual,Tech,Low,CH,0,0,0,0,0,0.0,17,21653.45,1273.7323529411765,0,0,0,0,0,9,CH,0.0,Low,0,0,0.0015991689,Low Risk,No action required
1889,"Williams, Lara and Rodriguez",Individual,Real Estate,Medium,UK,0,0,0,0,0,0.0,25,46420.08,1856.8032,0,0,1,0,0,13,UK,1.5,Low,0,1,0.0034855485,Low Risk,No action required
1890,Jones-Martin,Financial Institution,NGO/Charity,High,CH,0,0,0,0,0,0.0,27,186604.84,6911.2903703703705,0,0,1,3,0,13,CH,1.5,Low,0,2,0.004469982,Low Risk,No action required
1891,Ho-Ramirez,Individual,Import/Export,Medium,CN,0,0,0,0,0,0.0,23,58373.84,2537.993043478261,0,0,0,1,0,11,CN,0.0,Low,0,1,0.003124687,Low Risk,No action required
1892,"Lambert, Jackson and Wright",Corporate,Financial Services,Medium,SD,0,0,0,1,1,0.0,31,66673.71,2150.7648387096774,0,0,0,2,0,12,SD,3.5,Medium,0,1,0.0070922966,Low Risk,No action required
1893,Ford-Clay,Financial Institution,NGO/Charity,High,LB,0,0,0,0,0,0.0,28,360253.54,12866.197857142855,2,1,0,0,0,13,LB,4.0,Medium,1,2,0.9981756,Critical,Compliance team intervention
1894,"Haynes, Holland and Ayala",Corporate,Retail,Low,SY,0,0,0,1,0,0.0,28,63053.44,2251.908571428572,0,0,0,1,0,11,SY,2.0,Low,0,0,0.005125516,Low Risk,No action required
1895,Robinson-Foster,Financial Institution,Consulting,Low,AU,0,0,0,0,0,0.0,30,63764.71,2125.490333333333,0,0,0,3,0,12,AU,0.0,Low,0,0,0.0022946629,Low Risk,No action required
1896,"Stephens, Hoffman and Patterson",NGO,Energy/Oil,High,FR,0,0,0,0,1,0.0,23,94511.72,4109.205217391304,0,0,0,0,0,11,FR,1.5,Low,0,2,0.003340834,Low Risk,No action required
1897,Cain LLC,NGO,NGO/Charity,High,US,0,0,0,0,0,0.0,23,144510.43,6283.062173913043,1,0,0,0,0,12,US,2.0,Low,1,2,0.99812454,Critical,Compliance team intervention
1898,Villanueva-Lucero,Corporate,Defense/Arms,High,AF,0,0,0,0,1,0.0,27,254962.38,9443.051111111112,1,0,0,1,0,13,AF,3.5,Medium,1,2,0.9981041,Critical,Compliance team intervention
1899,West Ltd,Corporate,Financial Services,Medium,AF,1,0,0,0,1,0.0,16,51320.03,3207.501875,1,0,0,0,0,11,AF,6.5,High,1,1,0.99888664,Critical,Compliance team intervention
1900,Henderson PLC,Financial Institution,Import/Export,Medium,NL,0,0,0,0,0,0.0,22,35653.98,1620.6354545454544,2,2,0,1,0,13,NL,4.0,Medium,1,1,0.9984327,Critical,Compliance team intervention
1901,Williams-Rodriguez,NGO,Consulting,Low,SG,0,0,0,0,0,1.0,31,59419.53,1916.7590322580645,0,0,0,1,0,11,SG,10.0,High,1,0,0.9936434,Critical,Compliance team intervention
1902,Franklin Inc,Financial Institution,Defense/Arms,High,SY,0,0,0,1,1,0.0,21,47194.08,2247.337142857143,0,0,0,1,0,11,SY,3.5,Medium,0,2,0.004749936,Low Risk,No action required
1903,Nunez Ltd,Corporate,Defense/Arms,High,CH,0,0,0,0,1,0.5,32,205049.25,6407.7890625,0,0,0,0,0,12,CH,6.5,High,1,2,0.9938571,Critical,Compliance team intervention
1904,Tran-Fletcher,Individual,Retail,Low,CH,0,0,0,0,0,0.0,20,44297.47,2214.8735,1,0,0,1,0,10,CH,2.0,Low,1,0,0.99769294,Critical,Compliance team intervention
1905,Martinez-Cooper,NGO,Tech,Low,NL,0,0,0,0,0,0.0,26,47995.39,1845.9765384615384,0,0,0,0,0,11,NL,0.0,Low,0,0,0.002216262,Low Risk,No action required
1906,Thompson Group,Corporate,Real Estate,Medium,CH,0,0,0,0,0,0.0,23,56354.28,2450.1860869565216,0,0,0,2,0,11,CH,0.0,Low,0,1,0.0024508704,Low Risk,No action required
1907,"Cannon, Le and Chambers",NGO,Real Estate,Medium,CN,0,0,0,0,0,1.0,26,53337.66,2051.4484615384617,0,0,0,0,0,13,CN,10.0,High,1,1,0.9966378,Critical,Compliance team intervention
1908,Yates PLC,Financial Institution,Real Estate,Medium,KP,0,0,1,1,0,0.0,33,59285.59,1796.5330303030305,1,0,0,1,0,13,KP,6.0,High,1,1,0.9986082,Critical,Compliance team intervention
1909,"Wells, Myers and Young",Individual,Defense/Arms,High,CA,0,0,0,0,1,0.0,32,256076.49,8002.390312500001,0,0,1,1,0,13,CA,3.0,Medium,0,2,0.0042654467,Low Risk,No action required
1910,Mcclain Group,NGO,Import/Export,Medium,CH,0,0,0,0,0,0.0,29,55209.72,1903.7834482758624,2,0,0,1,0,13,CH,4.0,Medium,1,1,0.9983359,Critical,Compliance team intervention
1911,Flowers-Davis,Individual,Real Estate,Medium,AF,0,0,0,0,0,0.0,26,66642.92,2563.1892307692306,0,0,0,4,0,10,AF,0.0,Low,0,1,0.0025624414,Low Risk,No action required
1912,Hart Group,Corporate,NGO/Charity,High,SG,0,0,0,0,0,0.0,20,112068.03,5603.4015,0,0,0,0,0,10,SG,0.0,Low,0,2,0.002672982,Low Risk,No action required
1913,"Harrison, Hall and Evans",NGO,NGO/Charity,High,RU,0,0,0,1,0,0.0,24,98130.08,4088.7533333333336,0,0,0,1,0,12,RU,2.0,Low,0,2,0.009064288,Low Risk,No action required
1914,Farmer-Wolf,Financial Institution,Financial Services,Medium,JP,0,0,0,0,1,0.0,28,67016.28,2393.438571428572,1,1,0,4,0,13,JP,3.5,Medium,1,1,0.9981281,Critical,Compliance team intervention
1915,Kramer Inc,NGO,NGO/Charity,High,KP,0,0,1,1,0,0.5,28,184543.7,6590.846428571429,0,0,1,0,0,12,KP,10.5,Critical,1,2,0.9961738,Critical,Compliance team intervention
1916,Barker and Sons,Corporate,Casino/Gambling,High,AU,0,0,0,0,0,1.0,24,72384.41,3016.0170833333336,0,0,0,1,0,12,AU,10.0,High,1,2,0.9957444,Critical,Compliance team intervention
1917,"Conner, Watson and Francis",Individual,Casino/Gambling,High,VE,0,0,0,1,0,0.0,29,127256.63,4388.159655172414,0,0,0,0,0,12,VE,2.0,Low,0,2,0.0057014995,Low Risk,No action required
1918,"Mayo, Lyons and Henry",Individual,Casino/Gambling,High,AF,0,0,0,0,0,0.0,20,89793.52,4489.676,0,0,0,0,0,10,AF,0.0,Low,0,2,0.003140841,Low Risk,No action required
1919,English LLC,Financial Institution,Consulting,Low,DE,0,0,0,0,0,0.0,16,39298.62,2456.16375,0,0,0,2,0,10,DE,0.0,Low,0,0,0.0020933452,Low Risk,No action required
1920,"Gamble, Hansen and Espinoza",Financial Institution,Financial Services,Medium,AF,0,0,0,0,1,0.0,28,72844.63,2601.593928571429,0,0,0,2,0,12,AF,1.5,Low,0,1,0.0024037198,Low Risk,No action required
1921,"Williams, Alvarado and Peterson",Corporate,Import/Export,Medium,KP,0,0,1,1,0,0.5,22,35456.88,1611.6763636363637,1,0,0,2,0,12,KP,11.0,Critical,1,1,0.99848735,Critical,Compliance team intervention
1922,Holloway-Logan,Financial Institution,NGO/Charity,High,AE,0,0,0,0,0,0.0,24,113591.53,4732.980416666666,0,0,0,0,0,12,AE,0.0,Low,0,2,0.0026502083,Low Risk,No action required
1923,"Bates, Rodriguez and Navarro",Corporate,Tech,Low,AF,0,0,0,0,0,0.0,26,45794.45,1761.3249999999998,1,1,0,0,0,13,AF,2.0,Low,1,0,0.9984421,Critical,Compliance team intervention
1924,"Price, Reynolds and Cole",NGO,Import/Export,Medium,FR,0,0,0,0,0,0.0,26,46489.3,1788.0500000000002,0,0,0,0,0,12,FR,0.0,Low,0,1,0.002643612,Low Risk,No action required
1925,Bernard-Brandt,Financial Institution,Financial Services,Medium,AF,1,0,0,0,1,0.0,26,201146.71,7736.411923076923,0,0,0,2,0,11,AF,4.5,Medium,1,1,0.9966092,Critical,Compliance team intervention
1926,"Cooper, Brown and Garcia",Financial Institution,Crypto Exchange,High,AU,0,0,0,0,0,0.0,21,199805.93,9514.568095238095,0,0,0,1,0,11,AU,0.0,Low,0,2,0.0044247448,Low Risk,No action required
1927,Ibarra-Brennan,Corporate,NGO/Charity,High,FR,0,0,0,0,0,0.0,25,109352.76,4374.1104,1,0,0,0,0,14,FR,2.0,Low,1,2,0.99852437,Critical,Compliance team intervention
1928,Meadows LLC,Individual,Crypto Exchange,High,SD,0,0,0,1,0,0.0,19,166587.8,8767.77894736842,1,0,0,0,0,11,SD,4.0,Medium,1,2,0.99852294,Critical,Compliance team intervention
1929,"Cruz, Duffy and Carr",Individual,Financial Services,Medium,JP,0,0,0,0,1,0.0,29,66302.71,2286.3003448275863,1,0,0,0,0,13,JP,3.5,Medium,1,1,0.99785054,Critical,Compliance team intervention
1930,Steele Inc,Corporate,Retail,Low,FR,1,0,0,0,0,0.0,13,23480.65,1806.2038461538464,1,1,0,0,0,9,FR,5.0,Medium,1,0,0.99651295,Critical,Compliance team intervention
1931,Clarke LLC,Financial Institution,Casino/Gambling,High,SG,0,0,0,0,0,0.0,23,266026.76,11566.380869565215,0,0,0,1,0,11,SG,0.0,Low,0,2,0.0044247448,Low Risk,No action required
1932,Fields Group,Corporate,Consulting,Low,DE,0,0,0,0,0,0.5,31,58310.64,1880.9883870967744,0,0,0,0,0,13,DE,5.0,Medium,1,0,0.99567944,Critical,Compliance team intervention
1933,Romero-Horn,Financial Institution,Import/Export,Medium,IR,0,0,1,1,0,0.0,31,53467.05,1724.7435483870966,0,0,0,1,0,12,IR,4.0,Medium,1,1,0.99051976,Critical,Compliance team intervention
1934,"Coffey, Hudson and Gomez",Financial Institution,Defense/Arms,High,UK,0,0,0,0,1,0.0,26,492033.69,18924.372692307694,0,0,0,1,0,9,UK,1.5,Low,0,2,0.0033160737,Low Risk,No action required
1935,"Jennings, Rose and Sharp",Corporate,Import/Export,Medium,KP,0,0,1,1,0,0.0,34,74929.47,2203.80794117647,0,0,1,3,0,12,KP,5.5,High,1,1,0.99217814,Critical,Compliance team intervention
1936,"Wilkins, Wells and Cunningham",Individual,Retail,Low,FR,0,0,0,0,0,0.0,24,56625.37,2359.3904166666666,0,0,0,0,0,11,FR,0.0,Low,0,0,0.0022937823,Low Risk,No action required
1937,Donovan-Nelson,Financial Institution,Import/Export,Medium,CH,0,0,0,0,0,0.0,23,54000.87,2347.8639130434785,0,0,0,0,0,12,CH,0.0,Low,0,1,0.0026763233,Low Risk,No action required
1938,Sandoval and Sons,NGO,Real Estate,Medium,IR,0,0,1,1,0,0.0,23,56087.740000000005,2438.597391304348,0,0,2,0,0,9,IR,7.0,High,1,1,0.9915378,Critical,Compliance team intervention
1939,"Miller, Barry and Quinn",NGO,Financial Services,Medium,SG,0,0,0,0,1,0.0,23,53602.44,2330.5408695652177,1,0,0,1,0,12,SG,3.5,Medium,1,1,0.9978999,Critical,Compliance team intervention
1940,Walsh-Smith,Individual,Import/Export,Medium,CA,0,0,0,0,0,0.0,25,40990.61,1639.6244,1,0,0,2,0,10,CA,2.0,Low,1,1,0.996902,Critical,Compliance team intervention
1941,"Grimes, Johnson and Miller",Corporate,Tech,Low,KP,0,0,1,1,0,0.0,31,74256.1,2395.358064516129,1,1,1,3,0,13,KP,7.5,High,1,0,0.9984528,Critical,Compliance team intervention
1942,Russo-Crawford,NGO,Energy/Oil,High,SY,0,0,0,1,1,0.0,17,57744.810000000005,3396.753529411765,1,0,0,1,0,11,SY,5.5,High,1,2,0.99864763,Critical,Compliance team intervention
1943,Johnson-Mclaughlin,Financial Institution,Energy/Oil,High,UK,0,0,0,0,1,0.0,35,316344.83,9038.423714285713,0,0,1,1,0,12,UK,3.0,Medium,0,2,0.003171763,Low Risk,No action required
1944,"Vasquez, Jackson and Robinson",Financial Institution,Defense/Arms,High,UK,1,0,0,0,1,0.0,24,221791.73,9241.322083333334,1,0,1,0,0,13,UK,8.0,High,1,2,0.9985966,Critical,Compliance team intervention
1945,Mccoy-Hunt,Financial Institution,Crypto Exchange,High,VE,0,0,0,1,0,0.0,25,76307.58,3052.3032000000003,0,0,0,2,0,12,VE,2.0,Low,0,2,0.0072443527,Low Risk,No action required
1946,Little and Sons,NGO,Defense/Arms,High,JP,0,0,0,0,1,0.0,21,246707.06,11747.955238095235,1,1,0,0,0,13,JP,3.5,Medium,1,2,0.9985019,Critical,Compliance team intervention
1947,Campbell Inc,Individual,NGO/Charity,High,SG,1,0,0,0,0,0.0,39,299563.74,7681.121538461538,1,0,1,1,0,13,SG,6.5,High,1,2,0.99810815,Critical,Compliance team intervention
1948,Hardy Group,Corporate,Import/Export,Medium,UK,0,0,0,0,0,0.0,22,44635.75,2028.8977272727277,0,0,0,2,0,11,UK,0.0,Low,0,1,0.0019210842,Low Risk,No action required
1949,Stevenson-Davis,Financial Institution,Real Estate,Medium,IR,0,0,1,1,0,0.0,24,52225.88,2176.0783333333334,0,0,0,3,0,13,IR,4.0,Medium,1,1,0.99443144,Critical,Compliance team intervention
1950,Franco-Coleman,NGO,Import/Export,Medium,LB,0,0,0,0,0,1.0,22,52393.27,2381.5122727272724,0,0,0,1,0,11,LB,10.0,High,1,1,0.9959369,Critical,Compliance team intervention
1951,Smith-Price,NGO,Real Estate,Medium,RU,0,0,0,1,0,0.0,30,63503.51,2116.7836666666667,0,0,0,0,0,12,RU,2.0,Low,0,1,0.0063360063,Low Risk,No action required
1952,Guerra-Brown,NGO,Crypto Exchange,High,UK,0,0,0,0,0,0.0,30,307488.24,10249.608,0,0,1,2,0,13,UK,1.5,Low,0,2,0.0044323257,Low Risk,No action required
1953,Benton-Frank,Financial Institution,Casino/Gambling,High,DE,0,0,0,0,0,0.0,22,146537.83,6660.810454545454,1,0,1,0,0,12,DE,3.5,Medium,1,2,0.998139,Critical,Compliance team intervention
1954,"Wallace, Mcgrath and Patrick",Individual,Real Estate,Medium,US,0,0,0,0,0,0.0,34,70817.95,2082.880882352941,0,0,0,3,0,14,US,0.0,Low,0,1,0.002836031,Low Risk,No action required
1955,"Graves, Lewis and Ruiz",Individual,Financial Services,Medium,LB,0,0,0,0,1,0.0,34,70297.43,2067.571470588235,0,0,0,1,0,12,LB,1.5,Low,0,1,0.0026294822,Low Risk,No action required
1956,Arias-Nunez,Financial Institution,Financial Services,Medium,UK,0,0,0,0,1,0.0,18,38000.23,2111.123888888889,0,0,0,0,0,11,UK,1.5,Low,0,1,0.0022382385,Low Risk,No action required
1957,"Nguyen, Benson and Anderson",NGO,Defense/Arms,High,IN,0,0,0,0,1,0.0,21,172096.46,8195.069523809523,0,0,0,0,0,9,IN,1.5,Low,0,2,0.0038481385,Low Risk,No action required
1958,"Kelley, Anderson and Cross",Corporate,Crypto Exchange,High,CN,0,0,0,0,0,0.0,21,141505.19999999998,6738.342857142857,1,0,0,2,0,11,CN,2.0,Low,1,2,0.99803704,Critical,Compliance team intervention
1959,Ray Group,Corporate,Retail,Low,KP,0,0,1,1,0,1.0,24,67507.65,2812.81875,1,1,0,2,0,12,KP,16.0,Critical,1,0,0.99873537,Critical,Compliance team intervention
1960,"Johnson, Blair and Munoz",NGO,Energy/Oil,High,AU,0,0,0,0,1,0.0,17,149732.22,8807.777647058823,1,1,0,0,0,11,AU,3.5,Medium,1,2,0.99810565,Critical,Compliance team intervention
1961,Rogers PLC,Financial Institution,NGO/Charity,High,RU,0,0,0,1,0,0.0,31,86855.52,2801.790967741936,0,0,0,3,0,11,RU,2.0,Low,0,2,0.0027854154,Low Risk,No action required
1962,"Scott, Smith and Walker",Corporate,Defense/Arms,High,CH,0,0,0,0,1,0.5,21,122152.89,5816.8042857142855,1,0,0,1,0,12,CH,8.5,High,1,2,0.9983209,Critical,Compliance team intervention
1963,Beltran-Hodges,Individual,Retail,Low,US,0,0,0,0,0,0.0,33,91418.11,2770.2457575757576,0,0,0,0,0,10,US,0.0,Low,0,0,0.0023018091,Low Risk,No action required
1964,Davis Ltd,Individual,Crypto Exchange,High,FR,0,0,0,0,0,0.0,27,252803.8,9363.103703703704,0,0,0,1,0,13,FR,0.0,Low,0,2,0.0045958306,Low Risk,No action required
1965,Conley Group,Corporate,Energy/Oil,High,UK,0,0,0,0,1,0.0,21,72688.62999999999,3461.363333333333,0,0,0,0,0,9,UK,1.5,Low,0,2,0.0030884042,Low Risk,No action required
1966,Stewart Group,Financial Institution,Consulting,Low,AU,0,0,0,0,0,0.0,19,56325.96,2964.5242105263155,0,0,1,0,0,10,AU,1.5,Low,0,0,0.0050019044,Low Risk,No action required
1967,Williams Ltd,Corporate,NGO/Charity,High,CN,0,0,0,0,0,0.0,30,292494.68,9749.822666666669,0,0,0,1,0,12,CN,0.0,Low,0,2,0.003258137,Low Risk,No action required
1968,Rodriguez-Smith,Financial Institution,Consulting,Low,FR,0,0,0,0,0,0.0,28,32236.18,1151.2921428571428,4,1,0,1,0,14,FR,8.0,High,1,0,0.9982691,Critical,Compliance team intervention
1969,Montoya-Hall,Individual,Consulting,Low,JP,0,0,0,0,0,0.0,27,70549.47,2612.943333333333,0,0,0,0,0,12,JP,0.0,Low,0,0,0.0024298886,Low Risk,No action required
1970,Cochran-Leblanc,Corporate,Consulting,Low,RU,0,0,0,1,0,0.5,26,50116.14,1927.543846153846,0,0,0,2,0,12,RU,7.0,High,1,0,0.9966275,Critical,Compliance team intervention
1971,Pena-Ramos,Corporate,Financial Services,Medium,VE,0,0,0,1,1,0.0,25,52714.03,2108.5612,0,0,1,1,0,11,VE,5.0,Medium,0,1,0.0077703535,Low Risk,No action required
1972,Jackson and Sons,Individual,Casino/Gambling,High,US,0,0,0,0,0,0.0,27,88137.95999999999,3264.3688888888887,0,0,1,3,0,13,US,1.5,Low,0,2,0.002958644,Low Risk,No action required
1973,Brewer and Sons,Individual,Crypto Exchange,High,CN,0,0,0,0,0,0.0,29,202314.54,6976.363448275863,0,0,0,1,0,11,CN,0.0,Low,0,2,0.0031781497,Low Risk,No action required
1974,"Evans, Knox and Hall",Financial Institution,Casino/Gambling,High,FR,0,0,0,0,0,0.0,23,103682.11,4507.917826086957,1,0,0,1,0,12,FR,2.0,Low,1,2,0.99815613,Critical,Compliance team intervention
1975,Jimenez Group,Corporate,Casino/Gambling,High,IN,0,0,0,0,0,0.5,32,61435.9,1919.871875,1,0,0,2,0,12,IN,7.0,High,1,2,0.9982614,Critical,Compliance team intervention
1976,Johnson Inc,Individual,Energy/Oil,High,IN,0,0,0,0,1,0.0,22,318342.11,14470.09590909091,0,0,0,1,0,11,IN,1.5,Low,0,2,0.00425815,Low Risk,No action required
1977,Byrd-Mcdonald,NGO,Energy/Oil,High,VE,0,0,0,1,1,0.0,31,171698.65,5538.666129032258,2,0,0,2,0,14,VE,7.5,High,1,2,0.99810326,Critical,Compliance team intervention
1978,"Taylor, Reynolds and Yoder",NGO,Consulting,Low,CN,0,0,0,0,0,0.0,26,39977.22,1537.5853846153846,1,0,0,1,0,13,CN,2.0,Low,1,0,0.9985796,Critical,Compliance team intervention
1979,Crawford and Sons,Financial Institution,Crypto Exchange,High,VE,0,0,0,1,0,0.0,26,126519.7,4866.142307692307,0,0,0,2,0,13,VE,2.0,Low,0,2,0.005247847,Low Risk,No action required
1980,Vazquez-Schmidt,NGO,Financial Services,Medium,AU,0,0,0,0,1,0.0,27,58914.86,2182.031851851852,0,0,0,0,0,13,AU,1.5,Low,0,1,0.0033546982,Low Risk,No action required
1981,Greer-Clements,Individual,NGO/Charity,High,AF,0,0,0,0,0,0.0,20,62391.810000000005,3119.5905,0,0,0,1,0,10,AF,0.0,Low,0,2,0.003054841,Low Risk,No action required
1982,Perkins PLC,NGO,Import/Export,Medium,UK,0,0,0,0,0,0.0,19,35633.41,1875.442631578948,1,1,1,1,0,13,UK,3.5,Medium,1,1,0.998473,Critical,Compliance team intervention
1983,"Walters, Baker and Frank",Individual,Financial Services,Medium,SY,0,0,0,1,1,0.0,22,39628.88,1801.3127272727272,1,0,0,1,0,13,SY,5.5,High,1,1,0.9987489,Critical,Compliance team intervention
1984,Moore-Mcneil,Financial Institution,Casino/Gambling,High,CN,0,0,0,0,0,0.0,21,142497.41999999998,6785.591428571428,0,0,0,1,0,9,CN,0.0,Low,0,2,0.0038445482,Low Risk,No action required
1985,Simon-Smith,NGO,Real Estate,Medium,FR,0,0,0,0,0,0.5,24,46828.62,1951.1925,1,0,0,0,0,10,FR,7.0,High,1,1,0.9979037,Critical,Compliance team intervention
1986,White-Williams,Corporate,Energy/Oil,High,NL,0,0,0,0,1,1.0,28,174034.31,6215.511071428571,2,1,0,1,0,15,NL,15.5,Critical,1,2,0.99852306,Critical,Compliance team intervention
1987,Powers Inc,Individual,Crypto Exchange,High,KP,0,0,1,1,0,0.0,26,301086.97,11580.268076923076,1,0,1,0,0,14,KP,7.5,High,1,2,0.99876463,Critical,Compliance team intervention
1988,"Larson, Poole and Aguirre",Corporate,Retail,Low,CA,0,0,0,0,0,0.0,19,26163.11,1377.0057894736842,0,0,0,0,0,12,CA,0.0,Low,0,0,0.0020479846,Low Risk,No action required
1989,Hughes and Sons,Corporate,Consulting,Low,NL,0,0,0,0,0,0.0,30,53399.64,1779.988,0,0,0,1,0,14,NL,0.0,Low,0,0,0.0031238045,Low Risk,No action required
1990,Goodwin-Ruiz,Individual,Crypto Exchange,High,DE,0,0,0,0,0,0.0,25,43954.99,1758.1996,0,0,0,3,0,12,DE,0.0,Low,0,2,0.0029399558,Low Risk,No action required
1991,Roman PLC,Corporate,Financial Services,Medium,CA,1,0,0,0,1,0.0,34,105810.84,3112.083529411765,0,0,1,6,0,14,CA,6.0,High,1,1,0.9860999,Critical,Compliance team intervention
1992,Yang PLC,Corporate,Casino/Gambling,High,AF,0,0,0,0,0,0.0,25,95069.49,3802.7796,1,1,0,1,0,13,AF,2.0,Low,1,2,0.9986576,Critical,Compliance team intervention
1993,Houston-Cross,NGO,Energy/Oil,High,VE,0,0,0,1,1,0.5,27,299575.16,11095.376296296296,0,0,1,3,0,10,VE,10.0,High,1,2,0.9960217,Critical,Compliance team intervention
1994,Le PLC,NGO,Defense/Arms,High,SG,0,0,0,0,1,0.0,18,46248.74,2569.374444444444,0,0,0,0,0,10,SG,1.5,Low,0,2,0.0013636657,Low Risk,No action required
1995,Johnson Inc,Individual,NGO/Charity,High,CN,0,0,0,0,0,0.0,28,141962.02,5070.072142857142,0,0,0,1,0,12,CN,0.0,Low,0,2,0.0022397926,Low Risk,No action required
1996,Thomas-Proctor,NGO,Crypto Exchange,High,SY,0,0,0,1,0,0.0,30,155965.31,5198.843666666667,2,1,0,2,0,14,SY,6.0,High,1,2,0.9981469,Critical,Compliance team intervention
1997,"Gibbs, Hardin and Torres",Corporate,Crypto Exchange,High,SY,0,0,0,1,0,0.0,27,80417.33,2978.419629629629,1,0,0,1,0,13,SY,4.0,Medium,1,2,0.9983334,Critical,Compliance team intervention
1998,Bell LLC,Individual,Retail,Low,AF,0,0,0,0,0,0.0,21,86962.37,4141.065238095238,0,0,0,0,0,11,AF,0.0,Low,0,0,0.0058524264,Low Risk,No action required
1999,"Davis, Romero and Hancock",Individual,Crypto Exchange,High,JP,0,0,0,0,0,0.0,23,185571.55,8068.328260869566,1,0,1,1,0,8,JP,3.5,Medium,1,2,0.99794406,Critical,Compliance team intervention
2000,Booth-Wilson,NGO,Import/Export,Medium,DE,0,0,0,0,0,1.0,19,44357.11,2334.584736842105,0,0,1,1,0,10,DE,11.5,Critical,1,1,0.9952893,Critical,Compliance team intervention
